Steer;Driving
0.0222427;0
0.0222427;0
0.0222427;0
0.0222427;0
0.0222427;0
0.0222427;0
0.0222427;0
0.0222427;0
0.0222427;0
0.0222427;0
0.0222427;0
0.0222427;0
0.0222427;0
0.0222427;0
0.0222427;0
0.0222427;0
0.0222427;0
0.0222427;0
0.0222427;0
0.0222427;0
0.0222427;0
0.0222427;0
0.0222427;0
0.0222427;0
0.0222427;0
0.0222427;0
0.0222427;0
0.0222427;0
0.0222427;0
0.0222427;0
0.0222427;0
0.0222427;0
0.0222427;0
0.0222427;0
0.0222427;0
0.0222427;0
0.0222427;0
0.0222427;0
0.0222427;0
0.0222427;0
0.0222427;0
0.0222427;0
0.0222427;0
0.0222427;0.0106141
0.0222427;0
0.0222427;0
0.0222427;0.0106141
0.0222427;0.0106141
0.0222427;0
0.0222427;0
0.0222427;0
0.0222427;0.0212282
0.0222427;0
0.0222427;0.0106141
0.0222427;0.0106141
0.0222427;0
0.0222427;0
0.0222427;0
0.0222427;0
0.0222427;0
0.0222427;0.0106141
0.0222427;0.0106141
0.0222427;0
0.0222427;0
0.0222427;0
0.0222427;0
0.0227029;0
0.0245437;0
0.0257709;0
0.0265379;0
0.0274583;0
0.0296058;0.0106141
0.0305262;0
0.0317534;0
0.033134;0.0106141
0.0343612;0
0.0371223;0.0106141
0.0391165;0
0.0418777;0
0.0486272;0.0212282
0.0515418;0
0.0605922;0.0212282
0.0641204;0.0106141
0.0668816;0
0.0701029;0
0.0740913;0.0106141
0.075932;0
0.078233;0.0106141
0.0808408;0
0.082068;0.0106141
0.0849825;0.0212282
0.0874369;0.0212282
0.0892777;0
0.0906583;0.0106141
0.0915787;0.0106141
0.0928058;0
0.0941864;0.0106141
0.0952602;0.0106141
0.0964874;0.0106141
0.0980214;0.0212282
0.0992486;0.0106141
0.0992486;0
0.100322;0.0212282
0.100476;0
0.100629;0
0.100629;0
0.100936;0.0212282
0.101089;0
0.101089;0.0106141
0.101089;0.0106141
0.101089;0.0106141
0.101089;0.0106141
0.101089;0.0106141
0.101089;0.0106141
0.101089;0
0.101089;0.0106141
0.101089;0
0.101089;0
0.101089;0.0212282
0.101089;0.0106141
0.101243;0.0212282
0.101243;0.0106141
0.101243;0
0.101243;0.0106141
0.101243;0.0106141
0.101243;0
0.101243;0.0212282
0.101243;0.0212282
0.101243;0.0106141
0.101243;0.0106141
0.101243;0
0.101243;0
0.101243;0.0106141
0.101243;0
0.101243;0.0212282
0.101243;0
0.101243;0.0212282
0.101243;0.0106141
0.101243;0.0106141
0.101243;0
0.101243;0.0106141
0.101243;0.0106141
0.101243;0
0.101243;0.0106141
0.101243;0.0106141
0.101243;0.0212282
0.101396;0
0.101396;0.0212282
0.101396;0.0106141
0.101396;0.0106141
0.101396;0
0.101396;0.0212282
0.101396;0.0106141
0.101396;0.0212282
0.101396;0.0212282
0.101396;0.0106141
0.101396;0
0.101396;0.0106141
0.101396;0.0106141
0.100936;0
0.100322;0.0106141
0.0998621;0.0106141
0.099402;0.0212282
0.0984816;0.0106141
0.0972544;0.0212282
0.0964874;0.0106141
0.0957204;0
0.0934194;0.0106141
0.0918854;0
0.0886641;0.0106141
0.0862097;0.0106141
0.0829884;0.0106141
0.0748583;0.0212282
0.0713301;0.0106141
0.0607456;0.0212282
0.0529223;0.0106141
0.0460194;0
0.0388097;0.0106141
0.0329806;0
0.0254641;0.0106141
0.0161068;0.0106141
0.00398835;0.0212282
0.0119651;0.0106141
0.00214757;0.0212282
-0.000613592;0
-0.00536893;0
-0.0125786;0.0212282
-0.0170272;0.0106141
-0.0211689;0.0106141
-0.0239301;0
-0.0276117;0.0106141
-0.0305262;0
-0.035435;0.0212282
-0.0374291;0.0106141
-0.0401903;0.0212282
-0.0417243;0
-0.0424913;0.0106141
-0.0432583;0.0106141
-0.0440252;0
-0.0446388;0.0106141
-0.0449456;0.0106141
-0.0454058;0
-0.0457126;0.0106141
-0.045866;0.0106141
-0.0463262;0.0106141
-0.0467864;0.0212282
-0.0470932;0
-0.0475534;0.0106141
-0.0478602;0.0106141
-0.048167;0
-0.048167;0
-0.0484738;0.0212282
-0.049701;0.0212282
-0.0498544;0.0106141
-0.0521553;0.0212282
-0.0526155;0.0106141
-0.0532291;0
-0.0539961;0.0106141
-0.0547631;0
-0.0552233;0.0106141
-0.0556835;0.0106141
-0.0562971;0.0212282
-0.0564505;0.0106141
-0.0573709;0.0212282
-0.0576777;0.0106141
-0.0579845;0.0106141
-0.0581379;0
-0.0587515;0.0106141
-0.0592117;0.0106141
-0.0595185;0.0106141
-0.0599786;0.0106141
-0.0602854;0
-0.060899;0.0106141
-0.061666;0.0212282
-0.0622796;0.0106141
-0.0622796;0.0106141
-0.0622796;0.0106141
-0.0625864;0
-0.0627398;0.0212282
-0.0627398;0.0106141
-0.0627398;0.0212282
-0.0627398;0.0212282
-0.0627398;0.0106141
-0.0627398;0.0106141
-0.0627398;0.0106141
-0.0627398;0.0106141
-0.0627398;0.0106141
-0.0627398;0.0106141
-0.0627398;0.0212282
-0.0627398;0.0106141
-0.0627398;0
-0.0627398;0.0106141
-0.0627398;0.0106141
-0.0628932;0.0318423
-0.0632;0
-0.0635068;0
-0.0641204;0.0212282
-0.0644272;0.0106141
-0.0650408;0.0106141
-0.0651942;0
-0.0658078;0.0106141
-0.0658078;0
-0.0667282;0.0530705
-0.0668816;0
-0.0676486;0.0212282
-0.0681087;0
-0.0690291;0.0212282
-0.0697961;0.0106141
-0.0705631;0.0106141
-0.0716369;0.0212282
-0.0724039;0.0106141
-0.0736311;0.0212282
-0.0740913;0.0106141
-0.0743981;0
-0.0751651;0.0212282
-0.075932;0.0106141
-0.0765456;0.0106141
-0.0773126;0.0106141
-0.0780796;0.0106141
-0.079767;0.0212282
-0.080534;0.0106141
-0.0817612;0.0106141
-0.0829884;0.0106141
-0.0852893;0.0212282
-0.0868233;0.0106141
-0.0875903;0.0106141
-0.0895845;0.0106141
-0.0905049;0.0106141
-0.0931126;0.0212282
-0.0941864;0.0106141
-0.0958738;0.0212282
-0.0964874;0.0106141
-0.0974078;0.0106141
-0.0983282;0
-0.0987884;0
-0.0992486;0.0106141
-0.100016;0.0106141
-0.101243;0.0106141
-0.102317;0.0106141
-0.105078;0.0212282
-0.106612;0.0106141
-0.108606;0.0106141
-0.109373;0
-0.11152;0.0106141
-0.112748;0.0106141
-0.114128;0
-0.115816;0.0106141
-0.11735;0.0106141
-0.120724;0.0212282
-0.121951;0
-0.125173;0.0212282
-0.126707;0.0106141
-0.128241;0.0106141
-0.130082;0.0106141
-0.131769;0.0106141
-0.134837;0.0212282
-0.135757;0.0106141
-0.138672;0.0212282
-0.139746;0.0212282
-0.140513;0
-0.14174;0.0212282
-0.142353;0.0106141
-0.143274;0.0106141
-0.143427;0
-0.144348;0.0106141
-0.145268;0.0212282
-0.146495;0.0106141
-0.147416;0.0318423
-0.148029;0.0106141
-0.148336;0.0106141
-0.148643;0.0106141
-0.14895;0
-0.149256;0.0106141
-0.149717;0.0106141
-0.14987;0.0106141
-0.14987;0
-0.150023;0.0106141
-0.150637;0.0212282
-0.151557;0.0212282
-0.151864;0.0106141
-0.152631;0.0106141
-0.153091;0.0106141
-0.153398;0.0106141
-0.153858;0.0106141
-0.154012;0.0106141
-0.154472;0.0106141
-0.154932;0.0106141
-0.155392;0.0212282
-0.155699;0.0106141
-0.155852;0.0212282
-0.156159;0
-0.156159;0.0106141
-0.156159;0.0106141
-0.156159;0.0106141
-0.156313;0
-0.156313;0.0318423
-0.156313;0
-0.156313;0.0212282
-0.156313;0.0106141
-0.156313;0.0106141
-0.156313;0
-0.156313;0.0106141
-0.156313;0.0106141
-0.156313;0.0106141
-0.156313;0.0212282
-0.156313;0.0212282
-0.156313;0.0106141
-0.156313;0
-0.156313;0.0106141
-0.156313;0.0106141
-0.156313;0.0106141
-0.156619;0.0106141
-0.156773;0.0106141
-0.157233;0.0106141
-0.158;0.0318423
-0.158153;0.0106141
-0.15846;0.0106141
-0.158767;0.0106141
-0.159381;0.0106141
-0.159687;0.0106141
-0.161068;0.0212282
-0.161682;0.0106141
-0.163369;0.0212282
-0.163983;0.0106141
-0.165056;0.0106141
-0.165977;0.0106141
-0.166897;0.0106141
-0.166897;0
-0.168124;0.0212282
-0.169198;0.0212282
-0.169505;0
-0.170272;0.0318423
-0.170579;0.0106141
-0.171039;0.0106141
-0.171192;0.0106141
-0.171346;0.0106141
-0.171499;0.0106141
-0.171806;0.0106141
-0.171959;0.0106141
-0.171959;0.0106141
-0.171959;0.0212282
-0.171959;0.0106141
-0.172113;0.0212282
-0.172113;0.0212282
-0.172113;0.0106141
-0.172113;0.0106141
-0.172113;0.0106141
-0.172113;0.0106141
-0.172113;0
-0.172113;0.0212282
-0.172113;0.0106141
-0.172113;0
-0.172113;0.0318423
-0.172113;0.0106141
-0.172113;0.0106141
-0.172113;0.0106141
-0.172113;0.0106141
-0.172113;0.0106141
-0.172113;0.0318423
-0.172113;0.0106141
-0.172113;0.0212282
-0.172113;0.0106141
-0.172113;0.0212282
-0.172113;0
-0.172113;0.0106141
-0.172113;0.0106141
-0.172113;0
-0.172113;0.0106141
-0.172113;0.0212282
-0.172113;0.0212282
-0.172113;0
-0.172113;0.0106141
-0.172113;0.0106141
-0.172113;0.0106141
-0.172113;0.0106141
-0.172113;0.0106141
-0.172113;0.0106141
-0.172113;0.0212282
-0.172113;0.0106141
-0.172113;0.0106141
-0.172113;0.0212282
-0.172113;0.0106141
-0.172113;0.0106141
-0.172113;0.0106141
-0.172113;0.0106141
-0.172113;0.0106141
-0.172113;0
-0.172113;0.0106141
-0.172113;0.0318423
-0.172113;0.0212282
-0.172113;0.0106141
-0.172113;0.0106141
-0.172113;0.0106141
-0.172113;0.0106141
-0.172113;0
-0.172113;0.0212282
-0.172113;0.0106141
-0.172113;0.0212282
-0.172113;0.0106141
-0.172113;0.0106141
-0.172113;0.0106141
-0.172113;0
-0.172113;0.0106141
-0.172113;0
-0.172113;0.0212282
-0.172113;0.0212282
-0.172113;0.0106141
-0.172113;0.0212282
-0.172113;0.0106141
-0.172113;0
-0.172113;0
-0.172113;0.0106141
-0.172113;0.0106141
-0.172113;0.0106141
-0.172113;0.0212282
-0.172113;0.0106141
-0.172113;0
-0.172113;0.0106141
-0.172113;0.0106141
-0.172113;0.0106141
-0.172113;0
-0.172113;0.0318423
-0.172113;0
-0.172113;0.0212282
-0.172113;0.0106141
-0.172113;0.0106141
-0.172113;0.0106141
-0.172113;0.0106141
-0.172113;0
-0.172113;0.0318423
-0.172113;0.0106141
-0.172113;0.0424564
-0.172113;0.0106141
-0.172113;0
-0.172113;0.0106141
-0.172113;0.0212282
-0.172113;0
-0.172113;0
-0.172113;0.0212282
-0.172113;0.0106141
-0.172113;0.0106141
-0.172113;0.0106141
-0.172113;0.0106141
-0.172113;0.0106141
-0.172113;0.0212282
-0.172113;0
-0.172113;0.0212282
-0.172113;0.0212282
-0.172113;0.0106141
-0.172113;0.0212282
-0.172113;0
-0.172113;0
-0.172113;0.0318423
-0.172113;0
-0.172113;0.0212282
-0.172113;0.0212282
-0.172113;0.0212282
-0.172113;0
-0.172113;0.0318423
-0.172113;0
-0.172113;0.0212282
-0.172113;0
-0.172113;0.0212282
-0.172113;0
-0.172113;0
-0.172113;0
-0.172113;0.0530705
-0.172113;0.0106141
-0.172113;0.0212282
-0.172113;0.0106141
-0.172113;0.0212282
-0.172113;0
-0.172113;0
-0.172113;0.0212282
-0.172113;0
-0.172113;0
-0.172113;0
-0.172113;0.0318423
-0.172113;0.0424564
-0.172113;0
-0.172113;0
-0.172113;0.0424564
-0.172113;0
-0.172113;0.0106141
-0.172113;0.0106141
-0.172113;0.0106141
-0.172113;0.0106141
-0.172113;0
-0.172113;0.0318423
-0.172113;0.0106141
-0.172113;0
-0.172113;0.0212282
-0.172113;0.0212282
-0.172113;0.0106141
-0.172113;0.0106141
-0.172113;0.0318423
-0.172113;0.0106141
-0.172113;0
-0.172113;0
-0.172113;0
-0.172113;0
-0.172113;-0.0530705
-0.172113;0
-0.172113;0.0212282
-0.172113;0
-0.172113;0
-0.172113;0
-0.172113;0
-0.172113;0
-0.172113;0
-0.172113;0
-0.172113;0
-0.172113;0
-0.172113;-0.0106141
-0.172113;0
-0.172113;0.0212282
-0.172113;0
-0.172113;0.0530705
-0.172113;0.0318423
-0.172113;0.0106141
-0.172113;0.0106141
-0.172113;0.0106141
-0.172113;0.0106141
-0.172113;0.0106141
-0.172113;0.0106141
-0.172113;0.0106141
-0.172113;0.0106141
-0.172113;0.0106141
-0.172113;0.0212282
-0.172113;0
-0.172113;0.0106141
-0.172113;0.0106141
-0.172113;0.0106141
-0.172113;0
-0.172113;0.0212282
-0.172113;0.0106141
-0.172113;0.0106141
-0.172113;0.0106141
-0.172113;0
-0.172113;0.0530705
-0.172113;0.0106141
-0.172113;0
-0.172113;0.0318423
-0.172113;0.0106141
-0.172113;0.0106141
-0.172113;0.0106141
-0.172113;0.0106141
-0.172113;0.0106141
-0.172113;0.0106141
-0.172113;0.0106141
-0.172113;0.0106141
-0.172113;0
-0.171499;0.0212282
-0.170425;0.0212282
-0.169045;0.0106141
-0.165977;0.0212282
-0.164443;0.0106141
-0.161682;0.0212282
-0.159687;0.0106141
-0.15892;0
-0.15708;0.0212282
-0.156159;0.0106141
-0.154932;0.0212282
-0.154318;0.0106141
-0.154318;0
-0.153398;0.0106141
-0.152324;0.0106141
-0.152171;0.0106141
-0.151557;0.0106141
-0.151557;0.0212282
-0.151251;0.0106141
-0.151251;0.0106141
-0.151097;0.0106141
-0.151097;0.0106141
-0.150944;0
-0.150944;0.0106141
-0.150944;0.0318423
-0.150944;0.0106141
-0.150944;0.0212282
-0.150944;0
-0.150944;0.0106141
-0.150944;0.0106141
-0.150023;0.0318423
-0.149717;0.0106141
-0.149256;0.0212282
-0.149103;0
-0.148796;0.0318423
-0.148643;0.0106141
-0.148183;0.0106141
-0.147722;0
-0.146802;0
-0.146342;0.0212282
-0.145268;0.0106141
-0.14266;0.0318423
-0.142047;0
-0.142047;0.0106141
-0.138825;0
-0.136524;0.0318423
-0.135297;0.0212282
-0.13361;0.0106141
-0.132689;0.0106141
-0.127934;0.0318423
-0.127934;0
-0.121338;0.0212282
-0.118117;0.0318423
-0.116276;0.0106141
-0.114435;0
-0.110753;0.0106141
-0.107839;0.0106141
-0.106151;0.0106141
-0.101089;0.0106141
-0.101089;0
-0.0903515;0.0318423
-0.0799204;0.0318423
-0.0747049;0.0106141
-0.0704097;0
-0.0653476;0.0106141
-0.0547631;0.0106141
-0.0492408;0
-0.0400369;0.0106141
-0.029299;0.0212282
-0.0164136;0.0212282
-0.0121184;0
-0.0076699;0
-0.0076699;0.0106141
-0.00107379;0
0.00720971;0.0106141
0.0131922;0.0106141
0.00966408;0.0212282
0.0147262;0.0212282
0.0164136;0.0106141
0.0246971;0.0212282
0.0266913;0.0106141
0.0302194;0.0106141
0.0317534;0.0106141
0.0337476;0.0106141
0.0355884;0.0106141
0.0365087;0
0.0374291;0
0.0431049;0.0424564
0.0444854;0.0106141
0.046633;0.0212282
0.0475534;0.0106141
0.0478602;0
0.0480136;0.0106141
0.048167;0.0106141
0.048167;0.0106141
0.048167;0.0212282
0.048167;0
0.048167;0.0424564
0.048167;0.0106141
0.048167;0
0.048167;0.0212282
0.048167;0.0106141
0.048167;0
0.048167;0.0106141
0.048167;0.0106141
0.048167;0.0106141
0.048167;0.0318423
0.048167;0.0106141
0.048167;0.0212282
0.048167;0.0106141
0.048167;0.0212282
0.048167;0.0106141
0.048167;0.0106141
0.048167;0
0.048167;0
0.048167;0.0212282
0.048167;0.0318423
0.048167;0
0.048167;0.0318423
0.048167;0.0106141
0.0484738;0.0106141
0.048934;0.0106141
0.0492408;0
0.0500078;0.0106141
0.0500078;0.0106141
0.0509282;0.0212282
0.0515418;0.0106141
0.0515418;0
0.0523087;0.0106141
0.0533825;0.0318423
0.0539961;0.0106141
0.0547631;0.0106141
0.0552233;0.0106141
0.0555301;0
0.0564505;0.0212282
0.0573709;0.0212282
0.0581379;0.0106141
0.0607456;0.0318423
0.0612058;0
0.0622796;0.0106141
0.0635068;0.0106141
0.063967;0.0106141
0.0644272;0.0106141
0.065501;0.0106141
0.0665748;0.0106141
0.0673418;0.0106141
0.0673418;0.0106141
0.0697961;0.0212282
0.0716369;0.0212282
0.0727107;0.0106141
0.0733243;0
0.0754719;0.0212282
0.0768524;0.0106141
0.078233;0.0106141
0.0794602;0.0106141
0.0817612;0.0318423
0.0819146;0
0.0832952;0.0106141
0.0839087;0.0106141
0.0839087;0
0.0851359;0.0318423
0.0886641;0.0106141
0.0901981;0.0106141
0.0908117;0.0106141
0.0921922;0.0424564
0.0938796;0
0.094033;0.0106141
0.0941864;0.0106141
0.0941864;0.0106141
0.0941864;0.0212282
0.0941864;0
0.0941864;0.0318423
0.0941864;0.0318423
0.0941864;0.0106141
0.0941864;0.0106141
0.0941864;0
0.0941864;0.0106141
0.0941864;0.0212282
0.0941864;0.0106141
0.0941864;0.0424564
0.0941864;0
0.0941864;0.0106141
0.0941864;0.0106141
0.0941864;0.0106141
0.0941864;0.0106141
0.0941864;0
0.0941864;0
0.0941864;0.0318423
0.0941864;0.0106141
0.0941864;0
0.0941864;0
0.0941864;0.0318423
0.0941864;0
0.0941864;0.0318423
0.0941864;0
0.0941864;0.0106141
0.0941864;0.0106141
0.0941864;0.0106141
0.0941864;0.0212282
0.0941864;0.0106141
0.0941864;0.0212282
0.0941864;0
0.0941864;0.0212282
0.0941864;0.0212282
0.0941864;0.0106141
0.0941864;0.0106141
0.0941864;0.0106141
0.0941864;0.0106141
0.0941864;0
0.0941864;0.0106141
0.0941864;0.0212282
0.0941864;0.0106141
0.0941864;0.0106141
0.0943398;0
0.0943398;0.0318423
0.0943398;0.0106141
0.0943398;0
0.0943398;0.0212282
0.0943398;0.0106141
0.0943398;0.0318423
0.0943398;0.0106141
0.0943398;0
0.0943398;0
0.0943398;0
0.0943398;0
0.0943398;0.0424564
0.0943398;0
0.0943398;0
0.0943398;0.0636846
0.0943398;0.0212282
0.0943398;0
0.0943398;0
0.0943398;0
0.0943398;0.0636846
0.0943398;0
0.0943398;0
0.0943398;0.0318423
0.0943398;0.0212282
0.0943398;0
0.0943398;0
0.0943398;0.0318423
0.0943398;0
0.0943398;0
0.0943398;0.0530705
0.0943398;0
0.0943398;0
0.0943398;0.0530705
0.0943398;0
0.0943398;0
0.0943398;0
0.0943398;0.0530705
0.0943398;0.0212282
0.0943398;0
0.0943398;0.0212282
0.0943398;0
0.0943398;0.0212282
0.0943398;0
0.0943398;0.0424564
0.0943398;0
0.0943398;0.0318423
0.0943398;0
0.0943398;0
0.0943398;0.0318423
0.0943398;0
0.0943398;0
0.0943398;0
0.0943398;0.0424564
0.0943398;0
0.0943398;0
0.0943398;0
0.0943398;-0.0530705
0.0943398;0
0.0943398;0.0318423
0.0943398;0.0106141
0.0943398;0.0106141
0.0943398;0.0212282
0.0943398;0
0.0943398;0.0318423
0.0943398;0
0.0943398;0.0106141
0.0943398;0.0212282
0.0943398;0
0.0943398;0
0.0943398;0.0318423
0.0943398;0
0.0943398;0.0212282
0.0943398;0
0.0943398;0
0.0943398;0
0.0943398;0.0424564
0.0943398;0.0212282
0.0943398;0
0.0943398;0.0212282
0.0943398;0.0106141
0.0943398;0.0318423
0.0943398;0.0106141
0.0943398;0.0106141
0.0943398;0
0.0943398;0
0.0943398;0.0212282
0.0943398;0.0106141
0.0943398;0.0106141
0.0943398;0
0.0943398;0.0318423
0.0943398;0
0.0944932;0.0106141
0.0949534;0.0212282
0.0949534;0.0106141
0.0949534;0.0106141
0.0951068;0.0318423
0.095567;0.0106141
0.0961806;0.0212282
0.0966408;0.0106141
0.0975612;0.0106141
0.0981748;0.0106141
0.0995554;0.0106141
0.0997088;0
0.101089;0
0.102163;0.0318423
0.10339;0.0106141
0.104617;0.0212282
0.104771;0
0.104771;0.0212282
0.107225;0.0106141
0.107685;0.0106141
0.108452;0.0106141
0.108452;0
0.109986;0.0318423
0.11106;0.0212282
0.11152;0
0.11152;0
0.11152;0
0.112441;0
0.113208;0.0424564
0.113975;0.0106141
0.114588;0.0212282
0.115202;0.0106141
0.116276;0.0106141
0.11873;0.0212282
0.120264;0.0106141
0.122105;0
0.124099;0.0106141
0.12686;0.0106141
0.128241;0.0106141
0.132536;0.0212282
0.135144;0.0106141
0.138825;0.0212282
0.140666;0.0106141
0.142047;0.0106141
0.143734;0
0.144501;0.0106141
0.146649;0.0106141
0.147416;0
0.147416;0.0106141
0.149103;0.0106141
0.151097;0.0106141
0.152171;0.0106141
0.154625;0.0318423
0.155852;0
0.157386;0.0106141
0.15846;0.0106141
0.160148;0.0212282
0.161221;0
0.162909;0.0212282
0.163983;0
0.16613;0.0212282
0.166744;0.0106141
0.168278;0.0212282
0.168738;0.0106141
0.169045;0.0106141
0.169505;0.0106141
0.169812;0.0106141
0.169812;0
0.169965;0.0106141
0.169965;0
0.169965;0.0106141
0.169965;0
0.169965;0.0318423
0.169965;0
0.169965;0.0106141
0.169965;0.0106141
0.169965;0.0106141
0.169965;0
0.169965;0.0106141
0.169965;0.0212282
0.170118;0.0212282
0.170118;0.0212282
0.170118;0
0.170118;0.0106141
0.170118;0.0106141
0.170118;0.0106141
0.170118;0
0.170118;0.0212282
0.170118;0
0.170118;0.0318423
0.170118;0.0106141
0.170118;0.0212282
0.170118;0.0212282
0.170118;0.0106141
0.170118;0.0106141
0.170118;0.0106141
0.170118;0.0106141
0.170118;0.0106141
0.170118;0
0.170118;0.0318423
0.170118;0.0106141
0.170118;0.0212282
0.170118;0.0106141
0.170118;0.0106141
0.170118;0.0106141
0.170118;0.0106141
0.170118;0.0106141
0.170118;0.0106141
0.170118;0.0106141
0.170118;0.0106141
0.170118;0.0106141
0.170118;0.0212282
0.170118;0.0106141
0.170118;0.0318423
0.170118;0.0106141
0.170118;0.0106141
0.170118;0.0106141
0.170118;0.0106141
0.170118;0.0106141
0.170118;0.0106141
0.170118;0.0106141
0.170118;0.0318423
0.170118;0.0212282
0.170118;0.0106141
0.170118;0.0106141
0.170118;0.0106141
0.170118;0.0106141
0.170118;0.0106141
0.170118;0.0212282
0.170118;0.0212282
0.170118;0.0106141
0.170118;0.0106141
0.170118;0.0106141
0.170118;0.0106141
0.170118;0.0106141
0.170118;0.0106141
0.170118;0.0106141
0.170272;0.0106141
0.170579;0.0106141
0.170885;0.0106141
0.171039;0.0106141
0.171346;0.0318423
0.171346;0.0106141
0.171499;0.0106141
0.171499;0.0212282
0.171499;0.0106141
0.172113;0.0212282
0.172266;0.0106141
0.172266;0
0.172726;0.0212282
0.17288;0.0106141
0.17426;0.0106141
0.174567;0.0106141
0.175181;0.0106141
0.176408;0.0212282
0.176868;0.0106141
0.177942;0.0318423
0.178249;0.0106141
0.178555;0.0106141
0.179169;0.0106141
0.179783;0.0106141
0.18101;0.0212282
0.18147;0.0212282
0.182084;0.0212282
0.18239;0.0106141
0.182697;0.0106141
0.183004;0.0212282
0.183157;0.0106141
0.183464;0.0106141
0.183618;0.0106141
0.184078;0.0212282
0.184231;0.0106141
0.184538;0.0212282
0.184845;0.0106141
0.185151;0.0106141
0.185151;0
0.186072;0.0212282
0.186685;0
0.187146;0.0212282
0.187606;0.0106141
0.188219;0.0212282
0.188373;0.0106141
0.188373;0.0212282
0.188373;0.0106141
0.188373;0.0106141
0.188373;0.0212282
0.188373;0
0.188373;0
0.188373;0.0106141
0.188373;0.0530705
0.188373;0.0106141
0.188833;0.0212282
0.188986;0.0106141
0.18914;0.0106141
0.189447;0.0106141
0.189753;0.0106141
0.19006;0.0106141
0.190214;0.0106141
0.19052;0.0106141
0.19052;0
0.19052;0
0.190981;0.0530705
0.190981;0
0.191134;0.0106141
0.191287;0.0106141
0.191287;0
0.191287;0
0.191287;0.0318423
0.191287;0.0106141
0.191287;0.0212282
0.191287;0.0106141
0.191287;0.0212282
0.191287;0
0.191287;0.0212282
0.191287;0.0106141
0.191287;0.0106141
0.191287;0
0.191287;0.0212282
0.191287;0.0106141
0.191287;0.0106141
0.191594;0.0212282
0.191901;0.0106141
0.192361;0.0212282
0.192668;0.0106141
0.192821;0.0106141
0.192975;0
0.193128;0.0106141
0.193128;0.0212282
0.193128;0.0106141
0.193282;0.0106141
0.193282;0.0106141
0.193282;0.0106141
0.193282;0.0106141
0.193435;0.0106141
0.193435;0.0212282
0.193435;0.0106141
0.193435;0.0106141
0.193435;0
0.193435;0.0106141
0.193742;0.0318423
0.193742;0.0106141
0.194509;0.0106141
0.194509;0.0106141
0.194816;0.0212282
0.194969;0
0.195122;0.0106141
0.195276;0.0106141
0.195736;0.0106141
0.196043;0.0318423
0.19681;0.0106141
0.197117;0.0212282
0.197577;0
0.198344;0.0212282
0.198804;0.0106141
0.198957;0.0106141
0.199264;0.0106141
0.199571;0.0106141
0.200184;0.0106141
0.200491;0.0106141
0.201105;0.0212282
0.201872;0.0106141
0.201872;0
0.201872;0
0.202639;0.0106141
0.202946;0.0424564
0.202946;0
0.202946;0
0.203099;0.0318423
0.203252;0.0212282
0.203252;0.0106141
0.203252;0.0106141
0.203406;0
0.203559;0.0106141
0.203559;0.0106141
0.203559;0
0.203559;0.0106141
0.203713;0.0106141
0.203713;0.0212282
0.203713;0.0106141
0.203713;0.0106141
0.203713;0.0106141
0.203713;0
0.203713;0
0.203713;0
0.203713;0.0106141
0.203713;0
0.203713;0
0.203713;-0.0530705
0.203713;0.0212282
0.203713;0.0106141
0.203713;0
0.203713;0.0106141
0.203713;0
0.203713;0.0106141
0.203866;0.0106141
0.203866;0
0.203866;0.0106141
0.203866;0.0212282
0.203866;0
0.203866;0.0106141
0.203866;0.0106141
0.203866;0.0106141
0.203866;0.0212282
0.203866;0.0106141
0.203866;0
0.203866;0
0.203866;0.0318423
0.203866;0.0212282
0.203866;0
0.203866;0.0106141
0.203866;0.0106141
0.203866;0.0212282
0.203866;0.0106141
0.203866;0.0212282
0.203866;0.0106141
0.203866;0.0106141
0.203866;0
0.203866;0.0106141
0.203866;0
0.203866;0
0.203866;0.0318423
0.203866;0.0106141
0.203866;0.0212282
0.203866;0.0106141
0.203866;0
0.203866;0.0212282
0.203866;0.0212282
0.203866;0.0106141
0.203866;0
0.203866;0.0212282
0.203866;0.0106141
0.203866;0.0318423
0.203866;0
0.203866;0.0106141
0.203866;0.0212282
0.203866;0
0.203866;0.0106141
0.203866;0.0106141
0.203866;0.0106141
0.203866;0.0106141
0.203866;0.0212282
0.203866;0.0106141
0.203866;0.0212282
0.203866;0
0.203866;0.0212282
0.203866;0.0106141
0.203866;0
0.203866;0.0212282
0.203866;0
0.203866;0.0212282
0.203866;0.0106141
0.203866;0.0106141
0.203866;0.0212282
0.203866;0.0106141
0.203866;0
0.203866;0
0.203866;0.0106141
0.203866;0
0.203866;0.0212282
0.203866;0.0212282
0.203866;0.0106141
0.203866;0.0212282
0.203866;0.0106141
0.203866;0.0106141
0.203866;0.0106141
0.203866;0
0.203866;0.0106141
0.203866;0.0106141
0.203866;0
0.203866;0.0106141
0.203866;0.0106141
0.203866;0.0106141
0.203866;0.0212282
0.203866;0.0106141
0.203866;0
0.203866;0.0106141
0.203866;0.0106141
0.203866;0.0106141
0.203866;0.0212282
0.203866;0
0.203866;0.0212282
0.203866;0.0106141
0.203866;0.0106141
0.203866;0
0.203866;0.0106141
0.203866;0.0106141
0.203866;0.0106141
0.203866;0.0106141
0.203866;0
0.203866;0.0318423
0.203866;0.0106141
0.203866;0.0106141
0.203866;0.0106141
0.203866;0.0106141
0.203866;0.0106141
0.203866;0
0.203866;0.0106141
0.203866;0
0.203866;0.0212282
0.203866;0
0.203866;0.0212282
0.203866;0.0106141
0.203866;0
0.203866;0.0106141
0.203866;0.0106141
0.203866;0.0106141
0.203866;0.0106141
0.203866;0.0106141
0.204019;0
0.205093;0.0212282
0.205707;0.0106141
0.207854;0.0212282
0.208468;0.0106141
0.208775;0
0.210462;0.0318423
0.211229;0.0106141
0.211843;0.0106141
0.212763;0.0212282
0.213223;0.0106141
0.213223;0.0212282
0.213223;0.0212282
0.213377;0.0106141
0.213377;0
0.213377;0.0212282
0.213377;0
0.213377;0.0106141
0.213377;0
0.213377;0.0424564
0.213377;0.0106141
0.213377;0.0318423
0.213377;0.0106141
0.213377;0.0106141
0.213377;0.0106141
0.213377;0
0.213377;0.0106141
0.213377;0.0212282
0.213377;0.0106141
0.213377;0.0106141
0.213377;0.0212282
0.213377;0.0318423
0.213377;0
0.213377;0.0106141
0.213377;0.0106141
0.213377;0.0106141
0.213377;0.0106141
0.213377;0.0212282
0.213377;0.0212282
0.213377;0.0106141
0.213377;0
0.21307;0.0106141
0.211229;0.0106141
0.209235;0.0106141
0.207701;0.0106141
0.204173;0.0106141
0.201258;0.0106141
0.19681;0.0212282
0.194202;0.0106141
0.193282;0
0.192361;0
0.189447;0.0318423
0.188219;0.0106141
0.187146;0.0106141
0.186225;0.0106141
0.184384;0.0212282
0.183464;0.0106141
0.18101;0.0212282
0.179936;0.0106141
0.178862;0.0106141
0.176254;0.0106141
0.173953;0.0106141
0.168738;0.0106141
0.163829;0.0106141
0.152017;0.0212282
0.135911;0.0212282
0.120878;0.0212282
0.113821;0.0106141
0.108759;0.0106141
0.100936;0.0106141
0.0983282;0
0.0958738;0
0.0889709;0.0212282
0.0809942;0.0212282
0.0779262;0.0106141
0.075932;0.0106141
0.0731709;0.0106141
0.0702563;0
0.0679553;0.0106141
0.0661146;0
0.0642738;0.0106141
0.0613592;0.0106141
0.0526155;0.0212282
0.048934;0
0.0319068;0.0212282
0.0253107;0.0106141
0.0167204;0.0106141
0.028532;0.0106141
0.0260777;0
0.0260777;0
0.0260777;0.0212282
-0.0153398;0.0212282
-0.0286854;0.0106141
-0.0446388;0.0212282
-0.0500078;0
-0.0581379;0
-0.0763922;0.0318423
-0.0909651;0.0106141
-0.0935728;0
-0.10201;0
-0.120878;0.0212282
-0.125633;0.0106141
-0.129928;0.0106141
-0.137598;0
-0.142507;0.0106141
-0.145115;0.0106141
-0.150177;0.0106141
-0.153551;0.0106141
-0.155546;0.0106141
-0.155546;0
-0.155546;0.0106141
-0.160608;0
-0.161835;0.0106141
-0.162295;0
-0.163062;0
-0.164596;0.0212282
-0.165363;0.0106141
-0.165517;0
-0.165517;0.0106141
-0.16613;0
-0.166284;0
-0.166437;0.0106141
-0.166437;0
-0.166437;0
-0.166437;0
-0.166437;0.0106141
-0.166437;0.0106141
-0.166437;0
-0.166437;0
-0.166437;0
-0.166437;0
-0.166437;0.0106141
-0.166437;0.0106141
-0.166437;0
-0.166437;0.0106141
-0.166437;0
-0.166437;0.0212282
-0.166437;0
-0.166437;0
-0.166437;0
-0.166437;0
-0.166437;0.0106141
-0.166437;0.0212282
-0.166437;0
-0.166437;0.0106141
-0.166437;0.0106141
-0.166437;0
-0.166437;0.0106141
-0.166437;0
-0.166437;0.0106141
-0.166437;0.0106141
-0.166437;0.0106141
-0.166437;0.0212282
-0.166437;0
-0.166437;0.0106141
-0.166437;0.0106141
-0.166437;0
-0.166437;0.0106141
-0.166437;0.0212282
-0.166437;0
-0.166437;0.0106141
-0.166437;0
-0.166437;0.0212282
-0.166437;0.0106141
-0.166437;0.0106141
-0.166437;0
-0.166437;0
-0.166437;0.0212282
-0.166437;0.0106141
-0.166437;0.0106141
-0.166437;0.0106141
-0.166437;0.0106141
-0.166437;0.0212282
-0.166437;0
-0.166437;0
-0.166437;0.0212282
-0.166437;0.0106141
-0.166437;0.0106141
-0.166437;0
-0.166437;0.0106141
-0.166437;0.0106141
-0.166437;0.0106141
-0.166437;0.0212282
-0.166437;0.0106141
-0.166437;0.0106141
-0.166437;0.0106141
-0.166437;0
-0.166437;0.0106141
-0.166437;0
-0.165977;0.0106141
-0.165056;0.0106141
-0.163062;0.0106141
-0.161528;0
-0.158614;0.0318423
-0.156926;0.0106141
-0.156926;0
-0.156159;0
-0.152478;0.0318423
-0.151097;0
-0.150484;0.0106141
-0.149563;0
-0.143274;0.0318423
-0.141586;0
-0.137291;0.0212282
-0.136217;0
-0.134377;0
-0.131922;0.0212282
-0.130082;0.0106141
-0.127934;0.0106141
-0.1264;0.0106141
-0.125633;0
-0.123332;0.0106141
-0.120264;0.0212282
-0.11735;0.0106141
-0.115816;0
-0.111827;0.0106141
-0.106918;0.0212282
-0.106151;0
-0.10293;0.0106141
-0.0969476;0
-0.0941864;0
-0.0903515;0.0106141
-0.0871301;0
-0.0777728;0.0212282
-0.0687223;0.0106141
-0.0641204;0
-0.0579845;0.0106141
-0.0523087;0.0106141
-0.045866;0.0106141
-0.0411107;0.0106141
-0.0378893;0.0106141
-0.0288388;0.0212282
-0.0210155;0.0106141
-0.0136524;0.0106141
-0.00889709;0
-0.00659612;0
-0.00184078;0
0.00184078;0
0.00429515;0
0.0079767;0
0.00997088;0
0.0122718;0
0.0156466;0
0.0170272;0
0.0177942;0
0.018868;0
0.0197884;0
0.0199418;0
0.0207087;0
0.0216291;0
0.0219359;0
0.0219359;0
0.0219359;0
0.0213223;0
0.019635;0
0.0171806;0
0.0136524;0
0.0116583;0
0.00951068;0
0.00720971;0
-0.00322136;-0.0106141
-0.0108913;-0.0106141
-0.0170272;0
-0.0208621;0
-0.0273049;-0.0106141
-0.0312932;0
-0.0383495;-0.0106141
-0.0423379;0
-0.0478602;0
-0.050468;-0.0106141
-0.0585981;-0.0106141
-0.0650408;-0.0106141
-0.0742447;-0.0212282
-0.0771592;0
-0.0817612;-0.0106141
-0.0843689;0
-0.0865165;-0.0106141
-0.0938796;-0.0212282
-0.0951068;0
-0.099402;-0.0212282
-0.101703;-0.0106141
-0.102777;-0.0106141
-0.104157;0
-0.104771;0
-0.106305;-0.0106141
-0.107839;-0.0106141
-0.109833;-0.0106141
-0.113668;-0.0318423
-0.114895;0
-0.116276;-0.0106141
-0.11781;-0.0106141
-0.118577;0
-0.119344;-0.0106141
-0.121031;-0.0106141
-0.121951;0
-0.122718;-0.0106141
-0.125633;-0.0212282
-0.127014;-0.0106141
-0.128854;-0.0106141
-0.130082;-0.0106141
-0.131002;-0.0106141
-0.131309;-0.0106141
-0.131616;0
-0.133303;-0.0106141
-0.133303;-0.0106141
-0.133303;-0.0106141
-0.133303;0
-0.133456;-0.0212282
-0.133456;-0.0212282
-0.133456;0
-0.133456;-0.0106141
-0.13361;0
-0.133917;-0.0212282
-0.13407;0
-0.134223;-0.0106141
-0.13453;-0.0106141
-0.13499;-0.0212282
-0.135297;-0.0106141
-0.136524;-0.0212282
-0.137138;0
-0.137751;-0.0106141
-0.138979;-0.0106141
-0.139592;-0.0106141
-0.140359;-0.0106141
-0.14128;-0.0106141
-0.141586;0
-0.1422;-0.0106141
-0.142967;-0.0106141
-0.144041;-0.0212282
-0.146495;-0.0212282
-0.147262;-0.0106141
-0.147569;0
-0.147876;0
-0.14895;-0.0212282
-0.149563;0
-0.14987;-0.0106141
-0.15033;0
-0.15079;0
-0.151251;-0.0106141
-0.151864;-0.0106141
-0.152324;-0.0106141
-0.153245;-0.0212282
-0.153551;-0.0106141
-0.153858;0
-0.154012;-0.0106141
-0.154318;-0.0106141
-0.154625;-0.0212282
-0.154779;0
-0.154932;-0.0212282
-0.155085;0
-0.155239;-0.0106141
-0.155239;-0.0106141
-0.155392;0
-0.155546;-0.0106141
-0.155546;-0.0106141
-0.155546;-0.0106141
-0.155699;-0.0212282
-0.155699;-0.0106141
-0.155699;-0.0212282
-0.155699;-0.0106141
-0.155699;-0.0106141
-0.155699;-0.0106141
-0.155699;-0.0106141
-0.155699;0
-0.155699;-0.0106141
-0.155699;0
-0.155699;0
-0.155699;-0.0106141
-0.155699;0
-0.155699;0
-0.155699;0
-0.155699;0
-0.155392;-0.0636846
-0.155085;0
-0.154625;-0.0106141
-0.153551;-0.0212282
-0.153091;0
-0.152784;0
-0.151864;-0.0212282
-0.151404;-0.0106141
-0.150944;-0.0106141
-0.150484;-0.0106141
-0.150023;-0.0106141
-0.149563;-0.0106141
-0.149256;-0.0106141
-0.148643;-0.0212282
-0.148336;0
-0.148029;-0.0106141
-0.147876;0
-0.147569;-0.0106141
-0.147262;-0.0106141
-0.147262;0
-0.146495;-0.0212282
-0.145882;-0.0106141
-0.144961;-0.0212282
-0.144041;0
-0.143581;0
-0.142047;-0.0212282
-0.141126;-0.0106141
-0.139899;0
-0.138672;0
-0.136678;-0.0106141
-0.135451;0
-0.13407;-0.0106141
-0.132229;-0.0106141
-0.129775;-0.0212282
-0.129008;0
-0.128087;-0.0106141
-0.127014;-0.0106141
-0.126247;-0.0106141
-0.12594;0
-0.125326;-0.0106141
-0.125019;-0.0106141
-0.124406;-0.0106141
-0.124252;-0.0106141
-0.122718;-0.0212282
-0.122718;0
-0.122718;0
-0.122565;-0.0106141
-0.122565;-0.0212282
-0.122565;-0.0106141
-0.122565;0
-0.122412;-0.0212282
-0.122412;-0.0106141
-0.122258;-0.0212282
-0.122258;-0.0106141
-0.122258;-0.0106141
-0.122258;0
-0.122258;-0.0106141
-0.122258;0
-0.122258;0
-0.122258;-0.0212282
-0.122258;0
-0.122258;-0.0212282
-0.122258;0
-0.122258;-0.0212282
-0.122258;0
-0.122258;-0.0318423
-0.122258;-0.0106141
-0.122258;-0.0106141
-0.122258;-0.0106141
-0.122258;-0.0212282
-0.122258;0
-0.122258;-0.0106141
-0.122258;0
-0.122258;-0.0106141
-0.122258;-0.0106141
-0.122258;0
-0.122258;-0.0318423
-0.122258;-0.0212282
-0.122258;0
-0.122258;-0.0106141
-0.122258;0
-0.122258;-0.0212282
-0.122258;0
-0.122258;0
-0.122258;0
-0.122258;-0.0318423
-0.122258;-0.0318423
-0.122258;-0.0106141
-0.122258;0
-0.122258;-0.0212282
-0.122258;0
-0.122258;0
-0.122258;0
-0.122258;-0.0530705
-0.122258;-0.0106141
-0.122258;-0.0106141
-0.122258;0
-0.122258;0
-0.122258;0
-0.122258;0
-0.123332;-0.0424564
-0.123946;-0.0106141
-0.125786;-0.0106141
-0.126247;-0.0106141
-0.12686;0
-0.127474;0
-0.128087;0
-0.129621;-0.0212282
-0.130388;0
-0.134223;-0.0318423
-0.135757;-0.0106141
-0.138979;-0.0212282
-0.141433;0
-0.143581;-0.0106141
-0.144654;0
-0.145575;0
-0.146802;-0.0106141
-0.148183;-0.0106141
-0.14895;0
-0.149717;-0.0106141
-0.151251;-0.0212282
-0.152171;0
-0.152938;-0.0106141
-0.154012;-0.0106141
-0.154932;-0.0106141
-0.155392;-0.0106141
-0.155699;0
-0.156006;-0.0212282
-0.156006;-0.0106141
-0.156006;-0.0212282
-0.156159;-0.0106141
-0.156159;0
-0.156159;0
-0.156159;-0.0106141
-0.156159;-0.0106141
-0.156159;-0.0106141
-0.156159;-0.0106141
-0.156159;-0.0106141
-0.156159;-0.0212282
-0.156159;-0.0106141
-0.156159;-0.0106141
-0.156159;0
-0.156159;-0.0212282
-0.156159;0
-0.156159;-0.0106141
-0.156159;-0.0106141
-0.156159;-0.0212282
-0.156159;-0.0106141
-0.156159;-0.0106141
-0.156159;-0.0106141
-0.156159;-0.0106141
-0.156159;0
-0.156159;-0.0106141
-0.156159;0
-0.156159;-0.0106141
-0.156159;-0.0212282
-0.156159;0
-0.156159;-0.0212282
-0.156159;-0.0106141
-0.156159;0
-0.156159;-0.0106141
-0.156159;-0.0106141
-0.156159;-0.0106141
-0.156159;-0.0106141
-0.156159;-0.0106141
-0.156159;-0.0212282
-0.156159;-0.0106141
-0.156159;-0.0106141
-0.156159;0
-0.156159;-0.0106141
-0.156159;-0.0106141
-0.156159;-0.0106141
-0.156159;-0.0212282
-0.156159;-0.0106141
-0.156159;-0.0106141
-0.156159;0
-0.156159;-0.0106141
-0.156159;0
-0.156159;-0.0106141
-0.156159;-0.0106141
-0.156159;0
-0.156159;-0.0106141
-0.156159;-0.0106141
-0.156159;0
-0.156159;-0.0106141
-0.156159;0
-0.156159;-0.0212282
-0.156159;0
-0.156159;-0.0212282
-0.156159;0
-0.156159;-0.0106141
-0.156159;-0.0106141
-0.156159;0
-0.156159;-0.0106141
-0.156159;0
-0.156159;-0.0106141
-0.156159;-0.0212282
-0.156159;-0.0106141
-0.156159;-0.0106141
-0.156159;-0.0212282
-0.156159;-0.0106141
-0.156159;-0.0106141
-0.156159;0
-0.156159;0
-0.156159;-0.0318423
-0.156159;-0.0106141
-0.156159;-0.0106141
-0.156159;-0.0106141
-0.156159;0
-0.156159;-0.0106141
-0.156159;0
-0.156159;0
-0.156159;-0.0106141
-0.156159;-0.0106141
-0.156159;-0.0106141
-0.156159;-0.0212282
-0.156159;-0.0106141
-0.156159;-0.0212282
-0.156159;-0.0106141
-0.156159;0
-0.156159;-0.0106141
-0.156159;0
-0.156159;-0.0106141
-0.156159;-0.0106141
-0.156159;-0.0212282
-0.156159;-0.0212282
-0.156159;-0.0106141
-0.156159;-0.0106141
-0.156159;0
-0.156159;-0.0106141
-0.156159;-0.0106141
-0.156159;-0.0106141
-0.156159;0
-0.156159;0
-0.156159;-0.0212282
-0.156159;-0.0106141
-0.156159;-0.0212282
-0.156159;0
-0.156159;0
-0.156159;-0.0106141
-0.156159;0
-0.156159;-0.0106141
-0.156159;-0.0106141
-0.156159;0
-0.156159;-0.0212282
-0.156006;0
-0.15079;-0.0424564
-0.148336;-0.0106141
-0.144348;0
-0.14174;-0.0106141
-0.136984;-0.0106141
-0.134223;-0.0106141
-0.133303;0
-0.125019;-0.0212282
-0.119497;-0.0318423
-0.116736;0
-0.114435;-0.0106141
-0.112901;-0.0106141
-0.11152;0
-0.109833;-0.0106141
-0.108759;-0.0106141
-0.106918;-0.0106141
-0.103237;-0.0212282
-0.0997088;-0.0212282
-0.097101;-0.0106141
-0.0948;0
-0.0931126;-0.0106141
-0.0911185;0
-0.0886641;-0.0106141
-0.0875903;0
-0.0863631;-0.0106141
-0.0852893;-0.0106141
-0.0845223;-0.0106141
-0.0839087;-0.0212282
-0.0834486;0
-0.0832952;-0.0106141
-0.0832952;-0.0106141
-0.0832952;-0.0106141
-0.0832952;-0.0212282
-0.0832952;-0.0106141
-0.0832952;-0.0212282
-0.0832952;0
-0.0832952;-0.0212282
-0.0832952;-0.0106141
-0.0832952;0
-0.0832952;0
-0.0832952;-0.0106141
-0.0832952;-0.0106141
-0.0832952;-0.0212282
-0.0832952;0
-0.0832952;-0.0106141
-0.0832952;-0.0212282
-0.0831418;-0.0106141
-0.0831418;0
-0.0831418;-0.0106141
-0.0831418;0
-0.0831418;0
-0.0831418;-0.0212282
-0.0831418;-0.0212282
-0.0831418;-0.0106141
-0.0831418;-0.0106141
-0.0831418;0
-0.0831418;-0.0106141
-0.0831418;-0.0106141
-0.0831418;-0.0106141
-0.0831418;-0.0106141
-0.0831418;-0.0318423
-0.0831418;0
-0.0831418;0
-0.0831418;-0.0106141
-0.0831418;0
-0.0831418;-0.0106141
-0.0831418;-0.0106141
-0.0831418;0
-0.0831418;0
-0.0831418;-0.0106141
-0.0831418;0
-0.0831418;-0.0212282
-0.0831418;-0.0106141
-0.0831418;-0.0106141
-0.0829884;0
-0.082835;-0.0106141
-0.082835;-0.0318423
-0.082835;0
-0.082835;-0.0212282
-0.082835;0
-0.082835;-0.0106141
-0.082835;-0.0106141
-0.082835;0
-0.082835;-0.0106141
-0.082835;0
-0.082835;0
-0.082835;-0.0318423
-0.082835;-0.0106141
-0.082835;-0.0212282
-0.082835;0
-0.082835;0
-0.082835;-0.0212282
-0.082835;-0.0106141
-0.082835;-0.0106141
-0.082835;0
-0.082835;-0.0106141
-0.082835;0
-0.082835;-0.0212282
-0.082835;-0.0212282
-0.082835;-0.0106141
-0.082835;-0.0106141
-0.082835;0
-0.082835;0
-0.082835;0
-0.082835;-0.0212282
-0.082835;-0.0318423
-0.082835;-0.0106141
-0.082835;0
-0.082835;-0.0106141
-0.082835;-0.0212282
-0.082835;0
-0.082835;0
-0.082835;-0.0318423
-0.082835;-0.0212282
-0.082835;0
-0.082835;-0.0212282
-0.082835;-0.0106141
-0.082835;-0.0212282
-0.082835;-0.0318423
-0.082835;-0.0106141
-0.082835;-0.0106141
-0.082835;-0.0106141
-0.082835;0
-0.082835;-0.0106141
-0.082835;-0.0106141
-0.082835;-0.0106141
-0.082835;0
-0.082835;-0.0106141
-0.082835;0
-0.082835;-0.0212282
-0.082835;-0.0106141
-0.082835;0
-0.082835;-0.0212282
-0.082835;-0.0106141
-0.082835;-0.0212282
-0.082835;0
-0.082835;0
-0.082835;-0.0424564
-0.082835;0
-0.082835;-0.0106141
-0.0829884;0
-0.083602;-0.0212282
-0.0839087;-0.0106141
-0.0846757;0
-0.0854427;-0.0106141
-0.0869767;-0.0212282
-0.0888175;-0.0212282
-0.0900447;-0.0106141
-0.0908117;0
-0.0915787;-0.0106141
-0.0929592;-0.0106141
-0.0935728;0
-0.0949534;-0.0106141
-0.0960272;-0.0106141
-0.0969476;0
-0.0992486;-0.0212282
-0.101703;-0.0212282
-0.101703;0
-0.103237;-0.0212282
-0.104311;-0.0106141
-0.105231;-0.0106141
-0.106305;0
-0.107072;-0.0106141
-0.107685;0
-0.109526;-0.0212282
-0.110907;-0.0106141
-0.112441;-0.0212282
-0.113208;0
-0.114128;0
-0.114742;-0.0106141
-0.115509;-0.0106141
-0.116122;-0.0106141
-0.117196;0
-0.11827;-0.0106141
-0.120264;-0.0212282
-0.122412;-0.0212282
-0.123332;-0.0106141
-0.123792;0
-0.124406;-0.0106141
-0.124406;0
-0.125633;-0.0212282
-0.1264;-0.0212282
-0.127167;-0.0106141
-0.128087;-0.0106141
-0.129928;-0.0212282
-0.130695;0
-0.131616;-0.0106141
-0.132229;0
-0.132996;-0.0106141
-0.133763;-0.0106141
-0.13407;0
-0.134837;-0.0212282
-0.13499;0
-0.135451;-0.0212282
-0.135911;-0.0106141
-0.136524;-0.0106141
-0.136831;0
-0.137445;-0.0106141
-0.137598;0
-0.138058;-0.0106141
-0.138212;-0.0106141
-0.138518;-0.0212282
-0.138825;-0.0106141
-0.138979;0
-0.139132;-0.0106141
-0.139132;0
-0.139285;0
-0.139439;-0.0106141
-0.139592;-0.0212282
-0.139746;-0.0106141
-0.139899;-0.0212282
-0.140052;-0.0106141
-0.140206;0
-0.140206;-0.0106141
-0.140206;-0.0106141
-0.140206;0
-0.140206;0
-0.140206;-0.0106141
-0.140206;0
-0.140206;-0.0212282
-0.140206;0
-0.140206;-0.0424564
-0.140206;0
-0.140206;-0.0106141
-0.140206;-0.0106141
-0.140206;0
-0.140206;-0.0106141
-0.140206;-0.0106141
-0.140206;0
-0.140206;-0.0106141
-0.140206;-0.0106141
-0.140206;-0.0212282
-0.140206;-0.0212282
-0.140206;0
-0.140206;-0.0106141
-0.140206;-0.0106141
-0.140206;0
-0.140206;-0.0106141
-0.140206;-0.0106141
-0.140206;-0.0106141
-0.140206;-0.0212282
-0.140206;-0.0106141
-0.140206;0
-0.140206;-0.0106141
-0.140206;0
-0.140206;-0.0106141
-0.139746;-0.0212282
-0.139132;-0.0318423
-0.138979;0
-0.138672;-0.0106141
-0.138518;-0.0106141
-0.138365;0
-0.138058;-0.0212282
-0.138058;-0.0106141
-0.137905;-0.0106141
-0.137751;-0.0212282
-0.137598;0
-0.137445;-0.0106141
-0.137291;-0.0106141
-0.137291;-0.0106141
-0.137291;0
-0.137291;-0.0106141
-0.137138;-0.0212282
-0.137138;-0.0106141
-0.137138;-0.0212282
-0.137138;-0.0106141
-0.137138;0
-0.137138;-0.0106141
-0.137138;0
-0.137138;-0.0106141
-0.137138;0
-0.137138;0
-0.137138;-0.0106141
-0.137138;-0.0106141
-0.137138;-0.0212282
-0.137138;0
-0.137138;-0.0106141
-0.137138;-0.0106141
-0.137138;0
-0.137138;-0.0106141
-0.137138;-0.0106141
-0.137138;-0.0212282
-0.137138;-0.0106141
-0.137138;-0.0212282
-0.137138;0
-0.136984;-0.0106141
-0.136984;-0.0106141
-0.136984;-0.0106141
-0.136984;0
-0.136984;-0.0212282
-0.136678;0
-0.135757;-0.0212282
-0.134837;-0.0106141
-0.134223;0
-0.13361;0
-0.132689;-0.0106141
-0.132229;0
-0.131155;-0.0212282
-0.130695;-0.0106141
-0.130235;-0.0212282
-0.130082;-0.0106141
-0.130082;0
-0.129928;0
-0.129928;-0.0106141
-0.129928;0
-0.129928;-0.0106141
-0.129928;0
-0.129928;-0.0106141
-0.129928;-0.0212282
-0.129928;-0.0106141
-0.129928;-0.0212282
-0.129928;0
-0.129928;-0.0106141
-0.129928;-0.0106141
-0.129928;0
-0.129928;-0.0106141
-0.129928;-0.0106141
-0.129928;-0.0212282
-0.129928;-0.0106141
-0.129928;-0.0106141
-0.129928;0
-0.129928;-0.0106141
-0.129928;-0.0106141
-0.129928;-0.0106141
-0.129928;-0.0106141
-0.129928;0
-0.129928;-0.0106141
-0.128854;-0.0106141
-0.120878;-0.0212282
-0.108146;-0.0212282
-0.10201;-0.0106141
-0.0943398;-0.0106141
-0.0845223;0
-0.0793068;0
-0.0714835;-0.0106141
-0.0625864;-0.0212282
-0.0570641;-0.0106141
-0.0570641;0
-0.0570641;-0.0212282
-0.0570641;0
-0.0515418;0
-0.0501612;-0.0530705
-0.0506214;0
-0.0552233;-0.0106141
-0.0552233;0
-0.0587515;-0.0106141
-0.0728641;-0.0212282
-0.0777728;-0.0106141
-0.0806874;0
-0.0825282;0
-0.0825282;0
-0.0905049;0
-0.0998621;-0.0530705
-0.102623;0
-0.109373;-0.0318423
-0.113821;0
-0.115202;0
-0.11827;-0.0106141
-0.120417;-0.0106141
-0.122258;0
-0.124713;-0.0106141
-0.126093;0
-0.130235;-0.0212282
-0.131309;-0.0106141
-0.13315;-0.0212282
-0.133456;-0.0106141
-0.13407;-0.0106141
-0.131616;-0.0106141
-0.128087;0
-0.118423;-0.0106141
-0.10201;-0.0106141
-0.0901981;-0.0106141
-0.0757787;-0.0106141
-0.0745515;0
-0.0739379;-0.0106141
-0.0739379;-0.0106141
-0.0739379;-0.0106141
-0.0739379;0
-0.0708699;-0.0212282
-0.063967;-0.0106141
-0.0420311;-0.0106141
-0.033134;-0.0106141
-0.0234699;-0.0106141
-0.016567;-0.0106141
-0.00230097;0
0.0102777;-0.0106141
0.0199418;-0.0106141
-0.0076699;-0.0106141
0.0148796;-0.0106141
0.018868;0
0.018868;0
0.0231631;0
0.0254641;-0.0318423
0.0265379;-0.0106141
0.0273049;0
0.0325204;-0.0212282
0.0386563;-0.0106141
0.0648874;-0.0212282
0.0708699;0
0.0776194;0
0.083602;-0.0106141
0.0866699;-0.0212282
0.0865165;0
0.0811476;-0.0212282
0.0779262;-0.0106141
0.075932;-0.0106141
0.0763922;-0.0106141
0.0786932;-0.0106141
0.0816078;0
0.0826816;0
0.0834486;-0.0106141
0.082068;-0.0106141
0.0773126;-0.0106141
0.0685689;0
0.0576777;-0.0106141
0.046633;-0.0106141
0.0414175;0
0.0365087;0
0.0326738;0
0.0299126;0
0.0257709;0
0.0230097;0
0.0217825;0
0.0162602;0
0.0153398;0
0.0147262;0
0.0158;0
0.0210155;0
0.0262311;0
0.0360485;0
0.0536893;0
0.0656544;0
0.0705631;0
0.0705631;0
0.0849825;0.0106141
0.0948;0
0.093266;0
0.0888175;0
0.0809942;0
0.0727107;0
0.064734;0
0.0555301;0
0.0507748;0
0.0383495;0
0.0372757;0
0.0299126;0
0.0291456;0
0.0242369;0
0.0210155;0
0.0193282;0
0.0179476;0
0.014266;0
0.0131922;0
0.0110447;0
0.0110447;0
0.0110447;0
0.0110447;0
0.0110447;0
0.0111981;0
0.0111981;0
0.0125786;0
0.0139592;0
0.014266;0
0.0144194;0
0.0144194;0
0.0148796;0
0.0148796;0
0.0151864;0
0.0151864;0
0.0151864;0
0.0159534;0
0.016567;0
0.0168738;0
0.0168738;0
0.0171806;0
0.0174874;0
0.0174874;0
0.0174874;0
0.0174874;0
0.0182544;0
0.0182544;0
0.0187146;0
0.0187146;0
0.018868;0
0.0190214;0
0.0191748;0
0.0194816;0
0.019635;0
0.0199418;0
0.0200951;0
17603.6;2272.55
