x;y;t
6.50242e-05;-0.00354605;0.000941697
0.00101071;-0.00602303;0.00124475
0.00193106;-0.00296753;0.000345093
0.00134011;-0.00462556;0.000894365
0.00201554;-0.00699999;0.000901332
0.00269601;-0.00559958;0.00106183
0.00192233;-0.00864143;0.00169623
0.00550084;-0.000517743;0.000249075
0.00304443;-0.00520934;0.000978588
0.00318889;-0.00626239;0.00083653
0.00532947;-0.00648083;0.00101948
0.00961964;-0.0016144;8.94698e-05
0.010394;-0.00230853;-0.000264896
0.0101287;-0.00226866;-0.000274288
0.012179;-0.00584984;0.00021565
0.0111757;-0.00714557;0.000567658
0.0101742;-0.00902401;0.00107464
0.0114316;-0.00803779;0.000823945
0.0108754;-0.00820226;0.000882907
0.0134461;-0.0121594;0.00161611
0.0118587;-0.0108893;0.00095836
0.0128949;-0.00898756;0.000812751
0.0114051;-0.0132319;0.00126696
0.0122473;-0.010261;0.000718891
0.0174276;-0.00698129;0.000489461
0.0174592;-0.00533912;-0.000278706
0.0183575;-0.00747366;8.92634e-05
0.0186671;-0.0109142;0.00062539
0.0183223;-0.0115148;0.000948485
0.0184058;-0.0113576;0.000942179
0.0212781;-0.0131977;0.00100813
0.021852;-0.0139361;0.00114906
0.0236922;-0.0121807;0.000772006
0.022452;-0.0140709;0.00146594
0.0249725;-0.010486;0.00110776
0.0245231;-0.0131394;0.00186669
0.0283997;-0.0132562;0.00256962
0.0368554;-0.0107977;0.002231
0.0369375;-0.0141504;0.00325399
0.0483225;-0.011173;0.00346583
0.0529039;-0.00591947;0.00328136
0.0608016;0.00569696;0.00181001
0.07088;0.00173112;0.00245612
0.0795505;-0.000701138;0.00351911
0.0849594;0.0126556;0.00176749
0.0854612;0.00160613;0.00448054
0.0935265;0.0117126;0.0033484
0.110601;0.0150494;0.00439587
0.138543;0.0158278;0.00586596
0.136791;0.0168395;0.00709141
0.149189;0.0286001;0.00544024
0.159082;0.0365105;0.00484633
0.179954;0.0439055;0.00530578
0.183986;0.0268346;0.00893201
0.195267;0.0229029;0.0114321
0.207564;0.0236867;0.0122452
0.214631;0.0280164;0.0124781
0.224099;0.0245644;0.0136196
0.232356;0.0160216;0.0162944
0.241088;0.0233116;0.0151734
0.251277;0.0294477;0.0143796
0.265084;0.0338389;0.0133584
0.285434;0.0348486;0.0126209
0.280193;0.0191661;0.0147243
0.293268;0.0320258;0.0121222
0.300114;0.0320567;0.0120845
0.299767;0.0302349;0.0124806
0.302258;0.0289749;0.0126156
0.3082;0.0282808;0.0134734
0.320349;0.0321714;0.0133871
0.32599;0.02569;0.0151321
0.323576;0.0265102;0.0148959
0.34089;0.0370473;0.0138809
0.352074;0.0292911;0.0156161
0.357917;0.0338863;0.0158721
0.368145;0.0411148;0.0152048
0.374966;0.0388291;0.0167788
0.391567;0.0411097;0.0174387
0.406337;0.0369669;0.01978
0.411377;0.0472782;0.0190035
0.427518;0.0518153;0.0210725
0.432063;0.0579603;0.0215992
0.460918;0.066659;0.0239712
0.476566;0.0695006;0.0256447
0.480859;0.0686661;0.029104
0.495547;0.0650216;0.0325204
0.50883;0.0701795;0.0337917
0.510995;0.0818515;0.0347989
0.537622;0.0831552;0.037178
0.541117;0.0851539;0.0401031
0.547237;0.0904818;0.0425592
0.572732;0.0986837;0.0493484
0.593275;0.12315;0.0535084
0.606902;0.129127;0.0557529
0.609957;0.126686;0.0605754
0.619439;0.132968;0.0640347
0.63655;0.138281;0.0668019
0.642751;0.148673;0.0681146
0.652047;0.148415;0.072585
0.660399;0.155542;0.0765952
0.685529;0.169746;0.0830216
0.704743;0.191501;0.0878875
0.721782;0.205651;0.0903926
0.723769;0.206955;0.0946137
0.734918;0.212829;0.0983213
0.748162;0.225628;0.101207
0.761372;0.233199;0.104593
0.774369;0.237237;0.10836
0.774958;0.247653;0.111538
0.792157;0.248798;0.121704
0.805382;0.255189;0.125432
0.821632;0.281685;0.130333
0.837988;0.287217;0.134732
0.857897;0.303121;0.1367
0.857729;0.31344;0.139965
0.868894;0.322804;0.143721
0.87715;0.32385;0.149354
0.890632;0.327106;0.155205
0.906269;0.340603;0.157345
0.923459;0.361014;0.164682
0.93106;0.377326;0.166962
0.945903;0.390845;0.175704
0.965973;0.398635;0.179865
0.968688;0.411977;0.183686
0.975887;0.415841;0.188443
0.983125;0.416318;0.194244
0.991087;0.42618;0.198576
1.01691;0.442731;0.207569
1.02569;0.464893;0.214924
1.0358;0.476807;0.219791
1.06085;0.488052;0.223493
1.06793;0.503695;0.225618
1.08076;0.523963;0.227174
1.09178;0.517558;0.235686
1.09452;0.53265;0.23811
1.12133;0.549597;0.247029
1.13324;0.561353;0.251227
1.14703;0.581585;0.260051
1.14976;0.584785;0.26587
1.16786;0.597189;0.268467
1.17428;0.60696;0.272544
1.19005;0.623711;0.276348
1.19445;0.634075;0.279806
1.19992;0.644613;0.284246
1.21199;0.65048;0.289659
1.21801;0.659343;0.293997
1.24135;0.686488;0.302081
1.25707;0.707008;0.304526
1.2693;0.71929;0.315041
1.2755;0.721868;0.321136
1.29239;0.737618;0.324906
1.28682;0.737793;0.331642
1.29719;0.753333;0.335735
1.30303;0.760766;0.339749
1.32823;0.78674;0.348046
1.34703;0.815237;0.355751
1.35209;0.82283;0.360994
1.36172;0.838786;0.36488
1.3743;0.850107;0.369049
1.38681;0.874036;0.371023
1.39365;0.87859;0.376942
1.40248;0.892859;0.380991
1.41218;0.900682;0.385957
1.42598;0.919842;0.388489
1.43674;0.946792;0.396485
1.4562;0.969266;0.405537
1.4687;0.987878;0.408398
1.47209;1.00328;0.411528
1.47355;1.00732;0.417355
1.48492;1.01416;0.422342
1.49222;1.03076;0.425667
1.50315;1.04077;0.429816
1.51089;1.05631;0.432454
1.52212;1.07069;0.441892
1.53603;1.08468;0.446251
1.54539;1.10827;0.452274
1.55669;1.11897;0.455267
1.56044;1.11667;0.461142
1.57959;1.1263;0.46348
1.58698;1.12707;0.467391
1.59895;1.14269;0.467793
1.60653;1.14531;0.470691
1.62061;1.15873;0.472009
1.63334;1.16334;0.471651
1.6519;1.17214;0.471872
1.66533;1.18126;0.470088
1.67649;1.17731;0.471563
1.68583;1.17557;0.472088
1.70754;1.19309;0.467332
1.71554;1.18669;0.468623
1.74199;1.20506;0.46323
1.75149;1.20643;0.461738
1.76327;1.21179;0.458648
1.79103;1.2206;0.452308
1.80362;1.21262;0.450526
1.83284;1.21329;0.445858
1.84709;1.21367;0.442129
1.86334;1.21522;0.439267
1.87034;1.21532;0.436127
1.8838;1.2117;0.434585
1.90639;1.22561;0.426016
1.90889;1.21601;0.426298
1.9271;1.21673;0.423215
1.9463;1.21227;0.421105
1.96385;1.2146;0.417093
1.97571;1.21537;0.412187
2.00509;1.21897;0.403739
2.0125;1.21006;0.402915
2.03468;1.21434;0.397408
2.03724;1.20348;0.397356
2.05338;1.19788;0.395537
2.07399;1.20891;0.387752
2.07618;1.19235;0.388051
2.10503;1.19689;0.37759
2.11918;1.19089;0.376449
2.14796;1.19342;0.366539
2.15759;1.18506;0.365328
2.17148;1.17822;0.363506
2.18413;1.17492;0.359635
2.19527;1.16705;0.357719
2.21571;1.15896;0.354198
2.22503;1.16203;0.348813
2.25555;1.15191;0.342348
2.27527;1.15498;0.335995
2.30003;1.14446;0.328968
2.31276;1.14177;0.324794
2.33527;1.14334;0.318493
2.34458;1.13051;0.31654
2.35789;1.1356;0.309974
2.37393;1.1345;0.305411
2.38556;1.13201;0.300876
2.39662;1.1296;0.296934
2.41584;1.12278;0.293222
2.44398;1.10663;0.286864
2.46314;1.10883;0.281525
2.47248;1.10177;0.2778
2.49448;1.10239;0.271299
2.50039;1.091;0.269156
2.51868;1.08183;0.265664
2.5332;1.07714;0.260799
2.546;1.06712;0.258576
2.5751;1.05237;0.25329
2.59787;1.05339;0.245981
2.59655;1.04024;0.244815
2.60488;1.03439;0.23947
2.63582;1.03636;0.231431
2.64901;1.03062;0.22827
2.66116;1.02853;0.223164
2.68046;1.02467;0.219688
2.68881;1.00647;0.21995
2.71454;1.0136;0.21134
2.71764;0.99915;0.21129
2.73392;1.00257;0.20292
2.75392;0.99224;0.201338
2.77563;0.981098;0.192973
2.795;0.973271;0.189388
2.80678;0.968919;0.184161
2.81057;0.959622;0.181677
2.82902;0.951435;0.176082
2.84498;0.949527;0.17151
2.86008;0.944405;0.166802
2.87538;0.941016;0.161922
2.89276;0.933679;0.157809
2.92069;0.929054;0.147267
2.92938;0.918794;0.143418
2.94766;0.916836;0.13725
2.9644;0.907775;0.133555
2.97542;0.899294;0.129409
2.99107;0.892006;0.123817
3.00913;0.88537;0.118717
3.03231;0.867346;0.110578
3.04833;0.865359;0.10466
3.07881;0.855789;0.0938126
3.08921;0.840445;0.0903464
3.09889;0.832578;0.0856372
3.1193;0.827909;0.0791515
3.13034;0.820399;0.0741189
3.13788;0.819611;0.0674065
3.16267;0.816297;0.0611193
3.16768;0.804677;0.0566667
3.17441;0.788342;0.0541987
3.1919;0.779176;0.0485965
3.20244;0.764027;0.0452776
3.21384;0.760311;0.0399403
3.23508;0.748212;0.0282682
3.23879;0.73711;0.0226736
3.26927;0.731628;0.0161986
3.2769;0.721558;0.0106015
3.28163;0.711266;0.00544104
3.31391;0.695857;-0.00697721
3.32129;0.678345;-0.0100729
3.34306;0.663363;-0.0228113
3.35569;0.657227;-0.0302384
3.36701;0.641295;-0.0339997
3.37257;0.627281;-0.0372703
3.38125;0.617319;-0.0435432
3.39784;0.609037;-0.0499561
3.39422;0.590598;-0.0522866
3.41206;0.583119;-0.0598431
3.4228;0.572465;-0.0660622
3.44127;0.547143;-0.0768573
3.45024;0.53093;-0.0817816
3.46507;0.526202;-0.0881047
3.46048;0.503077;-0.0883359
3.46036;0.491478;-0.0954748
3.4815;0.486153;-0.104034
3.48583;0.467565;-0.108322
3.4951;0.455207;-0.11381
3.50066;0.437222;-0.118396
3.53284;0.418542;-0.132644
3.52795;0.406561;-0.14056
3.5514;0.381411;-0.154256
3.55936;0.368175;-0.161802
3.56205;0.350162;-0.167601
3.56745;0.335069;-0.174158
3.57573;0.319982;-0.181394
3.58816;0.294709;-0.19686
3.59195;0.274584;-0.202668
3.61173;0.249074;-0.2188
3.61697;0.236988;-0.226532
3.62105;0.224604;-0.23536
3.62398;0.20374;-0.240193
3.62372;0.190564;-0.247762
3.6331;0.175146;-0.255798
3.6364;0.154584;-0.261889
3.64552;0.142773;-0.269585
3.64455;0.123244;-0.27686
3.66142;0.08679;-0.290156
3.66291;0.0532022;-0.305551
3.67573;0.0380417;-0.312584
3.67389;0.0247468;-0.320648
3.67351;0.010852;-0.330424
3.67775;-0.00631562;-0.337545
3.68553;-0.0149991;-0.34642
3.68313;-0.0348018;-0.352904
3.69147;-0.0490412;-0.361626
3.69395;-0.0613872;-0.368577
3.6935;-0.0760093;-0.376841
3.70924;-0.111446;-0.391665
3.7064;-0.14375;-0.406802
3.70988;-0.166569;-0.413501
3.71251;-0.177603;-0.421623
3.71752;-0.192989;-0.430384
3.7189;-0.211061;-0.436587
3.71806;-0.223418;-0.444981
3.71913;-0.239608;-0.452964
3.72045;-0.252447;-0.461246
3.71257;-0.27635;-0.467655
3.72442;-0.303472;-0.484168
3.72283;-0.318907;-0.492007
3.7163;-0.337691;-0.499188
3.71439;-0.347904;-0.508779
3.71088;-0.365288;-0.515195
3.71366;-0.382323;-0.522929
3.71749;-0.389186;-0.533903
3.71793;-0.410774;-0.541083
3.71353;-0.438598;-0.557438
3.7114;-0.454755;-0.565243
3.714;-0.48875;-0.580788
3.7105;-0.500968;-0.588699
3.70346;-0.518906;-0.596754
3.70627;-0.536062;-0.603987
3.70244;-0.549576;-0.612254
3.705;-0.564763;-0.621274
3.70087;-0.585706;-0.627768
3.6933;-0.616687;-0.644259
3.69512;-0.648944;-0.660334
3.68451;-0.663157;-0.668244
3.68115;-0.682531;-0.675418
3.68495;-0.695805;-0.684922
3.67794;-0.714544;-0.692193
3.6751;-0.72984;-0.70059
3.67622;-0.746613;-0.708398
3.66588;-0.75825;-0.717233
3.66296;-0.776646;-0.724174
3.66294;-0.80946;-0.740885
3.64643;-0.825837;-0.748073
3.65041;-0.840727;-0.756431
3.64401;-0.861068;-0.762594
3.64241;-0.868098;-0.7737
3.63556;-0.888642;-0.78065
3.61829;-0.919798;-0.797458
3.62318;-0.936287;-0.806071
3.60438;-0.964987;-0.82172
3.6032;-0.978453;-0.830102
3.59433;-0.991565;-0.838742
3.58525;-1.01454;-0.845287
3.57891;-1.02508;-0.853973
3.57371;-1.04089;-0.862737
3.57168;-1.05995;-0.870346
3.55844;-1.08424;-0.888213
3.5479;-1.10101;-0.896001
3.53265;-1.13095;-0.912729
3.52536;-1.14119;-0.921607
3.51831;-1.154;-0.930124
3.50433;-1.17394;-0.937582
3.49611;-1.18687;-0.946563
3.48815;-1.20303;-0.954098
3.47463;-1.21276;-0.962442
3.46364;-1.22162;-0.971757
3.45605;-1.24315;-0.979282
3.44028;-1.26871;-0.996692
3.43231;-1.28059;-1.00524
3.40921;-1.3029;-1.02127
3.39187;-1.32866;-1.03772
3.37889;-1.34528;-1.04478
3.36909;-1.35765;-1.05311
3.36458;-1.36679;-1.06274
3.34881;-1.37782;-1.07038
3.33884;-1.39401;-1.07824
3.33472;-1.40308;-1.08718
3.3194;-1.41819;-1.09562
3.31191;-1.4308;-1.10466
3.28947;-1.45625;-1.11989
3.27787;-1.46804;-1.12799
3.27009;-1.47666;-1.13719
3.25798;-1.49084;-1.14392
3.24704;-1.50438;-1.15207
3.23656;-1.51382;-1.16094
3.21661;-1.53962;-1.17683
3.20439;-1.54811;-1.1864
3.17494;-1.57202;-1.2012
3.17269;-1.58294;-1.21051
3.15885;-1.59481;-1.21895
3.14651;-1.60589;-1.22616
3.14074;-1.61651;-1.23564
3.12655;-1.62551;-1.24332
3.115;-1.63731;-1.25094
3.10444;-1.64286;-1.25984
3.09929;-1.64889;-1.26957
3.06783;-1.66845;-1.28382
3.0605;-1.68058;-1.29303
3.04508;-1.69274;-1.30013
3.03026;-1.70197;-1.30808
3.02025;-1.71478;-1.3161
3.00642;-1.72439;-1.32512
2.99418;-1.73731;-1.33301
2.98224;-1.74234;-1.34108
2.95273;-1.76551;-1.35599
2.94407;-1.77357;-1.36631
2.91459;-1.79049;-1.38233
2.89983;-1.79882;-1.39064
2.88998;-1.80853;-1.39934
2.87497;-1.82055;-1.40671
2.85908;-1.82512;-1.41421
2.84657;-1.83697;-1.42364
2.83347;-1.84636;-1.43172
2.82222;-1.85375;-1.43982
2.805;-1.86434;-1.44752
2.78271;-1.88151;-1.46556
2.75295;-1.89725;-1.48169
2.73829;-1.90759;-1.48981
2.72283;-1.91352;-1.49795
2.71062;-1.9231;-1.50647
2.69577;-1.92409;-1.51342
2.67993;-1.92894;-1.52286
2.64316;-1.94556;-1.53702
2.63234;-1.95277;-1.54584
2.60454;-1.96551;-1.56168
2.58827;-1.97329;-1.56973
2.57399;-1.9795;-1.57915
2.55713;-1.98647;-1.5874
2.54511;-1.99518;-1.59527
2.52762;-2.00009;-1.60347
2.51581;-2.00357;-1.61158
2.49962;-2.00955;-1.61966
2.4673;-2.02179;-1.6358
2.43715;-2.03321;-1.65141
2.4214;-2.03937;-1.65952
2.41038;-2.04124;-1.66802
2.39485;-2.04817;-1.676
2.38027;-2.05291;-1.68408
2.36297;-2.05769;-1.69229
2.3472;-2.06261;-1.70039
2.33331;-2.06474;-1.70919
2.30179;-2.07502;-1.72566
2.28798;-2.07927;-1.73436
2.27122;-2.08307;-1.7424
2.25233;-2.08684;-1.75118
2.23919;-2.0871;-1.75977
2.22444;-2.09062;-1.76796
2.18624;-2.09876;-1.7837
2.17523;-2.10348;-1.79308
2.13972;-2.10998;-1.81008
2.12515;-2.11178;-1.81867
2.10805;-2.11638;-1.82708
2.08752;-2.11735;-1.83467
2.07226;-2.12239;-1.84328
2.05898;-2.11838;-1.85263
2.03867;-2.12177;-1.8611
2.01177;-2.13158;-1.87795
1.99596;-2.13327;-1.88773
1.96426;-2.13389;-1.90463
1.943;-2.13913;-1.91344
1.92854;-2.1401;-1.92228
1.90821;-2.13815;-1.92993
1.88959;-2.13978;-1.93935
1.87903;-2.14074;-1.94811
1.86119;-2.1404;-1.95629
1.84032;-2.14033;-1.96528
1.80931;-2.13852;-1.98338
1.78916;-2.13801;-1.99199
1.77204;-2.13798;-2.00049
1.75628;-2.13635;-2.00917
1.74189;-2.13566;-2.01732
1.7245;-2.13513;-2.02684
1.70813;-2.13127;-2.03514
1.69097;-2.13417;-2.04409
1.65466;-2.13277;-2.06153
1.64199;-2.13206;-2.07126
1.60628;-2.13316;-2.08724
1.5934;-2.13085;-2.09631
1.57486;-2.1299;-2.10491
1.5597;-2.12806;-2.11354
1.54567;-2.12869;-2.12282
1.52616;-2.12568;-2.13122
1.51054;-2.12115;-2.14009
1.47608;-2.1171;-2.15685
1.46077;-2.11292;-2.16593
1.42753;-2.10478;-2.18321
1.41173;-2.10391;-2.19182
1.39492;-2.10123;-2.20051
1.38017;-2.09534;-2.20769
1.36543;-2.09169;-2.21695
1.34625;-2.09035;-2.22474
1.32898;-2.08532;-2.23399
1.31104;-2.07242;-2.24168
1.28224;-2.06593;-2.25845
1.26555;-2.05861;-2.26656
1.23554;-2.05627;-2.28557
1.22409;-2.05047;-2.2939
1.20535;-2.03996;-2.30157
1.19168;-2.03876;-2.31018
1.17937;-2.03304;-2.3182
1.16475;-2.02984;-2.32592
1.14878;-2.02333;-2.33463
1.13454;-2.01332;-2.34198
1.11744;-2.00957;-2.34976
1.1045;-2.00513;-2.35851
1.08946;-1.99903;-2.36609
1.06148;-1.98683;-2.3825
1.04557;-1.98202;-2.39037
1.02871;-1.97508;-2.39792
1.01803;-1.9681;-2.40622
1.00375;-1.96247;-2.41401
0.990828;-1.95963;-2.42308
0.973088;-1.94599;-2.43049
0.944303;-1.93581;-2.44627
0.93119;-1.92598;-2.45431
0.903914;-1.90717;-2.47019
0.88894;-1.89984;-2.47849
0.875737;-1.89639;-2.48723
0.860398;-1.88146;-2.49612
0.842402;-1.87058;-2.50404
0.833047;-1.86061;-2.5122
0.817728;-1.85713;-2.52074
0.791069;-1.83534;-2.53769
0.763349;-1.81741;-2.55324
0.748143;-1.80572;-2.5609
0.736629;-1.79783;-2.57018
0.721949;-1.79197;-2.57788
0.70861;-1.78306;-2.58607
0.699076;-1.77065;-2.59466
0.685319;-1.76024;-2.60167
0.670124;-1.75093;-2.61022
0.660895;-1.74491;-2.61896
0.64801;-1.73506;-2.6265
0.633094;-1.72597;-2.63436
0.62178;-1.71425;-2.64225
0.593972;-1.69529;-2.65895
0.580521;-1.68417;-2.66655
0.567792;-1.67436;-2.67441
0.5566;-1.66311;-2.68298
0.545306;-1.65278;-2.69166
0.531398;-1.63949;-2.69908
0.518837;-1.63282;-2.70825
0.50768;-1.61553;-2.71527
0.483905;-1.60014;-2.73167
0.472404;-1.58881;-2.74051
0.449502;-1.56536;-2.75614
0.437335;-1.55689;-2.76469
0.426094;-1.54428;-2.77298
0.414425;-1.53197;-2.78139
0.402904;-1.52179;-2.78994
0.391695;-1.5108;-2.79772
0.381991;-1.4977;-2.8054
0.370264;-1.48733;-2.81405
0.35872;-1.47142;-2.82169
0.347064;-1.46361;-2.82982
0.327493;-1.43668;-2.84599
0.317521;-1.42785;-2.8549
0.30622;-1.41359;-2.86275
0.2973;-1.39924;-2.87054
0.285135;-1.3893;-2.87984
0.275295;-1.37392;-2.88792
0.266836;-1.36346;-2.8968
0.255897;-1.35019;-2.90616
0.234903;-1.32337;-2.92343
0.225835;-1.30736;-2.93145
0.205929;-1.28273;-2.94889
0.196431;-1.26619;-2.95701
0.184534;-1.25556;-2.96652
0.17749;-1.23878;-2.97427
0.168274;-1.22893;-2.98419
0.158997;-1.21568;-2.99213
0.152518;-1.19863;-3.00038
0.142578;-1.18513;-3.0086
0.132977;-1.17182;-3.01744
0.127732;-1.15456;-3.0252
0.118272;-1.14369;-3.03396
0.106246;-1.1298;-3.04276
0.0905907;-1.10128;-3.05991
0.0826361;-1.08336;-3.06734
0.0746424;-1.07156;-3.0765
0.0690226;-1.05939;-3.08429
0.060858;-1.04716;-3.0941
0.0458648;-1.01449;-3.11083
0.0396522;-0.999518;-3.11841
0.0235384;-0.971556;-3.13468
0.0165378;-0.958484;3.13943
0.00775583;-0.942429;3.13221
0.000853867;-0.930295;3.12386
-0.00846614;-0.910719;3.11672
-0.0152096;-0.900414;3.10816
-0.0208494;-0.887516;3.09939
-0.0273514;-0.870149;3.09231
-0.0351165;-0.853742;3.08499
-0.0421615;-0.843808;3.07605
-0.0507364;-0.831788;3.06801
-0.0639912;-0.805865;3.05217
-0.0694805;-0.786949;3.04516
-0.0756624;-0.776027;3.03717
-0.083016;-0.758829;3.02911
-0.0872945;-0.746671;3.02141
-0.0916461;-0.729283;3.0138
-0.0959624;-0.714424;3.00623
-0.104998;-0.698587;2.99833
-0.117723;-0.670293;2.98198
-0.125766;-0.654023;2.97414
-0.136594;-0.622228;2.95904
-0.140423;-0.60601;2.95147
-0.146052;-0.596534;2.94234
-0.152755;-0.583306;2.93408
-0.164191;-0.55112;2.91856
-0.167743;-0.534894;2.9104
-0.1803;-0.501808;2.89532
-0.183993;-0.491659;2.88663
-0.184749;-0.469039;2.87939
-0.190636;-0.456478;2.87129
-0.196005;-0.443613;2.86268
-0.200154;-0.428446;2.85481
-0.2042;-0.410107;2.84746
-0.20745;-0.397612;2.83881
-0.212575;-0.37832;2.83117
-0.217399;-0.346971;2.81547
-0.222335;-0.331864;2.80746
-0.228224;-0.296683;2.79239
-0.231984;-0.280713;2.78468
-0.234446;-0.265167;2.77679
-0.240987;-0.24777;2.77024
-0.241226;-0.233131;2.76141
-0.242371;-0.221391;2.75322
-0.253741;-0.185156;2.73969
-0.255213;-0.170567;2.73175
-0.26357;-0.138569;2.71753
-0.266891;-0.120547;2.71145
-0.271877;-0.103901;2.70444
-0.274572;-0.0972051;2.69611
-0.278677;-0.0760727;2.69064
-0.281833;-0.0654002;2.68369
-0.289764;-0.0464465;2.67804
-0.29216;-0.0345256;2.67069
-0.292291;-0.0184293;2.66504
-0.303067;0.010089;2.65276
-0.31083;0.0391884;2.64067
-0.31751;0.0499307;2.63548
-0.322665;0.0662412;2.63005
-0.330901;0.0793957;2.62482
-0.336707;0.089549;2.6194
-0.343682;0.102298;2.61451
-0.349572;0.120264;2.61051
-0.364357;0.146669;2.60232
-0.38149;0.169162;2.59631
-0.394151;0.179978;2.59423
-0.404042;0.189119;2.59145
-0.41529;0.194085;2.58934
-0.42599;0.20376;2.58795
-0.434426;0.213023;2.58728
-0.444908;0.220081;2.58563
-0.457277;0.234701;2.58583
-0.47844;0.251633;2.58428
-0.491263;0.256714;2.58329
-0.516106;0.27346;2.58411
-0.529495;0.280874;2.584
-0.540835;0.2891;2.58394
-0.555344;0.299585;2.58441
-0.565194;0.305694;2.58437
-0.578316;0.312514;2.58514
-0.592426;0.317684;2.58556
-0.604929;0.319024;2.58571
-0.631338;0.330177;2.58773
-0.645135;0.3382;2.58893
-0.673153;0.348095;2.59136
-0.687097;0.355234;2.59358
-0.701802;0.356188;2.5939
-0.715649;0.362646;2.59622
-0.728458;0.368726;2.59768
-0.74057;0.365755;2.59829
-0.76764;0.382017;2.6016
-0.778773;0.389155;2.60363
-0.80531;0.397815;2.60628
-0.818595;0.400907;2.60716
-0.833452;0.409063;2.60962
-0.847278;0.410568;2.60995
-0.860765;0.416207;2.61171
-0.875147;0.419716;2.61261
-0.887006;0.422855;2.61435
-0.90024;0.429121;2.61611
-0.917993;0.433693;2.61781
-0.942624;0.443527;2.62008
-0.955326;0.444885;2.62114
-0.982781;0.453969;2.62405
-0.998753;0.460135;2.62636
-1.01311;0.465383;2.62822
-1.02357;0.470576;2.62943
-1.03877;0.47039;2.63039
-1.05351;0.477049;2.63201
-1.06611;0.481214;2.63371
-1.07795;0.488639;2.63549
-1.10695;0.497316;2.63878
-1.12163;0.500614;2.63992
-1.15289;0.508801;2.64311
-1.1637;0.514049;2.64493
-1.17752;0.516736;2.64651
-1.19323;0.521135;2.64792
-1.2093;0.525849;2.65008
-1.22179;0.534578;2.65216
-1.2356;0.535099;2.65287
-1.2486;0.538548;2.65414
-1.26574;0.543348;2.65714
-1.27898;0.548244;2.65844
-1.29555;0.551848;2.65965
-1.32609;0.559011;2.66349
-1.33974;0.563366;2.6654
-1.35178;0.564457;2.66637
-1.36717;0.571493;2.66912
-1.38381;0.574183;2.67099
-1.40135;0.581413;2.67366
-1.42762;0.583672;2.67549
-1.44107;0.583327;2.67661
-1.47314;0.592706;2.68176
-1.48644;0.591484;2.68327
-1.50243;0.5938;2.68581
-1.5163;0.596227;2.68718
-1.53037;0.597814;2.68975
-1.54433;0.598148;2.69131
-1.56164;0.603159;2.6948
-1.57963;0.604821;2.69701
-1.59118;0.608251;2.69948
-1.60823;0.610182;2.70235
-1.61998;0.611406;2.70417
-1.6508;0.615697;2.71059
-1.66191;0.620882;2.71341
-1.67772;0.622337;2.71581
-1.69266;0.622714;2.71837
-1.713;0.62348;2.72197
-1.7258;0.624059;2.72468
-1.73946;0.626847;2.7274
-1.7684;0.627747;2.73349
-1.78567;0.626655;2.73656
-1.80181;0.62703;2.74034
-1.81822;0.626998;2.74407
-1.83251;0.627873;2.7477
-1.84675;0.626889;2.751
-1.86294;0.626577;2.75492
-1.89226;0.626614;2.76211
-1.90707;0.624918;2.76569
-1.93821;0.62135;2.77385
-1.95107;0.622545;2.77704
-1.96557;0.618771;2.78066
-1.98294;0.617157;2.78462
-1.99716;0.613155;2.78788
-2.01074;0.611487;2.79188
-2.0275;0.609142;2.79645
-2.05662;0.607913;2.80432
-2.08621;0.602637;2.81286
-2.09857;0.602092;2.817
-2.11526;0.602317;2.82195
-2.12642;0.598002;2.82496
-2.14276;0.596442;2.82966
-2.17233;0.59029;2.83787
-2.18875;0.590361;2.8417
-2.22056;0.58869;2.84958
-2.23496;0.582081;2.85294
-2.24853;0.575233;2.85639
-2.26181;0.576348;2.86015
-2.27768;0.573391;2.86323
-2.29102;0.570482;2.86659
-2.3071;0.561568;2.87052
-2.32091;0.565273;2.87569
-2.33691;0.560777;2.88032
-2.35047;0.559337;2.88374
-2.36412;0.555805;2.88708
-2.39814;0.545708;2.89493
-2.41292;0.542646;2.89889
-2.42894;0.537617;2.90356
-2.44228;0.538892;2.9085
-2.4593;0.532515;2.91158
-2.47338;0.528749;2.91555
-2.48697;0.521639;2.91849
-2.50152;0.516717;2.92241
-2.53505;0.513191;2.93134
-2.55007;0.506106;2.93511
-2.57867;0.497399;2.94234
-2.58687;0.491286;2.94518
-2.60512;0.486745;2.94958
-2.61922;0.484724;2.95391
-2.63601;0.478093;2.95777
-2.65149;0.477805;2.96262
-2.66535;0.471351;2.96584
-2.68137;0.462547;2.96898
-2.69622;0.462079;2.97418
-2.71015;0.456947;2.97938
-2.7367;0.445135;2.98548
-2.74875;0.437825;2.98881
-2.76459;0.432941;2.99301
-2.77799;0.42905;2.99738
-2.79284;0.423593;3.00205
-2.80907;0.418667;3.00583
-2.81972;0.411605;3.00917
-2.85024;0.410491;3.01993
-2.859;0.400138;3.02182
-2.88836;0.384705;3.02836
-2.90234;0.379588;3.03313
-2.91591;0.370736;3.03617
-2.92945;0.36762;3.04121
-2.94542;0.363166;3.04506
-2.95812;0.360188;3.04932
-2.97285;0.354123;3.05249
-2.99897;0.34231;3.05927
-3.01429;0.335726;3.0639
-3.03941;0.319656;3.06957
-3.05451;0.31625;3.07464
-3.0656;0.309951;3.0787
-3.07961;0.302822;3.08117
-3.09454;0.304069;3.08752
-3.10562;0.289375;3.08905
-3.12291;0.283555;3.09287
-3.13371;0.278915;3.09715
-3.15098;0.275259;3.10178
-3.15988;0.264641;3.1041
-3.17155;0.258431;3.1081
-3.19989;0.243787;3.11503
-3.21413;0.236974;3.11878
-3.24245;0.225322;3.12654
-3.25431;0.219049;3.13052
-3.26878;0.209959;3.13345
-3.28513;0.209903;3.13952
-3.29762;0.208234;-3.13782
-3.30527;0.197776;-3.1359
-3.3182;0.187682;-3.13321
-3.34794;0.177557;-3.12536
-3.35945;0.170904;-3.12106
-3.37274;0.16404;-3.11779
-3.38485;0.159492;-3.11357
-3.3937;0.145905;-3.1108
-3.40945;0.143093;-3.10524
-3.42359;0.138266;-3.10106
-3.43177;0.12957;-3.09815
-3.44563;0.125764;-3.09239
-3.47309;0.110556;-3.08546
-3.4829;0.105776;-3.08094
-3.5076;0.0915566;-3.07382
-3.5208;0.081957;-3.07164
-3.5362;0.0811179;-3.06478
-3.54772;0.0725833;-3.06195
-3.56102;0.0608469;-3.05978
-3.5854;0.0442532;-3.05242
-3.59499;0.0374213;-3.04794
-3.61964;0.0198352;-3.04119
-3.63356;0.0153541;-3.03496
-3.64281;0.00383298;-3.03399
-3.65826;-0.00605264;-3.02997
-3.66829;-0.0132367;-3.02561
-3.68384;-0.020463;-3.02116
-3.69275;-0.0300879;-3.0171
-3.71982;-0.0465691;-3.00888
-3.74039;-0.0640948;-3.00193
-3.75517;-0.0707487;-2.99673
-3.7676;-0.079981;-2.99369
-3.7788;-0.0871314;-2.9891
-3.79347;-0.0982309;-2.98617
-3.80442;-0.111116;-2.98344
-3.81837;-0.118292;-2.97874
-3.82676;-0.128255;-2.97549
-3.83886;-0.138661;-2.97288
-3.86197;-0.158047;-2.96594
-3.87336;-0.165509;-2.96025
-3.88499;-0.177469;-2.95871
-3.896;-0.18715;-2.95606
-3.90329;-0.196476;-2.9521
-3.9173;-0.204532;-2.94709
-3.92871;-0.215741;-2.94361
-3.94082;-0.223012;-2.93866
-3.94928;-0.231183;-2.93516
-3.972;-0.25383;-2.92952
-3.98147;-0.265782;-2.9261
-4.0049;-0.285375;-2.91799
-4.01558;-0.296508;-2.91453
-4.02483;-0.307535;-2.91135
-4.04032;-0.313518;-2.90679
-4.05188;-0.323878;-2.90278
-4.06216;-0.334625;-2.90072
-4.06995;-0.342138;-2.89695
-4.07898;-0.35091;-2.89099
-4.09175;-0.361128;-2.88731
-4.11461;-0.38249;-2.88014
-4.12853;-0.393843;-2.87858
-4.1375;-0.404614;-2.87547
-4.14436;-0.41342;-2.86935
-4.15708;-0.424801;-2.86643
-4.16777;-0.43494;-2.86187
-4.18899;-0.458477;-2.85611
-4.19794;-0.467785;-2.85211
-4.22101;-0.486592;-2.84423
-4.22762;-0.501078;-2.84017
-4.23932;-0.51296;-2.8387
-4.24536;-0.523004;-2.83399
-4.25529;-0.537266;-2.8327
-4.26787;-0.542872;-2.82604
-4.27671;-0.554418;-2.82251
-4.28529;-0.568182;-2.82115
-4.29318;-0.58028;-2.81669
-4.31313;-0.60247;-2.80861
-4.31822;-0.617187;-2.80576
-4.32958;-0.628434;-2.80319
-4.33917;-0.635294;-2.79665
-4.34927;-0.648689;-2.7942
-4.35905;-0.661476;-2.79167
-4.36713;-0.668865;-2.78584
-4.38151;-0.694174;-2.77827
-4.39829;-0.717325;-2.76996
-4.40855;-0.731669;-2.76751
-4.41334;-0.739035;-2.75966
-4.42221;-0.753836;-2.7564
-4.42947;-0.767254;-2.75093
-4.4413;-0.782371;-2.74824
-4.45022;-0.79426;-2.74372
-4.45679;-0.809314;-2.73919
-4.46652;-0.821457;-2.7353
-4.47766;-0.833446;-2.73301
-4.48703;-0.859417;-2.72306
-4.49708;-0.874623;-2.72062
-4.50041;-0.885702;-2.71456
-4.50635;-0.895919;-2.71001
-4.51372;-0.908507;-2.70378
-4.52115;-0.920265;-2.69914
-4.53003;-0.949409;-2.68989
-4.53886;-0.960835;-2.68333
-4.54941;-0.989978;-2.67252
-4.55736;-1.00225;-2.66778
-4.56118;-1.0146;-2.66126
-4.56623;-1.02664;-2.654
-4.57197;-1.04351;-2.64986
-4.57608;-1.05722;-2.6439
-4.57938;-1.07108;-2.63761
-4.58558;-1.0844;-2.63237
-4.58821;-1.09474;-2.62329
-4.59296;-1.11164;-2.61997
-4.59902;-1.13085;-2.61602
-4.60396;-1.16036;-2.60368
-4.60414;-1.17601;-2.59721
-4.60746;-1.18639;-2.58844
-4.61435;-1.20545;-2.58526
-4.61367;-1.2209;-2.57829
-4.61433;-1.23487;-2.57176
-4.61897;-1.25155;-2.56642
-4.62082;-1.26882;-2.56086
-4.61902;-1.3017;-2.54702
-4.62146;-1.31161;-2.53971
-4.6248;-1.34237;-2.52533
-4.62519;-1.35858;-2.51995
-4.62587;-1.37137;-2.51224
-4.63016;-1.38849;-2.50499
-4.62513;-1.40642;-2.49898
-4.62177;-1.41991;-2.49128
-4.62291;-1.43342;-2.48458
-4.62116;-1.44948;-2.47656
-4.61945;-1.46345;-2.47043
-4.62401;-1.48038;-2.46305
-4.62194;-1.50672;-2.44761
-4.62107;-1.52248;-2.4419
-4.61845;-1.5412;-2.4366
-4.61745;-1.55245;-2.42912
-4.61432;-1.56814;-2.42126
-4.61333;-1.58145;-2.41394
-4.60971;-1.59648;-2.40714
-4.60868;-1.62874;-2.39411
-4.60802;-1.64304;-2.38655
-4.60376;-1.67502;-2.3726
-4.60307;-1.69096;-2.36601
-4.60159;-1.70483;-2.35833
-4.59933;-1.72261;-2.35305
-4.5943;-1.73921;-2.34459
-4.59524;-1.75289;-2.33709
-4.58962;-1.7699;-2.33119
-4.59043;-1.79005;-2.32607
-4.58373;-1.81762;-2.31137
-4.58093;-1.83331;-2.30397
-4.57858;-1.86576;-2.28933
-4.57108;-1.87961;-2.28159
-4.57099;-1.89474;-2.27388
-4.56733;-1.9086;-2.26748
-4.56425;-1.92909;-2.26298
-4.56193;-1.94161;-2.25472
-4.55674;-1.95637;-2.24622
-4.55157;-1.9737;-2.24028
-4.54334;-2.00381;-2.22678
-4.53826;-2.0205;-2.21958
-4.53131;-2.04968;-2.20464
-4.52553;-2.06416;-2.198
-4.52188;-2.07891;-2.19093
-4.51729;-2.09576;-2.18467
-4.51227;-2.10782;-2.177
-4.50689;-2.12334;-2.17051
-4.50136;-2.14048;-2.16394
-4.49603;-2.15449;-2.15643
-4.48804;-2.16838;-2.14918
-4.48319;-2.18506;-2.14254
-4.47168;-2.21318;-2.12801
-4.46645;-2.23077;-2.12184
-4.45422;-2.25833;-2.10676
-4.44786;-2.27585;-2.10087
-4.44396;-2.29166;-2.09389
-4.43754;-2.30156;-2.08558
-4.43099;-2.31665;-2.07941
-4.42561;-2.33032;-2.07198
-4.41812;-2.34542;-2.06645
-4.41143;-2.36074;-2.05881
-4.401;-2.38833;-2.04601
-4.3897;-2.41404;-2.03192
-4.37948;-2.42664;-2.02481
-4.37387;-2.44114;-2.01803
-4.362;-2.45652;-2.01206
-4.35841;-2.46964;-2.00357
-4.35007;-2.48333;-1.99695
-4.33569;-2.51367;-1.98469
-4.32094;-2.53982;-1.96999
-4.31101;-2.54975;-1.96194
-4.30017;-2.5577;-1.95376
-4.29445;-2.57455;-1.9473
-4.28373;-2.58977;-1.94097
-4.27971;-2.59811;-1.93348
-4.26972;-2.61352;-1.92632
-4.25859;-2.62535;-1.92161
-4.2545;-2.64409;-1.91345
-4.2451;-2.65282;-1.90702
-4.23503;-2.66519;-1.90025
-4.23216;-2.67721;-1.89407
-4.20574;-2.70666;-1.8785
-4.19549;-2.71988;-1.87244
-4.18785;-2.73492;-1.86556
-4.16265;-2.75835;-1.85174
-4.15535;-2.76743;-1.84369
-4.13614;-2.79894;-1.83086
-4.12701;-2.80382;-1.82133
-4.1178;-2.81831;-1.81299
-4.11014;-2.82937;-1.80775
-4.09485;-2.84098;-1.80127
-4.08252;-2.85294;-1.79321
-4.07126;-2.86596;-1.78743
-4.05922;-2.87926;-1.77916
-4.04438;-2.90003;-1.76684
-4.02829;-2.91017;-1.75912
-4.00377;-2.92967;-1.74316
-3.99872;-2.94015;-1.7386
-3.98088;-2.95503;-1.72948
-3.97098;-2.96235;-1.72526
-3.95877;-2.97736;-1.71531
-3.93385;-2.99162;-1.70016
-3.91875;-3.00233;-1.69422
-3.89208;-3.02077;-1.68012
-3.877;-3.03434;-1.67061
-3.87812;-3.05589;-1.65763
-3.86634;-3.06161;-1.65489
-3.84454;-3.06508;-1.64918
-3.82805;-3.07231;-1.643
-3.82052;-3.08602;-1.63582
-3.7876;-3.10961;-1.61795
-3.77634;-3.11654;-1.61266
-3.74455;-3.13206;-1.59827
-3.73803;-3.14492;-1.58652
-3.72628;-3.15489;-1.57923
-3.69358;-3.15971;-1.57436
-3.68761;-3.17522;-1.56526
-3.67715;-3.18204;-1.55833
-3.65413;-3.18591;-1.55111
-3.64981;-3.19792;-1.54172
-3.61456;-3.21305;-1.52658
-3.59062;-3.23581;-1.51017
-3.57269;-3.23846;-1.50365
-3.55349;-3.24792;-1.49697
-3.53794;-3.25544;-1.48732
-3.52639;-3.26369;-1.47908
-3.51726;-3.27754;-1.46762
-3.49845;-3.28598;-1.45995
-3.48279;-3.29109;-1.45204
-3.44838;-3.30473;-1.43658
-3.43596;-3.31122;-1.42788
-3.40086;-3.32838;-1.4106
-3.38654;-3.33652;-1.40471
-3.37076;-3.342;-1.39451
-3.35357;-3.34895;-1.38513
-3.3407;-3.35186;-1.37761
-3.32397;-3.35981;-1.37084
-3.30492;-3.36921;-1.36253
-3.29281;-3.37395;-1.35501
-3.27406;-3.38074;-1.34716
-3.26123;-3.38667;-1.33916
-3.23344;-3.40021;-1.31893
-3.21352;-3.40278;-1.31281
-3.19622;-3.40564;-1.30451
-3.1819;-3.41162;-1.29975
-3.17289;-3.41465;-1.28894
-3.15707;-3.41862;-1.27949
-3.14007;-3.42091;-1.27338
-3.12379;-3.42858;-1.26386
-3.0888;-3.42938;-1.25004
-3.06722;-3.4334;-1.24326
-3.0368;-3.43799;-1.22904
-3.02234;-3.44169;-1.21956
-3.00487;-3.44726;-1.21264
-2.99024;-3.44957;-1.20445
-2.9775;-3.45579;-1.19522
-2.95645;-3.45988;-1.18854
-2.94389;-3.46436;-1.17899
-2.92904;-3.46762;-1.16915
-2.90947;-3.46751;-1.16128
-2.8819;-3.47128;-1.14401
-2.86614;-3.47482;-1.13642
-2.83529;-3.47911;-1.11984
-2.81807;-3.48101;-1.11038
-2.8057;-3.47982;-1.10301
-2.78953;-3.47927;-1.0949
-2.77529;-3.48144;-1.08731
-2.76169;-3.48095;-1.07868
-2.74307;-3.47951;-1.07207
-2.72817;-3.48611;-1.06188
-2.69452;-3.48447;-1.04773
-2.68258;-3.48233;-1.04012
-2.66516;-3.47847;-1.03344
-2.65008;-3.47996;-1.02668
-2.6354;-3.47884;-1.01873
-2.61905;-3.47949;-1.01107
-2.60433;-3.48045;-1.00397
-2.58873;-3.48175;-0.996849
-2.57014;-3.4806;-0.989027
-2.54381;-3.47962;-0.973126
-2.52128;-3.47431;-0.966794
-2.49334;-3.46981;-0.952301
-2.47611;-3.47126;-0.943412
-2.45626;-3.47009;-0.936632
-2.44464;-3.46931;-0.928629
-2.42962;-3.47841;-0.91802
-2.40985;-3.46832;-0.911808
-2.39822;-3.47132;-0.903466
-2.36237;-3.46154;-0.889117
-2.33709;-3.4611;-0.872761
-2.32168;-3.45447;-0.865979
-2.30433;-3.45654;-0.857957
-2.28642;-3.45367;-0.850897
-2.27387;-3.44822;-0.843467
-2.25705;-3.44292;-0.83539
-2.24211;-3.43993;-0.827832
-2.22458;-3.43802;-0.819522
-2.20784;-3.4335;-0.812375
-2.19395;-3.42509;-0.806082
-2.15852;-3.41612;-0.789625
-2.12856;-3.40705;-0.774309
-2.10954;-3.39795;-0.767434
-2.09679;-3.39596;-0.760039
-2.08335;-3.39265;-0.751792
-2.06426;-3.3857;-0.743759
-2.05713;-3.38371;-0.736126
-2.02048;-3.3714;-0.720514
-2.0079;-3.37099;-0.7116
-1.98043;-3.35323;-0.697786
-1.96568;-3.35033;-0.689587
-1.95361;-3.34528;-0.682557
-1.93511;-3.33318;-0.675417
-1.92418;-3.32891;-0.66792
-1.91136;-3.32768;-0.660457
-1.89607;-3.31356;-0.654138
-1.88142;-3.30948;-0.646088
-1.8722;-3.30538;-0.63833
-1.84266;-3.287;-0.624802
-1.81628;-3.27768;-0.609188
-1.80447;-3.26629;-0.60273
-1.78612;-3.25211;-0.596294
-1.78206;-3.25371;-0.587944
-1.76366;-3.24484;-0.58115
-1.748;-3.2348;-0.574021
-1.72435;-3.22093;-0.559384
-1.70927;-3.2148;-0.551368
-1.68439;-3.19964;-0.536004
-1.67308;-3.1927;-0.529605
-1.66142;-3.18457;-0.521345
-1.6414;-3.16813;-0.514973
-1.63055;-3.16118;-0.508153
-1.61741;-3.15582;-0.499056
-1.60024;-3.14314;-0.49315
-1.58207;-3.13157;-0.486635
-1.56964;-3.1275;-0.477585
-1.56377;-3.12071;-0.471006
-1.54865;-3.11516;-0.462879
-1.51921;-3.08368;-0.450071
-1.50836;-3.07837;-0.442117
-1.49593;-3.06915;-0.434223
-1.47997;-3.05627;-0.42652
-1.46914;-3.05902;-0.416753
-1.4516;-3.04076;-0.399909
-1.43797;-3.02436;-0.395077
-1.41291;-3.00584;-0.379409
-1.39586;-2.9871;-0.373467
-1.38673;-2.97437;-0.366709
-1.38206;-2.97081;-0.357165
-1.36831;-2.96541;-0.348766
-1.35905;-2.9553;-0.341574
-1.35026;-2.95251;-0.332522
-1.32257;-2.92457;-0.318964
-1.30957;-2.91318;-0.31135
-1.28466;-2.88788;-0.297679
-1.27951;-2.88158;-0.288575
-1.2657;-2.86499;-0.2823
-1.25632;-2.85358;-0.274886
-1.24216;-2.84908;-0.266427
-1.2306;-2.83856;-0.259655
-1.22216;-2.82413;-0.252565
-1.19718;-2.79184;-0.239761
-1.19174;-2.79145;-0.229709
-1.17529;-2.76609;-0.213353
-1.16535;-2.75578;-0.204429
-1.14836;-2.7448;-0.197897
-1.13459;-2.72678;-0.191971
-1.12654;-2.7163;-0.182222
-1.11557;-2.69432;-0.17568
-1.1097;-2.69028;-0.166361
-1.09068;-2.66887;-0.150634
-1.09008;-2.65675;-0.14121
-1.06275;-2.62313;-0.126468
-1.07377;-2.60863;-0.119561
-1.05404;-2.60053;-0.110259
-1.04481;-2.58468;-0.10323
-1.03497;-2.57846;-0.0936253
-1.03521;-2.56791;-0.084263
-1.0199;-2.55225;-0.0771123
-1.01296;-2.53689;-0.070247
-1.0001;-2.51953;-0.0628699
-0.977991;-2.49412;-0.0480465
-0.987128;-2.48533;-0.0388275
-0.974778;-2.4484;-0.0234419
-0.954622;-2.43712;-0.015333
-0.962542;-2.42651;-0.00773296
-0.949866;-2.4097;-0.000490926
-0.940544;-2.40233;0.00792958
-0.938375;-2.38818;0.0163989
-0.939937;-2.37369;0.0242984
-0.925014;-2.35655;0.0311077
-0.929901;-2.34321;0.039493
-0.920456;-2.32622;0.0461744
-0.915754;-2.30187;0.0632693
-0.901836;-2.28267;0.0696566
-0.906131;-2.27358;0.0783695
-0.901343;-2.26048;0.0861045
-0.891209;-2.24659;0.0922361
-0.887463;-2.23363;0.100314
-0.879253;-2.2203;0.108128
-0.873823;-2.19296;0.124479
-0.873147;-2.18029;0.132615
-0.848003;-2.15841;0.148386
-0.848876;-2.14144;0.154918
-0.844475;-2.1252;0.162161
-0.83769;-2.10977;0.170165
-0.835284;-2.09552;0.178112
-0.836538;-2.08365;0.185496
-0.830527;-2.065;0.192553
-0.817707;-2.05059;0.200477
-0.809927;-2.03957;0.208914
-0.816256;-2.02472;0.217136
-0.805965;-2.00833;0.224766
-0.799864;-1.98094;0.240634
-0.799029;-1.96583;0.247547
-0.793288;-1.94818;0.254483
-0.782435;-1.93095;0.261735
-0.781666;-1.91603;0.269492
-0.77362;-1.90183;0.27717
-0.77388;-1.87302;0.292485
-0.769962;-1.85966;0.300107
-0.773163;-1.82873;0.314575
-0.767495;-1.81247;0.321955
-0.76081;-1.79348;0.327871
-0.76615;-1.77753;0.335742
-0.755362;-1.76725;0.343592
-0.752448;-1.74946;0.350971
-0.75803;-1.73656;0.358291
-0.750812;-1.72244;0.365719
-0.748133;-1.70619;0.372479
-0.747583;-1.67567;0.387442
-0.752134;-1.66263;0.393863
-0.744983;-1.63051;0.40769
-0.747651;-1.61838;0.415906
-0.744343;-1.60275;0.423157
-0.753392;-1.58796;0.430883
-0.757269;-1.57508;0.438751
-0.754563;-1.56158;0.446365
-0.75358;-1.54723;0.453962
-0.745683;-1.5193;0.467997
-0.753298;-1.50265;0.474986
-0.741649;-1.471;0.489852
-0.746056;-1.45493;0.497524
-0.752751;-1.43623;0.504445
-0.760363;-1.42505;0.512856
-0.745406;-1.40597;0.520087
-0.756429;-1.38866;0.527205
-0.760153;-1.37308;0.534824
-0.758004;-1.35645;0.542589
-0.76439;-1.34218;0.550651
-0.761051;-1.32456;0.557703
-0.760164;-1.30731;0.566067
-0.764164;-1.27474;0.581464
-0.759114;-1.25832;0.590172
-0.771363;-1.24196;0.597436
-0.778954;-1.22657;0.606219
-0.777136;-1.20794;0.613814
-0.775469;-1.18952;0.621735
-0.773054;-1.15958;0.639285
-0.779968;-1.14398;0.646552
-0.794355;-1.11297;0.664225
-0.801574;-1.09608;0.672033
-0.800169;-1.08094;0.680006
-0.801411;-1.06605;0.689151
-0.813329;-1.05111;0.697437
-0.815048;-1.03453;0.706032
-0.826729;-1.01759;0.713748
-0.827755;-1.00344;0.722528
-0.841923;-0.973231;0.739066
-0.843995;-0.955829;0.748394
-0.85296;-0.928229;0.765276
-0.861037;-0.90977;0.773046
-0.864375;-0.897188;0.781785
-0.870627;-0.879757;0.789513
-0.882344;-0.866296;0.79811
-0.884467;-0.848806;0.806275
-0.889691;-0.834774;0.814938
-0.898839;-0.819164;0.824681
-0.899564;-0.803389;0.83283
-0.911685;-0.772553;0.84898
-0.927788;-0.744565;0.865174
-0.933965;-0.728875;0.872851
-0.940523;-0.714935;0.881587
-0.950349;-0.698624;0.888756
-0.958369;-0.682109;0.896936
-0.964969;-0.670021;0.90594
-0.982951;-0.643435;0.921788
-1.00094;-0.613229;0.936658
-1.00909;-0.599691;0.944905
-1.01754;-0.584041;0.953872
-1.02637;-0.567736;0.961049
-1.03322;-0.55492;0.969089
-1.04237;-0.539341;0.977415
-1.05975;-0.525818;0.985741
-1.06509;-0.510089;0.993705
-1.06844;-0.498262;1.00284
-1.08474;-0.472717;1.01838
-1.09352;-0.457256;1.02668
-1.10996;-0.440743;1.03399
-1.11484;-0.428295;1.04111
-1.11883;-0.411555;1.04902
-1.12921;-0.397374;1.05569
-1.14227;-0.383598;1.06349
-1.14695;-0.369001;1.07092
-1.16122;-0.340579;1.08567
-1.16875;-0.324468;1.0925
-1.18362;-0.2952;1.10787
-1.1925;-0.282093;1.11547
-1.19971;-0.269479;1.12313
-1.21268;-0.252887;1.13032
-1.22113;-0.237928;1.13884
-1.22562;-0.223527;1.14605
-1.23596;-0.209518;1.1528
-1.25214;-0.183069;1.16725
-1.26818;-0.153158;1.18107
-1.27758;-0.124614;1.19239
-1.28938;-0.105695;1.19903
-1.29611;-0.0952348;1.20352
-1.29484;-0.0804171;1.20898
-1.29957;-0.0679438;1.21233
-1.30063;-0.0555703;1.216
-1.30365;-0.0436657;1.22024
-1.31192;-0.0182951;1.22644
-1.30324;-0.00356831;1.22922
-1.30768;0.0106845;1.23218
-1.30821;0.0246813;1.2338
-1.30705;0.0364351;1.23746
-1.30788;0.0521879;1.24044
-1.31338;0.0648664;1.24323
-1.30735;0.0784069;1.24571
-1.30963;0.0932709;1.24684
-1.30922;0.121771;1.25141
-1.31318;0.134317;1.25395
-1.31125;0.162702;1.25738
-1.30819;0.173328;1.25872
-1.3019;0.186816;1.26029
-1.30326;0.200258;1.25998
-1.30169;0.213201;1.26
-1.29694;0.225793;1.26096
-1.2922;0.238487;1.26117
-1.27992;0.261636;1.25718
-1.2693;0.275382;1.25637
-1.25601;0.296134;1.25063
-1.23723;0.307664;1.24475
-1.2332;0.316742;1.24177
-1.22015;0.327409;1.23726
-1.20274;0.3373;1.2323
-1.19402;0.343415;1.22737
-1.17973;0.346921;1.22191
-1.15537;0.359563;1.2096
-1.14327;0.365396;1.20446
-1.12888;0.364683;1.19976
-1.11614;0.369518;1.19286
-1.10465;0.372498;1.18753
-1.07436;0.378156;1.17418
-1.0654;0.377561;1.16821
-1.04629;0.379657;1.15577
-1.0312;0.378735;1.14808
-1.01357;0.382392;1.14269
-1.00496;0.382048;1.13819
-0.998784;0.380132;1.1325
-0.987023;0.377654;1.12694
-0.97587;0.379329;1.1191
-0.965213;0.381838;1.11353
-0.943234;0.377044;1.10495
-0.927062;0.377068;1.09522
-0.915386;0.379722;1.08906
-0.90491;0.37485;1.08548
-0.896602;0.371301;1.08026
-0.885983;0.371117;1.07341
-0.879179;0.372664;1.06901
-0.86594;0.36933;1.06395
-0.855747;0.368702;1.05907
-0.844806;0.366764;1.05384
-0.824188;0.361302;1.04312
-0.806802;0.360826;1.03375
-0.795443;0.36258;1.02971
-0.784299;0.359947;1.02429
-0.783853;0.355921;1.02048
-0.770071;0.356187;1.01543
-0.757408;0.356655;1.0089
-0.747005;0.352535;1.00345
-0.73922;0.352756;0.998859
-0.726118;0.345668;0.995183
-0.715184;0.346193;0.98858
-0.697201;0.340725;0.977627
-0.685498;0.338572;0.971808
-0.674069;0.333682;0.966648
-0.668424;0.332552;0.960773
-0.653192;0.327833;0.955108
-0.638172;0.32345;0.942444
-0.608868;0.31565;0.929627
-0.60162;0.317281;0.923117
-0.587641;0.314002;0.91583
-0.576405;0.309128;0.908823
-0.557238;0.301816;0.902758
-0.553538;0.298618;0.8953
-0.538382;0.296561;0.888122
-0.523215;0.291988;0.880459
-0.497416;0.284612;0.867223
-0.469736;0.273535;0.852116
-0.447553;0.269266;0.844569
-0.439847;0.264166;0.838212
-0.437574;0.254633;0.830561
-0.411248;0.253387;0.821496
-0.405806;0.245571;0.816532
-0.392402;0.241102;0.807713
-0.375123;0.23818;0.800854
-0.36058;0.229967;0.793122
-0.349391;0.219854;0.786034
-0.337886;0.21521;0.778493
-0.310997;0.206221;0.761693
-0.309502;0.190408;0.75675
-0.288033;0.192453;0.747386
-0.274228;0.187339;0.738019
-0.25683;0.176769;0.731109
-0.24138;0.174522;0.72251
-0.218921;0.165143;0.714912
-0.213256;0.156224;0.707042
-0.187092;0.145028;0.69091
-0.172136;0.135673;0.682593
-0.148039;0.118477;0.667557
-0.130528;0.11025;0.660139
-0.12504;0.0973608;0.65319
-0.110021;0.0946348;0.644046
-0.102936;0.0860209;0.636362
-0.0883454;0.0802831;0.627555
-0.0635855;0.0700959;0.619822
-0.0678141;0.0558175;0.613113
-0.048732;0.0504305;0.60436
-0.033959;0.0380284;0.597227
-0.00905032;0.0252573;0.580954
0.0171061;0.00958872;0.565593
0.0326189;8.2789e-05;0.558951
0.0276694;-0.0116999;0.552708
0.0374349;-0.0165291;0.544816
0.0512673;-0.0289636;0.53752
0.0671781;-0.0333789;0.529086
0.0806645;-0.0438852;0.521474
0.0959888;-0.0540505;0.513885
0.0992075;-0.0757954;0.500025
0.118005;-0.0841964;0.491578
0.132223;-0.103511;0.476885
0.147792;-0.112895;0.468651
0.15849;-0.119578;0.460321
0.175258;-0.125612;0.452393
0.18714;-0.135037;0.444861
0.197879;-0.144538;0.436147
0.21275;-0.157533;0.429106
0.220826;-0.164443;0.421293
0.251518;-0.185533;0.406177
0.258969;-0.196819;0.398879
0.276569;-0.217858;0.384411
0.301043;-0.230435;0.377604
0.308859;-0.239405;0.370681
0.317448;-0.251197;0.36391
0.317851;-0.251965;0.35543
0.337232;-0.262903;0.348161
0.347602;-0.279618;0.343339
0.354999;-0.28154;0.334644
0.357428;-0.290105;0.327836
0.363498;-0.307386;0.312926
0.386181;-0.317158;0.3058
0.404928;-0.327882;0.299583
0.410108;-0.329582;0.290835
0.405798;-0.332099;0.281565
0.435408;-0.350492;0.278304
0.442591;-0.352324;0.269906
0.447575;-0.361331;0.26325
0.47061;-0.375886;0.25839
0.472478;-0.379474;0.251367
0.489543;-0.388797;0.245081
0.504831;-0.401055;0.233136
0.515953;-0.407906;0.226825
0.534536;-0.422408;0.223108
0.551701;-0.429079;0.217434
0.558173;-0.433491;0.212074
0.579725;-0.443093;0.207676
0.5945;-0.451546;0.203903
0.6047;-0.450179;0.196735
0.626947;-0.466427;0.190396
0.657534;-0.479325;0.18404
0.656838;-0.470451;0.178954
0.666849;-0.482125;0.179108
0.676171;-0.480349;0.177149
0.692219;-0.479632;0.175245
0.694593;-0.486412;0.175811
0.697456;-0.483809;0.174038
0.712674;-0.49835;0.175345
0.715006;-0.496542;0.173704
0.710066;-0.496783;0.173128
0.725068;-0.490987;0.1711
0.731697;-0.489896;0.170276
0.72912;-0.495459;0.171439
0.732073;-0.490159;0.169842
0.733253;-0.496141;0.170804
0.736362;-0.497879;0.171299
0.733759;-0.496379;0.170424
0.738282;-0.503793;0.172002
0.734458;-0.500216;0.170972
0.736587;-0.503616;0.172044
0.738422;-0.50348;0.171683
0.737125;-0.501588;0.171175
0.737478;-0.500899;0.171178
0.736301;-0.50251;0.172174
0.730532;-0.49535;0.170812
0.725982;-0.492098;0.171077
0.715692;-0.487285;0.171074
0.7134;-0.488179;0.172744
0.692687;-0.482595;0.17475
0.676489;-0.48377;0.178732
0.662512;-0.480334;0.179436
0.63942;-0.476133;0.181277
0.633973;-0.47116;0.182292
0.629395;-0.47053;0.185178
0.624178;-0.46869;0.188482
0.61642;-0.464069;0.191005
0.59481;-0.466798;0.194895
0.600412;-0.464577;0.198626
0.575032;-0.460826;0.201772
0.563234;-0.463122;0.207344
0.540851;-0.444296;0.212495
0.534413;-0.442525;0.217399
0.527924;-0.442143;0.223399
0.512144;-0.436555;0.228419
0.507585;-0.433835;0.23441
0.486479;-0.406478;0.241243
0.477007;-0.396838;0.246671
0.462609;-0.387167;0.257313
0.461791;-0.373469;0.262594
0.439654;-0.373435;0.269501
0.431118;-0.357342;0.27425
0.416636;-0.358411;0.281709
0.414334;-0.35462;0.287403
0.40396;-0.341593;0.293173
0.375101;-0.337397;0.308619
0.352918;-0.316119;0.320019
0.345933;-0.30732;0.326962
0.334667;-0.303769;0.334757
0.322622;-0.293367;0.340941
0.309234;-0.286577;0.347952
0.306216;-0.279863;0.354815
0.29598;-0.275644;0.363657
0.278142;-0.265247;0.370214
0.272345;-0.25351;0.376896
0.24293;-0.230291;0.390624
0.232793;-0.220786;0.397822
0.209275;-0.205411;0.413158
0.199046;-0.197963;0.421077
0.186658;-0.185973;0.428743
0.179825;-0.175292;0.435518
0.163879;-0.171192;0.442764
0.149024;-0.158902;0.4499
0.141245;-0.153457;0.458492
0.128691;-0.144046;0.465421
0.109569;-0.134912;0.472857
0.0942015;-0.116745;0.488056
0.0690713;-0.105892;0.504198
0.0562264;-0.096917;0.511723
0.0452367;-0.0867192;0.519579
0.0235133;-0.083513;0.528195
0.0134396;-0.0707351;0.534313
-0.00149143;-0.0683165;0.543169
-0.0110325;-0.0597666;0.550027
-0.0290864;-0.0507241;0.556861
-0.0466267;-0.0356134;0.571745
-0.0596864;-0.0282062;0.579376
-0.0790028;-0.0162817;0.593244
-0.104759;-0.00645919;0.600574
-0.120338;-0.0037741;0.609831
-0.133008;0.0123791;0.615528
-0.147385;0.0121902;0.624792
-0.159867;0.0209374;0.631554
-0.174114;0.0310155;0.639525
-0.188999;0.0362827;0.647316
-0.203037;0.0417947;0.654481
-0.202311;0.0538966;0.66073
-0.242427;0.0590205;0.67791
-0.270726;0.0751744;0.692517
-0.291335;0.0804188;0.700825
-0.304925;0.0896107;0.707663
-0.307645;0.0983075;0.714804
-0.32476;0.101027;0.722839
-0.340351;0.106538;0.730612
-0.353915;0.114181;0.73739
-0.367387;0.118231;0.745985
-0.378967;0.124565;0.752354
-0.398616;0.129304;0.760203
-0.41133;0.139126;0.7676
-0.422291;0.143588;0.775728
-0.45466;0.156614;0.790916
-0.467052;0.162956;0.798506
-0.480678;0.168014;0.806537
-0.491912;0.17371;0.814703
-0.509204;0.178366;0.822007
-0.537786;0.188891;0.8376
-0.554822;0.198099;0.845296
-0.585746;0.204776;0.861364
-0.599298;0.21363;0.869884
-0.614011;0.214522;0.877041
-0.631102;0.220364;0.885163
-0.646475;0.22551;0.893666
-0.660593;0.233153;0.902029
-0.674881;0.235605;0.910105
-0.692162;0.239929;0.917515
-0.725735;0.246752;0.933866
-0.734731;0.249906;0.941016
-0.77113;0.257454;0.956216
-0.783661;0.260287;0.963624
-0.793796;0.266433;0.972147
-0.811446;0.268063;0.979361
-0.828042;0.268988;0.986756
-0.846724;0.274678;0.996248
-0.857395;0.278562;1.00344
-0.872126;0.283428;1.01194
-0.890402;0.282176;1.01907
-0.915568;0.287425;1.03541
-0.932963;0.289979;1.0436
-0.94972;0.293402;1.05127
-0.961034;0.29335;1.06108
-0.975503;0.293875;1.06843
-0.997212;0.295012;1.07715
-1.00801;0.29919;1.0855
-1.02361;0.302725;1.09201
-1.05409;0.305713;1.10676
-1.06839;0.305664;1.11536
-1.10191;0.305979;1.12963
-1.1171;0.308949;1.13647
-1.13432;0.305002;1.14518
-1.14756;0.305008;1.15283
-1.15956;0.305434;1.15978
-1.17344;0.308439;1.16745
-1.18816;0.307403;1.17617
-1.20689;0.308445;1.18272
-1.24283;0.308205;1.19859
-1.25604;0.308495;1.20505
-1.26999;0.306145;1.21295
-1.28677;0.306035;1.22076
-1.29852;0.304398;1.22976
-1.31679;0.303591;1.2368
-1.32844;0.302786;1.24359
-1.36083;0.302053;1.26012
-1.37819;0.296053;1.26771
-1.40279;0.294484;1.2842
-1.42252;0.294408;1.29105
-1.44368;0.290686;1.29787
-1.46185;0.287574;1.30655
-1.47114;0.283521;1.31388
-1.48682;0.280898;1.32352
-1.49394;0.278812;1.3309
-1.51124;0.27471;1.33659
-1.53165;0.272814;1.34396
-1.54266;0.267316;1.35291
-1.55341;0.264801;1.35836
-1.5768;0.256548;1.37349
-1.6014;0.250184;1.37983
-1.60813;0.246829;1.38781
-1.62631;0.242609;1.39534
-1.64314;0.236219;1.40096
-1.65679;0.233626;1.40873
-1.66863;0.225845;1.41703
-1.67532;0.21603;1.42488
-1.71009;0.206435;1.43633
-1.72467;0.199541;1.44384
-1.75158;0.187426;1.46141
-1.76606;0.180297;1.4693
-1.77706;0.174181;1.47644
-1.79755;0.168035;1.48306
-1.81115;0.161959;1.49028
-1.82198;0.154957;1.49831
-1.83711;0.144092;1.50553
-1.86108;0.132059;1.51927
-1.87655;0.128614;1.52509
-1.90269;0.111662;1.53953
-1.91424;0.104069;1.54591
-1.92828;0.0947937;1.5531
-1.93957;0.0866169;1.56046
-1.9535;0.0814786;1.56769
-1.96824;0.0737137;1.57596
-1.97943;0.0668787;1.58254
-2.00316;0.0474496;1.59867
-2.01355;0.0409327;1.60556
-2.04009;0.0228955;1.61864
-2.05385;0.0171359;1.6275
-2.0636;0.00225024;1.63633
-2.07466;-0.00350874;1.64148
-2.08706;-0.0147484;1.64889
-2.10072;-0.0232431;1.65557
-2.11154;-0.0319775;1.66249
-2.13526;-0.0484454;1.67812
-2.15866;-0.0648152;1.69408
-2.16983;-0.0750116;1.70059
-2.17962;-0.083628;1.70689
-2.1899;-0.0956721;1.71459
-2.20095;-0.101463;1.72299
-2.21288;-0.111416;1.7301
-2.2246;-0.121028;1.73789
-2.24591;-0.137725;1.75279
-2.26798;-0.159136;1.76727
-2.27668;-0.166483;1.77529
-2.28368;-0.178691;1.78312
-2.29399;-0.185398;1.79093
-2.30482;-0.196341;1.79742
-2.31302;-0.205991;1.805
-2.32189;-0.218262;1.81249
-2.33615;-0.228918;1.81876
-2.35349;-0.249515;1.83361
-2.3633;-0.259498;1.84113
-2.37143;-0.270634;1.84715
-2.37877;-0.276339;1.85688
-2.39174;-0.291475;1.86196
-2.4015;-0.301238;1.86904
-2.42375;-0.325445;1.88072
-2.43243;-0.33729;1.88853
-2.45349;-0.358981;1.90192
-2.45993;-0.366747;1.90982
-2.46906;-0.379343;1.91626
-2.4757;-0.38563;1.92524
-2.48847;-0.400438;1.93091
-2.50107;-0.415734;1.9355
-2.51663;-0.436998;1.93848
-2.52282;-0.447577;1.94624
-2.54112;-0.473466;1.95933
-2.55198;-0.482757;1.9656
-2.55651;-0.492588;1.97306
-2.56798;-0.504806;1.9798
-2.57751;-0.516398;1.9866
-2.58646;-0.529932;1.99254
-2.59715;-0.542233;2.00054
-2.60533;-0.55515;2.0082
-2.6234;-0.579168;2.02385
-2.62899;-0.589007;2.03095
-2.64807;-0.616546;2.04644
-2.65798;-0.628292;2.05423
-2.66663;-0.637946;2.06246
-2.67871;-0.652954;2.06895
-2.6886;-0.666512;2.07574
-2.69689;-0.679799;2.08368
-2.70866;-0.690654;2.09205
-2.72086;-0.709491;2.09747
-2.729;-0.71724;2.10633
-2.7435;-0.742903;2.12252
-2.75475;-0.754589;2.13098
-2.76275;-0.764945;2.13894
-2.7692;-0.77739;2.14677
-2.78076;-0.792337;2.1529
-2.7863;-0.803291;2.16222
-2.79746;-0.817509;2.16906
-2.81601;-0.840585;2.1863
-2.8199;-0.850572;2.19582
-2.83786;-0.875642;2.21258
-2.84558;-0.884604;2.22153
-2.85441;-0.901517;2.22863
-2.86532;-0.909006;2.23765
-2.86609;-0.922102;2.24686
-2.87935;-0.933797;2.25379
-2.88578;-0.945768;2.26403
-2.90199;-0.970479;2.27859
-2.90722;-0.983466;2.28781
-2.92071;-1.0115;2.30408
-2.92899;-1.02535;2.31298
-2.93633;-1.03834;2.32181
-2.94604;-1.04783;2.33173
-2.9502;-1.06793;2.33777
-2.96026;-1.07977;2.34728
-2.96764;-1.09726;2.35544
-2.97338;-1.11054;2.36192
-2.98501;-1.13772;2.37899
-2.99216;-1.14925;2.38719
-3.00008;-1.16209;2.39627
-3.00186;-1.17827;2.40362
-3.00969;-1.18948;2.4113
-3.01524;-1.20494;2.41876
-3.0171;-1.21764;2.42684
-3.02821;-1.23222;2.43424
-3.03429;-1.24272;2.44447
-3.04211;-1.27072;2.46041
-3.05344;-1.29745;2.47655
-3.05866;-1.31548;2.48348
-3.06177;-1.33057;2.48996
-3.06609;-1.34142;2.49842
-3.06875;-1.35429;2.50722
-3.07416;-1.36764;2.51506
-3.07704;-1.38594;2.52135
-3.08448;-1.40883;2.53879
-3.09101;-1.42574;2.54616
-3.09521;-1.45651;2.56205
-3.09959;-1.48089;2.56734
-3.10444;-1.48822;2.57818
-3.10522;-1.50001;2.58675
-3.10854;-1.52195;2.59329
-3.11316;-1.53724;2.60033
-3.11733;-1.54966;2.6109
-3.12078;-1.57204;2.61744
-3.1267;-1.58412;2.62661
-3.12648;-1.60181;2.63567
-3.12742;-1.61527;2.64394
-3.13234;-1.63315;2.65185
-3.1356;-1.64747;2.66034
-3.1386;-1.67691;2.67737
-3.13926;-1.69463;2.68373
-3.14129;-1.70717;2.69204
-3.14301;-1.72506;2.6995
-3.14453;-1.74257;2.70685
-3.14428;-1.75617;2.71444
-3.1451;-1.77316;2.72132
-3.15007;-1.79147;2.72863
-3.15183;-1.82194;2.7426
-3.15269;-1.83481;2.75068
-3.15462;-1.86828;2.7642
-3.15331;-1.87776;2.77349
-3.15268;-1.89122;2.78116
-3.1522;-1.90673;2.78997
-3.15113;-1.91677;2.79836
-3.15384;-1.9354;2.80581
-3.15355;-1.95221;2.81352
-3.15291;-1.96666;2.82194
-3.14935;-1.99961;2.83728
-3.14998;-2.01573;2.84658
-3.14731;-2.04531;2.86274
-3.14673;-2.0613;2.86974
-3.14564;-2.07579;2.8785
-3.14356;-2.092;2.88512
-3.14318;-2.10588;2.89478
-3.13987;-2.12782;2.89993
-3.13606;-2.15262;2.91662
-3.13277;-2.16877;2.92426
-3.12658;-2.19775;2.94041
-3.12534;-2.21673;2.94799
-3.12166;-2.23253;2.95622
-3.12256;-2.24982;2.96345
-3.12012;-2.25759;2.97355
-3.11409;-2.27287;2.98067
-3.1138;-2.29381;2.98771
-3.10909;-2.3105;2.99502
-3.10449;-2.32474;3.00415
-3.10011;-2.35446;3.01973
-3.09245;-2.37137;3.02864
-3.08582;-2.40263;3.04457
-3.08328;-2.41313;3.05274
-3.07863;-2.42481;3.06185
-3.07417;-2.44495;3.0684
-3.07014;-2.45728;3.07606
-3.06427;-2.46587;3.08502
-3.05825;-2.48598;3.09194
-3.04978;-2.5158;3.10716
-3.0399;-2.54739;3.12421
-3.03399;-2.56228;3.13225
-3.02934;-2.56952;-3.14134
-3.02155;-2.59092;-3.13503
-3.02008;-2.60357;-3.12691
-3.01622;-2.61283;-3.11814
-3.00425;-2.63235;-3.11072
-2.99829;-2.64465;-3.10191
-2.99701;-2.65274;-3.0942
-2.98812;-2.67335;-3.08659
-2.9808;-2.68964;-3.0781
-2.96813;-2.71997;-3.06315
-2.96172;-2.73367;-3.05436
-2.9574;-2.74739;-3.04701
-2.94702;-2.76052;-3.03825
-2.93962;-2.77526;-3.02984
-2.93511;-2.78721;-3.02178
-2.92566;-2.80405;-3.01482
-2.91893;-2.80933;-3.00445
-2.90415;-2.83804;-2.98972
-2.89546;-2.84932;-2.982
-2.88177;-2.87926;-2.96658
-2.87266;-2.89055;-2.95816
-2.86679;-2.90453;-2.9501
-2.85841;-2.91387;-2.94166
-2.84802;-2.92902;-2.935
-2.84034;-2.94001;-2.92705
-2.83333;-2.95349;-2.91944
-2.81051;-2.97787;-2.90574
-2.79188;-2.99618;-2.89008
-2.78062;-3.01013;-2.88465
-2.77155;-3.01705;-2.87697
-2.76086;-3.02667;-2.87036
-2.74818;-3.03625;-2.86309
-2.73906;-3.05061;-2.85721
-2.72722;-3.05363;-2.84862
-2.72007;-3.06339;-2.84192
-2.69604;-3.08023;-2.83006
-2.67356;-3.10135;-2.81772
-2.662;-3.10498;-2.8119
-2.65103;-3.11211;-2.80591
-2.63869;-3.12246;-2.80105
-2.62655;-3.13021;-2.79504
-2.61572;-3.13567;-2.78774
-2.60527;-3.14242;-2.78149
-2.59211;-3.14554;-2.77494
-2.57974;-3.15134;-2.76963
-2.55637;-3.16524;-2.75844
-2.53139;-3.17715;-2.74827
-2.52033;-3.18229;-2.74295
-2.50806;-3.18959;-2.73694
-2.49616;-3.19161;-2.73076
-2.48632;-3.19551;-2.72601
-2.45767;-3.2039;-2.71449
-2.44531;-3.20883;-2.70796
-2.42058;-3.21721;-2.69492
-2.40694;-3.21896;-2.68885
-2.39135;-3.22569;-2.68326
-2.37813;-3.22534;-2.67718
-2.36491;-3.23553;-2.67318
-2.35097;-3.23569;-2.66684
-2.33668;-3.24625;-2.6629
-2.32383;-3.24669;-2.65621
-2.29451;-3.25601;-2.64472
-2.28309;-3.25998;-2.63914
-2.25643;-3.27101;-2.6274
-2.24385;-3.27242;-2.622
-2.22996;-3.28012;-2.6183
-2.21889;-3.28033;-2.61184
-2.20581;-3.28479;-2.60634
-2.19176;-3.28579;-2.59921
-2.17607;-3.29634;-2.59502
-2.14823;-3.29654;-2.58199
-2.12165;-3.30349;-2.57177
-2.10577;-3.3062;-2.56513
-2.09086;-3.30937;-2.55877
-2.0798;-3.31115;-2.55388
-2.06703;-3.31641;-2.5487
-2.05057;-3.31774;-2.5421
-2.03424;-3.31871;-2.53584
-2.00919;-3.32792;-2.5247
-1.9791;-3.3322;-2.51195
-1.9654;-3.3398;-2.507
-1.95046;-3.34793;-2.50232
-1.93653;-3.34708;-2.49657
-1.92679;-3.34309;-2.48943
-1.90775;-3.35033;-2.48355
-1.89538;-3.35103;-2.47767
-1.87849;-3.35463;-2.47074
-1.86396;-3.35331;-2.4653
-1.84869;-3.35788;-2.4604
-1.83456;-3.36092;-2.45369
-1.80615;-3.36292;-2.4409
-1.79139;-3.36563;-2.43588
-1.77554;-3.36859;-2.42977
-1.76067;-3.37079;-2.42407
-1.74747;-3.37083;-2.41517
-1.72001;-3.37249;-2.40639
-1.7001;-3.37231;-2.39984
-1.67164;-3.37654;-2.38637
-1.65614;-3.3714;-2.38051
-1.64049;-3.37099;-2.37426
-1.62587;-3.37336;-2.36881
-1.61314;-3.37461;-2.36399
-1.59791;-3.37219;-2.35837
-1.58287;-3.37331;-2.35204
-1.56966;-3.37365;-2.34642
-1.53919;-3.36858;-2.33645
-1.52276;-3.37235;-2.3315
-1.49459;-3.37665;-2.32027
-1.47834;-3.37703;-2.31559
-1.46605;-3.373;-2.31009
-1.45146;-3.36984;-2.30217
-1.43525;-3.3737;-2.29779
-1.42272;-3.37258;-2.29294
-1.40715;-3.3729;-2.2874
-1.39191;-3.36925;-2.28046
-1.37915;-3.3746;-2.27562
-1.3522;-3.37283;-2.26577
-1.32272;-3.37648;-2.25467
-1.31139;-3.36967;-2.24844
-1.29599;-3.37455;-2.24427
-1.27753;-3.36921;-2.23783
-1.26604;-3.36424;-2.23148
-1.25021;-3.36373;-2.22596
-1.23898;-3.36135;-2.21981
-1.20987;-3.35913;-2.21094
-1.19408;-3.35677;-2.20482
-1.16819;-3.35929;-2.19341
-1.15505;-3.34789;-2.18818
-1.14134;-3.3503;-2.18359
-1.1289;-3.34449;-2.17735
-1.11507;-3.34055;-2.17071
-1.08837;-3.33438;-2.16003
-1.06402;-3.33221;-2.14782
-1.05107;-3.32668;-2.14247
-1.03671;-3.32467;-2.13626
-1.0227;-3.31951;-2.13011
-0.998644;-3.31624;-2.119
-0.969573;-3.31215;-2.10753
-0.958528;-3.30488;-2.10119
-0.939848;-3.30395;-2.09608
-0.929156;-3.30114;-2.08871
-0.911373;-3.29995;-2.08284
-0.900165;-3.28993;-2.07707
-0.889506;-3.28705;-2.06981
-0.874928;-3.28585;-2.06472
-0.854876;-3.2825;-2.05977
-0.830461;-3.272;-2.0478
-0.812859;-3.26908;-2.04245
-0.796634;-3.26902;-2.0367
-0.784323;-3.25788;-2.03117
-0.771554;-3.25363;-2.02463
-0.759751;-3.24816;-2.01802
-0.742771;-3.24544;-2.01244
-0.717456;-3.23661;-2.00202
-0.705161;-3.23354;-1.99612
-0.67346;-3.22585;-1.98485
-0.661987;-3.22006;-1.98004
-0.647374;-3.21735;-1.97387
-0.637072;-3.21458;-1.96663
-0.622083;-3.21074;-1.96129
-0.610718;-3.20078;-1.95526
-0.597182;-3.19998;-1.94948
-0.586737;-3.19373;-1.94264
-0.571428;-3.18833;-1.93748
-0.548756;-3.17727;-1.92834
-0.524114;-3.17323;-1.91765
-0.508939;-3.16821;-1.91217
-0.495042;-3.15969;-1.90605
-0.484346;-3.14925;-1.89932
-0.467574;-3.14956;-1.89348
-0.453576;-3.14589;-1.88852
-0.438276;-3.14284;-1.88171
-0.424592;-3.13204;-1.87714
-0.410572;-3.1321;-1.87033
-0.37931;-3.12269;-1.8575
-0.353344;-3.10878;-1.84531
-0.336992;-3.10258;-1.83863
-0.324661;-3.09181;-1.83137
-0.30726;-3.0847;-1.82533
-0.294601;-3.07962;-1.81853
-0.285054;-3.07941;-1.81171
-0.270689;-3.06862;-1.80474
-0.255907;-3.06071;-1.79869
-0.235599;-3.05168;-1.78281
-0.212827;-3.04355;-1.77761
-0.186831;-3.03452;-1.76524
-0.181742;-3.0227;-1.75694
-0.16758;-3.01116;-1.74927
-0.149413;-3.00201;-1.74329
-0.14442;-2.9958;-1.73789
-0.129312;-2.99272;-1.72993
-0.116832;-2.99027;-1.72387
-0.106965;-2.98012;-1.71749
-0.0768346;-2.97138;-1.70433
-0.0493315;-2.95278;-1.69117
-0.038922;-2.94873;-1.68472
-0.0288517;-2.94498;-1.67711
-0.0159405;-2.93659;-1.66992
7.63889e-05;-2.92685;-1.66383
0.0131633;-2.91773;-1.65748
0.0282951;-2.91247;-1.64963
0.0330834;-2.89923;-1.64128
0.0500765;-2.89357;-1.63472
0.0669978;-2.86822;-1.61881
0.0834371;-2.8697;-1.61234
0.0999582;-2.86082;-1.60613
0.111721;-2.85753;-1.5981
0.131959;-2.84229;-1.59185
0.144763;-2.83906;-1.58591
0.154718;-2.83262;-1.57823
0.179403;-2.81382;-1.56293
0.192303;-2.80116;-1.55527
0.218194;-2.79584;-1.53885
0.231116;-2.78414;-1.5322
0.244568;-2.77727;-1.52451
0.256029;-2.7708;-1.51585
0.266831;-2.75613;-1.50744
0.27991;-2.7508;-1.50034
0.296387;-2.74836;-1.49376
0.304195;-2.73964;-1.48557
0.326535;-2.72758;-1.47019
0.338264;-2.71734;-1.46268
0.357857;-2.71114;-1.45697
0.366622;-2.70503;-1.44855
0.376076;-2.68737;-1.44039
0.389721;-2.67638;-1.43261
0.406465;-2.66945;-1.42623
0.437899;-2.64623;-1.41215
0.44757;-2.63942;-1.40452
0.478404;-2.62044;-1.39119
0.486742;-2.61044;-1.38211
0.495294;-2.60337;-1.37415
0.515099;-2.58845;-1.36799
0.523339;-2.57703;-1.35885
0.534392;-2.57414;-1.35149
0.54402;-2.56865;-1.34269
0.557458;-2.55808;-1.33721
0.56886;-2.54585;-1.33057
0.594393;-2.5326;-1.31334
0.620515;-2.51078;-1.29918
0.625726;-2.49623;-1.28986
0.640425;-2.48428;-1.28381
0.64888;-2.47328;-1.27593
0.657336;-2.46039;-1.26664
0.670122;-2.45308;-1.26027
0.685698;-2.44582;-1.253
0.697601;-2.43101;-1.24562
0.704516;-2.42184;-1.23612
0.714933;-2.411;-1.2291
0.719995;-2.40359;-1.22121
0.752674;-2.38604;-1.20678
0.765971;-2.35884;-1.19153
0.784218;-2.35119;-1.18344
0.796944;-2.33799;-1.17594
0.804801;-2.32565;-1.16907
0.824319;-2.31041;-1.163
0.827403;-2.29226;-1.1558
0.839233;-2.28233;-1.14716
0.844039;-2.27917;-1.13808
0.864112;-2.25136;-1.12154
0.881592;-2.21979;-1.10746
0.890143;-2.21237;-1.10042
0.897561;-2.20541;-1.09171
0.905635;-2.19433;-1.08329
0.922247;-2.17333;-1.07685
0.931518;-2.15223;-1.0611
0.960332;-2.12964;-1.04642
0.962588;-2.11663;-1.03832
0.976726;-2.11004;-1.03092
0.985996;-2.08768;-1.02504
0.998435;-2.07478;-1.01659
1.00255;-2.06194;-1.00747
1.01445;-2.05341;-1.00057
1.02154;-2.03778;-0.993309
1.03868;-2.00815;-0.978818
1.03881;-1.99971;-0.969813
1.04986;-1.98085;-0.963247
1.05796;-1.96569;-0.954412
1.06746;-1.96658;-0.944813
1.07835;-1.94815;-0.93819
1.07505;-1.93966;-0.928294
1.09662;-1.91403;-0.913751
1.09805;-1.89897;-0.906095
1.10641;-1.86623;-0.891829
1.12135;-1.85113;-0.884713
1.12818;-1.83798;-0.876579
1.13338;-1.8283;-0.86792
1.14288;-1.81245;-0.861348
1.14118;-1.79695;-0.852696
1.14349;-1.78348;-0.845038
1.15297;-1.76585;-0.838611
1.16222;-1.74948;-0.831259
1.16705;-1.73992;-0.823519
1.17303;-1.71442;-0.807781
1.18505;-1.69688;-0.801388
1.1835;-1.69124;-0.792199
1.19443;-1.67579;-0.784844
1.19079;-1.66234;-0.77646
1.20253;-1.64895;-0.769229
1.2018;-1.63308;-0.762359
1.20402;-1.60494;-0.746559
1.2148;-1.59609;-0.738176
1.22437;-1.55741;-0.725024
1.22346;-1.55332;-0.715752
1.23675;-1.53437;-0.709298
1.23679;-1.52265;-0.700673
1.24158;-1.50431;-0.693835
1.24653;-1.48865;-0.687217
1.2523;-1.46553;-0.671188
1.25117;-1.45154;-0.663676
1.2584;-1.42453;-0.648771
1.2674;-1.40474;-0.642905
1.26936;-1.39116;-0.635351
1.26798;-1.38193;-0.627135
1.26558;-1.3645;-0.621083
1.26667;-1.35355;-0.612917
1.26488;-1.33341;-0.598655
1.26767;-1.31859;-0.59087
1.26613;-1.28599;-0.577548
1.27665;-1.27189;-0.571351
1.2706;-1.25947;-0.563393
1.26871;-1.25207;-0.555247
1.26851;-1.23711;-0.54828
1.26877;-1.21985;-0.541555
1.26619;-1.20178;-0.535601
1.27277;-1.19728;-0.526329
1.28015;-1.16777;-0.521976
1.2749;-1.15139;-0.505387
1.27671;-1.13612;-0.498202
1.27715;-1.10622;-0.483859
1.28318;-1.08401;-0.47834
1.28145;-1.06787;-0.471222
1.27207;-1.06472;-0.460843
1.26482;-1.05071;-0.453369
1.26839;-1.0348;-0.44755
1.27215;-1.00283;-0.433121
1.26901;-0.974235;-0.417522
1.26694;-0.965899;-0.409279
1.26183;-0.946632;-0.40196
1.25765;-0.930383;-0.394904
1.25904;-0.91353;-0.388056
1.25967;-0.895756;-0.380983
1.256;-0.878919;-0.37314
1.25193;-0.866128;-0.366002
1.25164;-0.851006;-0.35858
1.2456;-0.832249;-0.351514
1.24789;-0.8158;-0.344236
1.24481;-0.784082;-0.330062
1.24175;-0.758745;-0.314077
1.23985;-0.751216;-0.306992
1.22628;-0.74043;-0.29958
1.21853;-0.734442;-0.291368
1.21553;-0.7228;-0.285812
1.20821;-0.702978;-0.281103
1.19832;-0.689069;-0.268125
1.18533;-0.666875;-0.259711
1.17853;-0.654731;-0.255382
1.1651;-0.648289;-0.250853
1.16435;-0.630766;-0.24796
1.15711;-0.63021;-0.24165
1.1466;-0.632807;-0.23577
1.14822;-0.620927;-0.232099
1.1316;-0.617845;-0.226449
1.12051;-0.601471;-0.223515
1.10969;-0.591822;-0.219425
1.09586;-0.554756;-0.213911
1.08813;-0.548095;-0.208544
1.07937;-0.545444;-0.20112
1.07006;-0.539866;-0.194399
1.05747;-0.525319;-0.189826
1.0484;-0.510639;-0.18333
1.02969;-0.493919;-0.168728
1.01976;-0.476281;-0.163197
0.993634;-0.452192;-0.149109
0.992826;-0.433178;-0.143411
0.991263;-0.420802;-0.136673
0.984703;-0.407022;-0.13034
0.97301;-0.403475;-0.120809
0.966831;-0.395484;-0.11344
0.958496;-0.386549;-0.105965
0.954521;-0.358876;-0.101603
0.945038;-0.341386;-0.0857065
0.939717;-0.318809;-0.0808074
0.932509;-0.29046;-0.0667143
0.921303;-0.266656;-0.0612834
0.910305;-0.264382;-0.0512105
0.909433;-0.245975;-0.0453969
0.903892;-0.235135;-0.0378315
0.894115;-0.220891;-0.0304175
0.884473;-0.189903;-0.0178502
0.872243;-0.183376;-0.00954155
0.857241;-0.159151;0.00296377
0.856189;-0.15106;0.00941577
0.842664;-0.144012;0.0138549
0.841179;-0.128023;0.0175641
0.825632;-0.116712;0.0210977
0.820804;-0.101357;0.025804
0.800672;-0.096648;0.0369468
0.794042;-0.0907823;0.0419719
0.763776;-0.0668627;0.0518996
0.759358;-0.0534316;0.0559857
0.748844;-0.0488729;0.0607508
0.744418;-0.0410288;0.0647434
0.732692;-0.0427884;0.0690462
0.716489;-0.0246179;0.0700177
0.701352;-0.0233456;0.0740029
0.68129;-0.023888;0.0782371
0.655565;-0.0202977;0.078483
0.642305;-0.0114255;0.0764914
0.631462;-0.0284604;0.079231
0.625418;-0.0415702;0.0806456
0.611487;-0.0343934;0.0771595
0.608406;-0.0355657;0.0742761
0.594963;-0.0434904;0.0722613
0.572621;-0.066698;0.0719812
0.564097;-0.0596791;0.0677174
0.545844;-0.087819;0.0677536
0.534598;-0.0980954;0.0661078
0.522422;-0.099685;0.0621294
0.508627;-0.0972925;0.0572191
0.470276;-0.114095;0.0484072
0.45969;-0.108692;0.0417727
0.44822;-0.139268;0.0350603
0.438304;-0.153415;0.0311486
0.430057;-0.160504;0.0261584
0.417097;-0.159522;0.0194259
0.41123;-0.169982;0.0150858
0.398361;-0.17495;0.0101782
0.388942;-0.185126;0.00631348
0.373219;-0.19653;0.00228079
0.352569;-0.18892;-0.00434799
0.353542;-0.212722;-0.00478982
0.351064;-0.225452;-0.00715367
0.33256;-0.222952;-0.0152947
0.320405;-0.227324;-0.0169458
0.314747;-0.222671;-0.0192654
0.306873;-0.229174;-0.0207538
0.299977;-0.222245;-0.0226988
0.294847;-0.231931;-0.0219907
0.294432;-0.244679;-0.0210017
0.288801;-0.241065;-0.0228925
0.282556;-0.249328;-0.0222795
0.271811;-0.253853;-0.0230833
0.272056;-0.252773;-0.0237652
0.267735;-0.251196;-0.0243221
0.267255;-0.252113;-0.0243866
0.263688;-0.249617;-0.0249504
0.262216;-0.253797;-0.023858
0.263718;-0.252033;-0.0234553
0.277033;-0.251475;-0.0219091
0.275466;-0.243233;-0.0225036
0.288809;-0.235371;-0.0202291
0.298096;-0.224938;-0.0190978
0.297297;-0.230643;-0.0156482
0.309713;-0.215472;-0.015492
0.321354;-0.224374;-0.0115184
0.3265;-0.20977;-0.0109621
0.327524;-0.216326;-0.00795553
0.342201;-0.223587;-0.00387158
0.339763;-0.207451;-0.0043563
0.341848;-0.189017;-0.00549137
0.348397;-0.200589;-0.00213398
0.347327;-0.196569;-0.00149886
0.343566;-0.192322;-0.00292382
0.349648;-0.192735;-0.00172616
0.35093;-0.188974;-0.00173888
0.355664;-0.188347;-0.00170423
0.35065;-0.175983;-0.00398874
0.347418;-0.183052;-0.00294419
0.346248;-0.185;-0.00258404
0.354696;-0.189472;-0.00149435
0.359283;-0.188715;-0.00127687
0.356756;-0.191689;-0.000710227
0.356831;-0.195938;-0.000173512
0.350889;-0.199306;0.000448665
0.350445;-0.202809;0.00115639
0.34786;-0.201351;0.0014141
0.354808;-0.204295;0.00178085
0.352161;-0.205923;0.00190557
0.35107;-0.203168;0.00158134
0.350053;-0.205933;0.00227569
0.350317;-0.20245;0.00150531
0.348302;-0.203213;0.00192472
0.351594;-0.204472;0.0022845
0.348683;-0.201964;0.00198602
0.347897;-0.204835;0.00209485
0.350833;-0.20304;0.0023318
0.348918;-0.204959;0.00273309
0.345236;-0.201354;0.00227455
0.342618;-0.203122;0.00269496
0.351266;-0.19845;0.00186905
0.346414;-0.202592;0.00237124
0.347239;-0.199486;0.00187205
0.346942;-0.202435;0.00221799
0.345443;-0.203664;0.0024028
0.350382;-0.198119;0.00179961
0.350387;-0.199149;0.00185415
0.346354;-0.2022;0.0028645
0.347357;-0.200256;0.00244063
0.346687;-0.202494;0.00294172
0.343476;-0.203877;0.00300658
0.342512;-0.203632;0.00283644
0.342401;-0.200242;0.00257099
0.341713;-0.204277;0.00332941
0.34458;-0.1992;0.00224917
0.346432;-0.201627;0.00307508
0.345619;-0.201339;0.0030074
0.345069;-0.202901;0.00306277
0.350268;-0.202802;0.00323554