x;y;theta
0;0;0
0;0;0
0;0;0
0;0;0
0;0;0
0;0;0
0;0;0
0;0;0
0;0;0
0;0;0
0;0;0
0;0;0
0;0;0
0;0;0
0;0;0
0;0;0
0;0;0
0;0;0
0;0;0
0;0;0
0;0;0
0;0;0
0;0;0
0;0;0
0;0;0
0;0;0
0;0;0
-1.5343e-06;-9.15919e-08;-6.10613e-08
-1.5343e-06;-9.15919e-08;-6.10613e-08
7.05778e-05;4.21333e-06;2.80882e-06
0.00046029;2.74818e-05;1.83184e-05
0.000785561;4.69074e-05;3.12634e-05
0.00181814;0.000108602;7.23576e-05
0.00256841;0.000153456;0.000102217
0.00374828;0.000224039;0.000149173
0.00497264;0.000297342;0.0001979
0.00620159;0.00037098;0.00024681
0.0114396;0.000685514;0.000455273
0.0156618;0.000939852;0.000623314
0.0197659;0.00118775;0.000786653
0.0233836;0.00140683;0.000930635
0.0263001;0.00158383;0.00104671
0.0317435;0.00191509;0.00126336
0.035068;0.00211799;0.00139568
0.0363521;0.00219648;0.00144679
0.0449986;0.00272669;0.00179093
0.051649;0.00313653;0.00205563
0.0574402;0.00349486;0.00228614
0.0677737;0.00413758;0.00269744
0.0804462;0.0049316;0.00320187
0.0871083;0.0053516;0.00346706
0.0938041;0.00577551;0.00373359
0.0956249;0.00589109;0.00380607
0.112745;0.00698435;0.00448758
0.119774;0.00743666;0.00476742
0.133297;0.00831225;0.00530574
0.141623;0.00885507;0.00563724
0.148289;0.00929159;0.00590261
0.153169;0.00961232;0.00609691
0.158123;0.00993886;0.00629414
0.16577;0.0104448;0.00659859
0.171514;0.0108264;0.00682726
0.182786;0.0115791;0.00727606
0.191723;0.0121796;0.00763193
0.196474;0.0125;0.0078211
0.202015;0.0128749;0.00804171
0.204349;0.0130332;0.00813465
0.209963;0.0134148;0.00835819
0.214302;0.0137235;0.00853951
0.218829;0.0140999;0.00876435
0.223357;0.0145132;0.00901304
0.226807;0.0148459;0.00921389
0.234215;0.0156067;0.00967441
0.242005;0.0165186;0.0102306
0.24764;0.0172146;0.0106554
0.253447;0.0179806;0.0111238
0.261093;0.0190621;0.0117864
0.265696;0.0197524;0.0122098
0.274107;0.0211706;0.0130843
0.279024;0.0220676;0.0136384
0.28604;0.0234801;0.0145141
0.301277;0.0272569;0.0168723
0.307031;0.0288063;0.0178384
0.325349;0.0349225;0.0216739
0.333006;0.0376922;0.0234049
0.338959;0.0399728;0.0248291
0.344623;0.042283;0.0262723
0.356588;0.0475458;0.0295568
0.362297;0.0501514;0.0311775
0.371905;0.0547283;0.0340184
0.377935;0.0577379;0.0358831
0.385413;0.0615611;0.0382454
0.400706;0.069799;0.0433171
0.417521;0.0793046;0.0491294
0.423152;0.082601;0.0511362
0.430465;0.0869883;0.0538013
0.437525;0.0913023;0.0564137
0.442874;0.0946434;0.0584328
0.450093;0.0992607;0.0612177
0.456957;0.103741;0.0639126
0.464058;0.108479;0.0667554
0.478193;0.11819;0.0725578
0.490207;0.126672;0.0775958
0.490207;0.126672;0.0775958
0.505909;0.13805;0.08431
0.510933;0.141732;0.0864698
0.516204;0.14562;0.0887445
0.516204;0.14562;0.0887445
0.533749;0.158747;0.0963772
0.538772;0.162551;0.0985753
0.549279;0.170565;0.103185
0.559816;0.178678;0.107825
0.572049;0.188197;0.113232
0.579246;0.193846;0.116424
0.588331;0.201031;0.120464
0.597219;0.208119;0.12443
0.602534;0.212385;0.126808
0.609977;0.218393;0.130145
0.61541;0.222805;0.132586
0.620989;0.227359;0.135099
0.634078;0.238134;0.141013
0.643315;0.245817;0.145204
0.660064;0.259943;0.15286
0.667621;0.266389;0.15633
0.671235;0.269487;0.157993
0.682214;0.278965;0.16306
0.689684;0.28547;0.166521
0.695269;0.290363;0.169115
0.710067;0.303451;0.176017
0.725439;0.317242;0.183232
0.734838;0.325774;0.187667
0.742365;0.332661;0.191232
0.748022;0.337871;0.193919
0.753753;0.343176;0.196647
0.764584;0.353284;0.201823
0.769981;0.358359;0.204411
0.782767;0.37049;0.210569
0.788058;0.375554;0.213128
0.804273;0.391236;0.221009
0.811474;0.39828;0.224528
0.820519;0.407199;0.228966
0.823905;0.410558;0.230633
0.834551;0.421193;0.23589
0.842008;0.428709;0.23959
0.843792;0.430516;0.240477
0.850811;0.437654;0.243974
0.86155;0.448673;0.24935
0.877826;0.465603;0.257555
0.879604;0.467472;0.258458
0.893937;0.482669;0.265767
0.90261;0.491974;0.270218
0.909776;0.499725;0.273911
0.911697;0.501812;0.274903
0.923894;0.515165;0.281232
0.932469;0.524655;0.285707
0.944706;0.538347;0.292132
0.956854;0.552117;0.298557
0.965302;0.561798;0.303053
0.968654;0.565665;0.304843
0.977323;0.575728;0.309491
0.984352;0.583958;0.313278
0.989281;0.589733;0.315922
0.997906;0.59984;0.320523
1.00325;0.606114;0.323363
1.01361;0.61831;0.328854
1.02367;0.630149;0.334134
1.03893;0.648082;0.342039
1.04406;0.654121;0.344678
1.04911;0.660041;0.347249
1.05938;0.671835;0.352289
1.0645;0.677649;0.354744
1.0733;0.687317;0.358735
1.07906;0.693501;0.361241
1.08608;0.700791;0.364123
1.10116;0.715064;0.3694
1.10858;0.721838;0.371818
1.12195;0.732585;0.375236
1.13179;0.739763;0.377278
1.13809;0.74397;0.378335
1.14842;0.750219;0.379658
1.15475;0.753747;0.380275
1.16348;0.758077;0.380796
1.17231;0.761824;0.380926
1.19042;0.767901;0.380201
1.20206;0.771146;0.379334
1.2185;0.774618;0.377436
1.22364;0.775604;0.376785
1.2283;0.776348;0.376105
1.24764;0.778506;0.372728
1.25732;0.779288;0.370869
1.2672;0.779809;0.368812
1.2721;0.779975;0.36774
1.28681;0.780104;0.36431
1.29419;0.780016;0.362507
1.31385;0.779117;0.35733
1.32171;0.778632;0.3552
1.34152;0.776995;0.349616
1.34897;0.776281;0.347474
1.36137;0.774996;0.343865
1.37376;0.773608;0.340224
1.37859;0.773032;0.338789
1.39124;0.771442;0.335002
1.40397;0.769766;0.331169
1.41163;0.768712;0.32885
1.42161;0.767295;0.325818
1.43187;0.765793;0.322689
1.44216;0.764225;0.319531
1.46277;0.760927;0.313167
1.47014;0.759701;0.310882
1.48278;0.75752;0.306935
1.4927;0.755753;0.303822
1.49772;0.754838;0.302241
1.50281;0.7539;0.300636
1.52264;0.750132;0.294361
1.54021;0.746548;0.288706
1.55078;0.74433;0.285292
1.56891;0.740174;0.279264
1.58156;0.737169;0.275029
1.58912;0.735317;0.272479
1.60145;0.73219;0.268274
1.60897;0.730221;0.265686
1.6189;0.727555;0.262242
1.6314;0.724113;0.257882
1.6515;0.718371;0.250806
1.65919;0.716126;0.24809
1.6819;0.709226;0.239968
1.69006;0.70668;0.237033
1.70241;0.702753;0.232572
1.70986;0.700348;0.229873
1.71762;0.697785;0.227037
1.72815;0.69424;0.223167
1.7383;0.690756;0.219416
1.75172;0.686042;0.21442
1.75914;0.683391;0.211647
1.77218;0.678615;0.206727
1.78986;0.671935;0.199985
1.80025;0.667902;0.195988
1.81068;0.663802;0.191964
1.8205;0.659899;0.188173
1.82573;0.657791;0.186142
1.84092;0.651587;0.180232
1.85148;0.64721;0.176112
1.86631;0.640977;0.170315
1.88188;0.634322;0.164212
1.89154;0.63014;0.16042
1.89926;0.626765;0.157384
1.90696;0.623367;0.154349
1.91958;0.617743;0.14937
1.92984;0.613116;0.145315
1.93735;0.609698;0.142342
1.95224;0.602835;0.136432
1.9625;0.598046;0.132351
1.96498;0.596883;0.131366
1.97219;0.593478;0.128492
1.98214;0.588738;0.12452
2.0067;0.576803;0.114667
2.01372;0.573316;0.111828
2.01904;0.570648;0.109668
2.03651;0.561704;0.102506
2.04651;0.556488;0.0983777
2.05373;0.552658;0.0953709
2.05586;0.551517;0.0944787
2.0655;0.546294;0.0904187
2.0655;0.546294;0.0904187
2.10105;0.526316;0.0751852
2.10105;0.526316;0.0751852
2.11985;0.515318;0.0669817
2.12486;0.512339;0.0647805
2.1387;0.503913;0.0586045
2.15076;0.496403;0.0531565
2.15766;0.492022;0.0500026
2.17361;0.481631;0.0425912
2.18503;0.47401;0.0372105
2.20111;0.462959;0.0294901
2.21006;0.456688;0.0251476
2.21459;0.453486;0.0229413
2.22798;0.443829;0.0163289
2.23893;0.43575;0.0108445
2.2455;0.430825;0.00752073
2.25234;0.42561;0.00401797
2.26064;0.419178;-0.000280236
2.27341;0.408954;-0.00706492
2.27974;0.40379;-0.0104704
2.28824;0.396688;-0.0151323
2.29624;0.389849;-0.0195985
2.31253;0.375344;-0.0290017
2.3208;0.367741;-0.0338949
2.32693;0.361999;-0.0375742
2.33679;0.352464;-0.0436589
2.34469;0.344662;-0.0486119
2.36035;0.328476;-0.0588263
2.36779;0.320566;-0.0637857
2.38068;0.306421;-0.0726083
2.38981;0.296166;-0.0789644
2.39697;0.287942;-0.0840401
2.40211;0.281932;-0.0877381
2.40718;0.275916;-0.0914304
2.41394;0.267791;-0.0964003
2.42078;0.259419;-0.101504
2.42931;0.248691;-0.108022
2.43458;0.241897;-0.112138
2.44756;0.224383;-0.122721
2.45354;0.216017;-0.127755
2.45965;0.207185;-0.133064
2.46407;0.200666;-0.136974
2.47144;0.18938;-0.143736
2.47705;0.180556;-0.149011
2.47992;0.175904;-0.15179
2.48682;0.1644;-0.158656
2.4921;0.155289;-0.164086
2.50396;0.133469;-0.17708
2.50663;0.128374;-0.180106
2.51626;0.108846;-0.191714
2.52232;0.0959711;-0.199348
2.52827;0.0827941;-0.207151
2.53166;0.074953;-0.211795
2.53621;0.0639783;-0.218295
2.54442;0.0426219;-0.230956
2.54844;0.0317037;-0.237414
2.55421;0.0147876;-0.247438
2.55955;-0.00169618;-0.257191
2.56126;-0.00716558;-0.260425
2.5662;-0.0237446;-0.270227
2.5695;-0.0353137;-0.277058
2.57177;-0.0435989;-0.28195
2.57317;-0.0488257;-0.285034
2.57675;-0.0627494;-0.29325
2.58094;-0.0800385;-0.303446
2.58414;-0.094211;-0.311805
2.59007;-0.122788;-0.328643
2.59231;-0.134454;-0.33551
2.59391;-0.143158;-0.34063
2.5965;-0.157976;-0.349342
2.59784;-0.165975;-0.354042
2.59971;-0.177739;-0.360953
2.60178;-0.191665;-0.369132
2.60346;-0.203701;-0.376197
2.60453;-0.211671;-0.38087
2.60599;-0.2231;-0.38757
2.60863;-0.246341;-0.401197
2.61061;-0.266856;-0.413235
2.61139;-0.275988;-0.418593
2.61244;-0.290117;-0.426895
2.61336;-0.304425;-0.435306
2.61383;-0.313024;-0.440363
2.61438;-0.324649;-0.447205
2.61483;-0.335839;-0.453792
2.6151;-0.344515;-0.458905
2.61541;-0.358705;-0.467275
2.61561;-0.379211;-0.479383
2.61559;-0.39096;-0.486326
2.6154;-0.408061;-0.496436
2.6153;-0.413538;-0.499677
2.61492;-0.428386;-0.508466
2.61465;-0.437015;-0.513574
2.6142;-0.448757;-0.520527
2.61382;-0.457182;-0.525518
2.61217;-0.486464;-0.542879
2.61161;-0.494872;-0.547867
2.60982;-0.518147;-0.561685
2.60884;-0.52935;-0.568342
2.60749;-0.543577;-0.576801
2.60688;-0.549596;-0.580381
2.60535;-0.563959;-0.588932
2.60438;-0.572485;-0.594011
2.60265;-0.586763;-0.602525
2.5996;-0.609852;-0.61631
2.59666;-0.630088;-0.628415
2.5944;-0.644566;-0.637088
2.59342;-0.650628;-0.640723
2.59095;-0.66526;-0.649507
2.58939;-0.67412;-0.654832
2.58725;-0.685894;-0.661916
2.58447;-0.700349;-0.670636
2.58218;-0.711721;-0.67751
2.58035;-0.720453;-0.682805
2.57457;-0.746154;-0.698469
2.5725;-0.754866;-0.703795
2.56975;-0.766083;-0.710671
2.5669;-0.77731;-0.717572
2.56307;-0.791694;-0.726454
2.56054;-0.800884;-0.732148
2.55464;-0.820999;-0.744711
2.55031;-0.835049;-0.753536
2.54494;-0.851419;-0.763922
2.54103;-0.862837;-0.771206
2.53615;-0.876517;-0.779998
2.53114;-0.889968;-0.788705
2.52686;-0.90102;-0.795908
2.52686;-0.90102;-0.795908
2.51916;-0.920015;-0.808404
2.50983;-0.941818;-0.822897
2.50749;-0.947124;-0.826442
2.49653;-0.971102;-0.842592
2.49001;-0.984832;-0.851907
2.48622;-0.992634;-0.85723
2.47952;-1.00611;-0.866467
2.47432;-1.01636;-0.87352
2.47006;-1.02462;-0.879232
2.46334;-1.03733;-0.888069
2.45916;-1.04511;-0.893497
2.45363;-1.05523;-0.900591
2.44221;-1.07562;-0.914953
2.43644;-1.08566;-0.922077
2.42596;-1.10346;-0.934777
2.41404;-1.1231;-0.948908
2.40774;-1.13323;-0.956244
2.40158;-1.14298;-0.963338
2.3952;-1.15291;-0.970595
2.38733;-1.16495;-0.979441
2.3857;-1.16743;-0.981268
2.37411;-1.18468;-0.994046
2.36919;-1.19187;-0.999407
2.36747;-1.19437;-1.00127
2.35073;-1.21812;-1.01914
2.34247;-1.22951;-1.02779
2.33554;-1.23891;-1.03498
2.32878;-1.24796;-1.04192
2.32339;-1.25507;-1.04741
2.31812;-1.26195;-1.05274
2.30172;-1.28288;-1.06909
2.29388;-1.29264;-1.07679
2.28107;-1.30827;-1.08922
2.27363;-1.31716;-1.09635
2.2624;-1.33035;-1.10701
2.2568;-1.33682;-1.11227
2.25107;-1.34337;-1.11762
2.24368;-1.35172;-1.12447
2.23813;-1.35791;-1.12959
2.23223;-1.36442;-1.13499
2.21875;-1.37904;-1.14723
2.2034;-1.39527;-1.16096
2.19922;-1.39961;-1.16467
2.18939;-1.40969;-1.17333
2.18141;-1.41775;-1.1803
2.17343;-1.4257;-1.18723
2.16718;-1.43184;-1.19262
2.15661;-1.44209;-1.20168
2.14799;-1.45031;-1.209
2.13269;-1.46461;-1.22188
2.12442;-1.47219;-1.22878
2.11552;-1.48023;-1.23615
2.10025;-1.49375;-1.24869
2.08919;-1.50333;-1.25769
2.08258;-1.50898;-1.26304
2.07132;-1.51845;-1.27209
2.06256;-1.5257;-1.27908
2.0559;-1.53114;-1.28437
2.05131;-1.53487;-1.28801
2.04225;-1.54212;-1.29515
2.01679;-1.56197;-1.315
2.00049;-1.57425;-1.32755
1.98847;-1.58311;-1.33674
1.98118;-1.58839;-1.34227
1.97412;-1.59346;-1.34762
1.96238;-1.60175;-1.35646
1.95563;-1.60645;-1.36152
1.93648;-1.61951;-1.37577
1.92679;-1.62597;-1.38293
1.90765;-1.63843;-1.39698
1.89481;-1.64657;-1.40633
1.88727;-1.65128;-1.4118
1.8743;-1.65924;-1.42115
1.86714;-1.66357;-1.4263
1.85476;-1.67093;-1.43516
1.85246;-1.67228;-1.43679
1.83748;-1.68096;-1.44744
1.81808;-1.69188;-1.46114
1.80809;-1.69737;-1.46815
1.79041;-1.70686;-1.48048
1.7778;-1.71346;-1.48924
1.77029;-1.71733;-1.49444
1.76281;-1.72112;-1.49959
1.75027;-1.72739;-1.50821
1.73731;-1.73372;-1.51709
1.72949;-1.73747;-1.52242
1.70799;-1.74752;-1.53701
1.69465;-1.75357;-1.54603
1.68923;-1.75599;-1.54968
1.6786;-1.76066;-1.55681
1.66508;-1.76647;-1.56587
1.65668;-1.77;-1.57147
1.651;-1.77236;-1.57525
1.62357;-1.7834;-1.59344
1.61795;-1.7856;-1.59715
1.59543;-1.79414;-1.61196
1.58152;-1.79922;-1.62107
1.56746;-1.80422;-1.63025
1.55628;-1.80809;-1.63752
1.54491;-1.81193;-1.6449
1.54491;-1.81193;-1.6449
1.51909;-1.82031;-1.6616
1.51015;-1.8231;-1.66735
1.47517;-1.83348;-1.68979
1.46631;-1.83598;-1.69546
1.4603;-1.83764;-1.69929
1.45187;-1.83993;-1.70466
1.43081;-1.84544;-1.71805
1.42251;-1.84752;-1.72332
1.41674;-1.84895;-1.72697
1.39559;-1.85398;-1.74034
1.38002;-1.85749;-1.75015
1.37062;-1.85953;-1.75607
1.35854;-1.86207;-1.76366
1.34668;-1.86447;-1.7711
1.33517;-1.86671;-1.77832
1.31701;-1.87008;-1.78968
1.31701;-1.87008;-1.78968
1.29589;-1.87372;-1.80286
1.27224;-1.87746;-1.81758
1.25701;-1.87968;-1.82705
1.23583;-1.88252;-1.84019
1.23583;-1.88252;-1.84019
1.23295;-1.88289;-1.84197
1.19948;-1.88675;-1.86269
1.19948;-1.88675;-1.86269
1.17487;-1.88914;-1.87791
1.15636;-1.89069;-1.88933
1.13803;-1.89201;-1.90063
1.13803;-1.89201;-1.90063
1.10785;-1.89374;-1.91922
1.10151;-1.89403;-1.92312
1.08076;-1.89481;-1.93589
1.07457;-1.89499;-1.9397
1.05324;-1.89543;-1.95283
1.0472;-1.89551;-1.95654
1.0472;-1.89551;-1.95654
1.0472;-1.89551;-1.95654
1.00199;-1.89536;-1.98434
0.993409;-1.89519;-1.98962
0.969678;-1.89448;-2.00422
0.957527;-1.89398;-2.0117
0.939883;-1.8931;-2.02257
0.939883;-1.8931;-2.02257
0.939883;-1.8931;-2.02257
0.916909;-1.89166;-2.03672
0.916909;-1.89166;-2.03672
0.916909;-1.89166;-2.03672
0.916909;-1.89166;-2.03672
0.885846;-1.88919;-2.05589
0.846227;-1.88518;-2.08038
0.846227;-1.88518;-2.08038
0.846227;-1.88518;-2.08038
0.809016;-1.88051;-2.10344
0.803488;-1.87974;-2.10687
0.78965;-1.87773;-2.11547
0.778195;-1.87598;-2.1226
0.764383;-1.87375;-2.13121
0.750698;-1.87142;-2.13974
0.742594;-1.86999;-2.1448
0.713833;-1.86456;-2.1628
0.702614;-1.86229;-2.16984
0.702614;-1.86229;-2.16984
0.67975;-1.85742;-2.18422
0.662735;-1.85357;-2.19495
0.651757;-1.85098;-2.20189
0.640458;-1.84824;-2.20904
0.614786;-1.84168;-2.22533
0.606353;-1.83943;-2.2307
0.606353;-1.83943;-2.2307
0.606353;-1.83943;-2.2307
0.606353;-1.83943;-2.2307
0.606353;-1.83943;-2.2307
0.650593;-1.85071;-2.20262
0.650593;-1.85071;-2.20262
0.628024;-1.84512;-2.21692
0.622602;-1.84373;-2.22036
0.622602;-1.84373;-2.22036
0.622602;-1.84373;-2.22036
0.614397;-1.84158;-2.22558
0.614397;-1.84158;-2.22558
0.614397;-1.84158;-2.22558
0.614397;-1.84158;-2.22558
0.614397;-1.84158;-2.22558
0.614397;-1.84158;-2.22558
0.624709;-1.84427;-2.21903
0.624709;-1.84427;-2.21903
0.605582;-1.83922;-2.23119
0.605582;-1.83922;-2.23119
0.564062;-1.8274;-2.25774
0.539124;-1.81972;-2.27379
0.525347;-1.81529;-2.28269
0.513667;-1.81143;-2.29026
0.504957;-1.80848;-2.29591
0.496847;-1.80569;-2.30118
0.48875;-1.80286;-2.30646
0.475223;-1.79802;-2.3153
0.464603;-1.79412;-2.32225
0.454087;-1.79018;-2.32916
0.440643;-1.78502;-2.33802
0.421813;-1.77756;-2.35047
0.416821;-1.77554;-2.35379
0.403049;-1.76985;-2.36295
0.387383;-1.76321;-2.37341
0.376497;-1.75848;-2.38071
0.370792;-1.75596;-2.38455
0.354712;-1.74873;-2.39539
0.343629;-1.74361;-2.4029
0.335404;-1.73976;-2.40848
0.327245;-1.73587;-2.41404
0.327245;-1.73587;-2.41404
0.283429;-1.71406;-2.44415
0.272885;-1.70856;-2.45146
0.272885;-1.70856;-2.45146
0.248913;-1.69569;-2.46819
0.240603;-1.6911;-2.47403
0.227638;-1.68383;-2.48317
0.217269;-1.67789;-2.49052
0.207285;-1.67208;-2.49762
0.199633;-1.66757;-2.50309
0.189303;-1.66138;-2.51049
0.176043;-1.65328;-2.52005
0.163657;-1.64556;-2.52903
0.158633;-1.64238;-2.53268
0.141217;-1.63125;-2.54538
0.126246;-1.62155;-2.55631
0.116145;-1.61497;-2.56367
0.101268;-1.60543;-2.57439
0.0891688;-1.59763;-2.58309
0.0740935;-1.58802;-2.59382
0.0645448;-1.58196;-2.60058
0.0595708;-1.57879;-2.60409
0.0422355;-1.56779;-2.61627
0.0347678;-1.56301;-2.62152
0.0191836;-1.553;-2.63244
0.00968166;-1.54683;-2.63911
0.00709777;-1.54513;-2.64093
-0.00475728;-1.53735;-2.64926
-0.0166315;-1.52951;-2.65759
-0.0261777;-1.52311;-2.66431
-0.0401846;-1.51362;-2.67419
-0.0542649;-1.50387;-2.6842
-0.0635494;-1.49735;-2.69082
-0.0706515;-1.4923;-2.6959
-0.0824842;-1.48379;-2.70441
-0.0894017;-1.47873;-2.7094
-0.0943391;-1.4751;-2.71298
-0.103582;-1.46823;-2.71969
-0.124649;-1.4522;-2.73513
-0.136275;-1.44313;-2.74372
-0.154706;-1.42842;-2.75747
-0.159374;-1.42463;-2.76098
-0.166149;-1.41908;-2.76609
-0.172878;-1.4135;-2.77118
-0.195198;-1.39479;-2.78812
-0.206395;-1.38518;-2.79669
-0.219804;-1.37352;-2.807
-0.219804;-1.37352;-2.807
-0.241449;-1.35426;-2.82379
-0.249973;-1.34651;-2.83046
-0.260838;-1.33652;-2.839
-0.263157;-1.33438;-2.84082
-0.267288;-1.33058;-2.84405
-0.284682;-1.31439;-2.85772
-0.291147;-1.30832;-2.8628
-0.310803;-1.29002;-2.87806
-0.315247;-1.28584;-2.88152
-0.323652;-1.27784;-2.88811
-0.323652;-1.27784;-2.88811
-0.345196;-1.25806;-2.90439
-0.357807;-1.24633;-2.91393
-0.364049;-1.24055;-2.91862
-0.374764;-1.23059;-2.92665
-0.394453;-1.21283;-2.94094
-0.394453;-1.21283;-2.94094
-0.407667;-1.20148;-2.95008
-0.429237;-1.18316;-2.96472
-0.435717;-1.17767;-2.96908
-0.441923;-1.17247;-2.9732
-0.452894;-1.16355;-2.98026
-0.461425;-1.15675;-2.98564
-0.47233;-1.14812;-2.99243
-0.479186;-1.14295;-2.99651
-0.479186;-1.14295;-2.99651
-0.504021;-1.12618;-3.00987
-0.524855;-1.11353;-3.01998
-0.534354;-1.10806;-3.02436
-0.541364;-1.10423;-3.02744
-0.548793;-1.10042;-3.03052
-0.560784;-1.09514;-3.03488
-0.56809;-1.09218;-3.03736
-0.580862;-1.08779;-3.04114
-0.598309;-1.08297;-3.04548
-0.618412;-1.07904;-3.04935
-0.62564;-1.0778;-3.05061
-0.630626;-1.07709;-3.05138
-0.643037;-1.0753;-3.05331
-0.643037;-1.0753;-3.05331
-0.65521;-1.07469;-3.05443
-0.667813;-1.07452;-3.05527
-0.688058;-1.07469;-3.05631
-0.705852;-1.0754;-3.05685
-0.718666;-1.07604;-3.05714
-0.739279;-1.07818;-3.05689
-0.74702;-1.07908;-3.05672
-0.760242;-1.08093;-3.05625
-0.768063;-1.0821;-3.05591
-0.778207;-1.08376;-3.05539
-0.791219;-1.08606;-3.05461
-0.796358;-1.087;-3.05429
-0.796358;-1.087;-3.05429
-0.829648;-1.09461;-3.0512
-0.842823;-1.09777;-3.0499
-0.861301;-1.10251;-3.0479
-0.869319;-1.10463;-3.04699
-0.874377;-1.10598;-3.04642
-0.887485;-1.10951;-3.04491
-0.897566;-1.11224;-3.04375
-0.910046;-1.11565;-3.0423
-0.927801;-1.12054;-3.04025
-0.927801;-1.12054;-3.04025
-0.957849;-1.12889;-3.03677
-0.9706;-1.13247;-3.0353
-0.975713;-1.13391;-3.0347
-0.990593;-1.13812;-3.03298
-1.00094;-1.14106;-3.03178
-1.0083;-1.14317;-3.03093
-1.01605;-1.14539;-3.03003
-1.02618;-1.1483;-3.02885
-1.0365;-1.15129;-3.02766
-1.06249;-1.15886;-3.02464
-1.07017;-1.16111;-3.02374
-1.0881;-1.1664;-3.02166
-1.09815;-1.16939;-3.02049
-1.11377;-1.17405;-3.01867
-1.12123;-1.17629;-3.0178
-1.12889;-1.17859;-3.01691
-1.13406;-1.18015;-3.01631
-1.13938;-1.18176;-3.01569
-1.15449;-1.18635;-3.01393
-1.1799;-1.19413;-3.01097
-1.18503;-1.19571;-3.01037
-1.21111;-1.2038;-3.00732
-1.22406;-1.20785;-3.00581
-1.232;-1.21036;-3.00487
-1.2423;-1.21366;-3.00363
-1.24729;-1.21528;-3.00302
-1.26036;-1.2196;-3.00138
-1.26817;-1.22219;-3.0004
-1.28337;-1.22736;-2.99843
-1.29126;-1.23009;-2.99738
-1.29624;-1.23182;-2.99672
-1.30683;-1.23556;-2.99527
-1.33297;-1.24508;-2.99157
-1.34096;-1.24805;-2.99041
-1.35382;-1.25292;-2.9885
-1.36156;-1.25589;-2.98733
-1.36699;-1.25799;-2.98651
-1.38206;-1.26395;-2.98414
-1.39956;-1.27105;-2.98132
-1.40956;-1.27519;-2.97966
-1.43215;-1.28505;-2.97564
-1.43687;-1.28713;-2.97478
-1.44931;-1.29277;-2.97247
-1.45926;-1.29739;-2.97055
-1.46885;-1.30191;-2.96868
-1.47873;-1.30661;-2.96673
-1.48897;-1.3116;-2.96465
-1.49836;-1.31628;-2.96269
-1.50568;-1.31999;-2.96113
-1.51583;-1.32515;-2.95897
-1.52989;-1.33262;-2.95579
-1.54657;-1.34182;-2.95184
-1.55612;-1.34721;-2.94952
-1.56076;-1.34985;-2.94838
-1.57498;-1.35828;-2.94471
-1.58186;-1.36247;-2.94287
-1.59349;-1.36971;-2.93968
-1.60021;-1.37399;-2.93779
-1.62069;-1.38758;-2.93173
-1.62269;-1.38892;-2.93113
-1.63393;-1.39662;-2.92769
-1.64293;-1.40287;-2.9249
-1.64293;-1.40287;-2.9249
-1.6653;-1.41884;-2.91777
-1.67201;-1.42391;-2.91548
-1.68062;-1.43057;-2.91245
-1.68732;-1.43582;-2.91006
-1.71688;-1.45972;-2.89919
-1.72083;-1.46303;-2.89769
-1.72939;-1.47023;-2.89442
-1.73539;-1.47532;-2.89211
-1.74347;-1.48221;-2.889
-1.75615;-1.49312;-2.8841
-1.75816;-1.49486;-2.88332
-1.77903;-1.51307;-2.8752
-1.79734;-1.5293;-2.86803
-1.80349;-1.5348;-2.86561
-1.81152;-1.54203;-2.86244
-1.81732;-1.54728;-2.86015
-1.82343;-1.55283;-2.85773
-1.83523;-1.56364;-2.85304
-1.84117;-1.56911;-2.85067
-1.86658;-1.59284;-2.84048
-1.87075;-1.59678;-2.8388
-1.88061;-1.60616;-2.83481
-1.89028;-1.61542;-2.83089
-1.89628;-1.62121;-2.82844
-1.90204;-1.62678;-2.82609
-1.90608;-1.63071;-2.82444
-1.90608;-1.63071;-2.82444
-1.92554;-1.64982;-2.81645
-1.93165;-1.65589;-2.81392
-1.93545;-1.65967;-2.81235
-1.93932;-1.66355;-2.81075
-1.96079;-1.68524;-2.8018
-1.96079;-1.68524;-2.8018
-1.97988;-1.70486;-2.79378
-1.98355;-1.70866;-2.79223
-1.9932;-1.71873;-2.78814
-2.0009;-1.72682;-2.78487
-2.00829;-1.73464;-2.78171
-2.0238;-1.75121;-2.77506
-2.03131;-1.75931;-2.77182
-2.0425;-1.77149;-2.76698
-2.0425;-1.77149;-2.76698
-2.05566;-1.78596;-2.76124
-2.06662;-1.79813;-2.75644
-2.07207;-1.80423;-2.75404
-2.08134;-1.81467;-2.74995
-2.08849;-1.82278;-2.74678
-2.09552;-1.83081;-2.74366
-2.09903;-1.83484;-2.74209
-2.10619;-1.8431;-2.73889
-2.11908;-1.85809;-2.73309
-2.12825;-1.86887;-2.72894
-2.13723;-1.87952;-2.72486
-2.13723;-1.87952;-2.72486
-2.15295;-1.89839;-2.71765
-2.16171;-1.90904;-2.7136
-2.1651;-1.91317;-2.71203
-2.17552;-1.92599;-2.70718
-2.18402;-1.93653;-2.7032
-2.19896;-1.9553;-2.69616
-2.20572;-1.96387;-2.69295
-2.20899;-1.96804;-2.6914
-2.20899;-1.96804;-2.6914
-2.20899;-1.96804;-2.6914
-2.20899;-1.96804;-2.6914
-2.22885;-1.99364;-2.68188
-2.22885;-1.99364;-2.68188
-2.22885;-1.99364;-2.68188
-2.25812;-2.03232;-2.66764
-2.26904;-2.04705;-2.66225
-2.26904;-2.04705;-2.66225
-2.26904;-2.04705;-2.66225
-2.26904;-2.04705;-2.66225
-2.29737;-2.08605;-2.6481
-2.29737;-2.08605;-2.6481
-2.29737;-2.08605;-2.6481
-2.31275;-2.10771;-2.64029
-2.32504;-2.12529;-2.634
-2.32504;-2.12529;-2.634
-2.32504;-2.12529;-2.634
-2.34017;-2.14726;-2.62616
-2.34017;-2.14726;-2.62616
-2.34017;-2.14726;-2.62616
-2.36262;-2.18055;-2.61437
-2.36262;-2.18055;-2.61437
-2.36262;-2.18055;-2.61437
-2.38433;-2.21357;-2.60277
-2.38433;-2.21357;-2.60277
-2.38433;-2.21357;-2.60277
-2.38433;-2.21357;-2.60277
-2.40782;-2.25026;-2.58997
-2.41903;-2.26814;-2.58378
-2.4219;-2.27276;-2.58218
-2.43159;-2.28848;-2.57676
-2.43159;-2.28848;-2.57676
-2.44098;-2.30389;-2.57146
-2.44098;-2.30389;-2.57146
-2.45818;-2.3326;-2.56163
-2.45818;-2.3326;-2.56163
-2.47257;-2.35714;-2.55328
-2.47525;-2.36177;-2.5517
-2.47525;-2.36177;-2.5517
-2.48956;-2.38673;-2.54326
-2.48956;-2.38673;-2.54326
-2.48956;-2.38673;-2.54326
-2.48956;-2.38673;-2.54326
-2.50644;-2.41681;-2.53312
-2.50644;-2.41681;-2.53312
-2.50644;-2.41681;-2.53312
-2.50644;-2.41681;-2.53312
-2.48601;-2.38048;-2.54536
-2.48601;-2.38048;-2.54536
-2.49923;-2.40387;-2.53748
-2.50678;-2.41742;-2.53292
-2.51081;-2.42472;-2.53047
-2.52102;-2.4434;-2.52422
-2.52102;-2.4434;-2.52422
-2.53366;-2.46691;-2.51638
-2.53628;-2.47183;-2.51474
-2.54006;-2.47897;-2.51237
-2.55004;-2.49804;-2.50605
-2.55239;-2.50256;-2.50456
-2.55491;-2.50745;-2.50294
-2.56732;-2.53176;-2.49493
-2.56979;-2.53666;-2.49331
-2.57703;-2.55113;-2.48856
-2.57934;-2.55578;-2.48704
-2.57934;-2.55578;-2.48704
-2.57934;-2.55578;-2.48704
-2.59339;-2.58446;-2.47766
-2.60164;-2.60164;-2.47206
-2.60164;-2.60164;-2.47206
-2.60974;-2.61873;-2.46651
-2.61549;-2.63102;-2.46252
-2.62801;-2.65824;-2.45373
-2.63224;-2.66757;-2.45072
-2.63671;-2.67754;-2.44751
-2.63989;-2.68467;-2.44522
-2.63989;-2.68467;-2.44522
-2.64726;-2.70137;-2.43986
-2.6516;-2.71131;-2.43667
-2.65581;-2.72104;-2.43356
-2.65796;-2.72606;-2.43195
-2.66834;-2.75053;-2.42415
-2.67052;-2.75574;-2.42249
-2.67573;-2.76831;-2.41849
-2.68186;-2.78343;-2.41366
-2.68495;-2.79113;-2.4112
-2.6889;-2.80104;-2.40805
-2.69882;-2.82643;-2.39996
-2.70276;-2.8368;-2.39666
-2.70836;-2.85183;-2.39184
-2.71301;-2.86462;-2.38773
-2.71657;-2.8747;-2.38447
-2.71921;-2.88233;-2.38198
-2.72259;-2.89247;-2.37864
-2.72425;-2.89752;-2.37698
-2.72583;-2.90247;-2.37533
-2.73289;-2.92557;-2.36756
-2.73518;-2.93338;-2.3649
-2.74088;-2.9538;-2.3579
-2.74088;-2.9538;-2.3579
-2.74576;-2.97182;-2.35172
-2.74903;-2.98491;-2.34714
-2.75154;-2.99528;-2.3435
-2.75346;-3.00352;-2.3406
-2.75524;-3.01121;-2.33788
-2.76086;-3.03737;-2.32855
-2.76499;-3.05804;-2.32112
-2.76595;-3.06307;-2.3193
-2.76595;-3.06307;-2.3193
-2.76698;-3.06848;-2.31736
-2.76698;-3.06848;-2.31736
-2.77251;-3.10054;-2.30565
-2.77421;-3.1112;-2.30174
-2.7766;-3.12703;-2.29591
-2.77811;-3.13764;-2.29198
-2.77981;-3.1506;-2.28715
-2.78187;-3.16925;-2.28006
-2.78313;-3.18244;-2.27498
-2.78357;-3.1879;-2.27285
-2.78443;-3.20113;-2.26762
-2.78501;-3.21424;-2.26232
-2.78526;-3.22233;-2.25902
-2.78526;-3.2439;-2.24994
-2.78497;-3.25719;-2.24424
-2.78415;-3.2735;-2.23706
-2.78341;-3.28461;-2.23211
-2.78234;-3.29792;-2.22611
-2.78158;-3.3059;-2.22248
-2.78016;-3.31957;-2.21622
-2.77913;-3.32806;-2.21227
-2.77847;-3.33315;-2.20989
-2.77664;-3.34683;-2.20349
-2.77465;-3.36012;-2.1972
-2.77328;-3.36831;-2.19327
-2.77138;-3.37902;-2.18809
-2.76592;-3.4061;-2.17476
-2.76475;-3.41147;-2.17209
-2.76232;-3.42203;-2.16678
-2.76035;-3.43015;-2.16266
-2.75617;-3.44634;-2.15436
-2.75469;-3.45183;-2.15152
-2.75011;-3.46781;-2.14316
-2.74774;-3.4757;-2.13899
-2.74076;-3.49739;-2.12734
-2.73708;-3.50837;-2.1214
-2.72968;-3.52926;-2.10996
-2.726;-3.53928;-2.10444
-2.72211;-3.54966;-2.09871
-2.71816;-3.55992;-2.093
-2.71415;-3.57013;-2.0873
-2.71118;-3.57757;-2.08314
-2.70696;-3.58798;-2.07729
-2.70491;-3.59296;-2.07449
-2.69934;-3.60634;-2.06696
-2.69715;-3.61153;-2.06403
-2.68472;-3.64015;-2.0478
-2.68137;-3.64766;-2.04353
-2.67587;-3.65979;-2.0366
-2.67012;-3.67226;-2.02946
-2.66652;-3.67994;-2.02505
-2.66306;-3.68723;-2.02085
-2.65831;-3.69714;-2.01514
-2.6499;-3.71431;-2.0052
-2.64244;-3.72916;-1.99655
-2.63236;-3.74874;-1.98509
-2.62966;-3.75389;-1.98206
-2.62302;-3.76638;-1.9747
-2.61783;-3.77602;-1.969
-2.61249;-3.78579;-1.96321
-2.60955;-3.79111;-1.96004
-2.60127;-3.80588;-1.95123
-2.5986;-3.81058;-1.94842
-2.5841;-3.83559;-1.93338
-2.57977;-3.84289;-1.92896
-2.57093;-3.85758;-1.92004
-2.56179;-3.87246;-1.91095
-2.55415;-3.88467;-1.90346
-2.5493;-3.89231;-1.89875
-2.54174;-3.90407;-1.89147
-2.53706;-3.91127;-1.887
-2.53232;-3.91847;-1.88252
-2.52909;-3.92334;-1.87948
-2.51454;-3.9449;-1.86594
-2.50652;-3.95652;-1.8586
-2.49298;-3.97574;-1.84636
-2.48632;-3.98501;-1.84042
-2.47784;-3.99665;-1.83293
-2.47284;-4.00343;-1.82854
-2.46731;-4.01085;-1.82373
-2.45899;-4.02188;-1.81654
-2.45024;-4.03331;-1.80905
-2.44504;-4.04002;-1.80463
-2.43778;-4.04927;-1.79851
-2.43231;-4.05618;-1.79392
-2.41724;-4.07486;-1.78144
-2.41159;-4.08175;-1.7768
-2.39514;-4.10142;-1.76345
-2.38947;-4.10809;-1.7589
-2.38234;-4.11637;-1.75321
-2.37321;-4.12685;-1.74598
-2.3659;-4.13513;-1.74023
-2.36022;-4.14151;-1.73579
-2.35281;-4.14973;-1.73003
-2.34718;-4.15591;-1.72568
-2.33017;-4.17427;-1.71265
-2.31493;-4.19033;-1.70113
-2.30732;-4.1982;-1.69543
-2.29728;-4.20846;-1.68796
-2.2896;-4.21621;-1.68229
-2.28144;-4.22434;-1.67629
-2.27552;-4.23018;-1.67197
-2.2613;-4.244;-1.66165
-2.2446;-4.25988;-1.64966
-2.23429;-4.26949;-1.64232
-2.22785;-4.27543;-1.63776
-2.22159;-4.28114;-1.63335
-2.21057;-4.29108;-1.62563
-2.20004;-4.30043;-1.6183
-2.19345;-4.30622;-1.61374
-2.18233;-4.31586;-1.60608
-2.17583;-4.32142;-1.60163
-2.16463;-4.33085;-1.59399
-2.1579;-4.33642;-1.58943
-2.15093;-4.34214;-1.58472
-2.13037;-4.35861;-1.57094
-2.12145;-4.36562;-1.565
-2.11229;-4.37271;-1.55894
-2.09399;-4.38661;-1.54691
-2.08702;-4.39182;-1.54235
-2.06863;-4.40522;-1.53041
-2.05955;-4.41171;-1.52454
-2.05955;-4.41171;-1.52454
-2.04062;-4.4249;-1.5124
-2.03041;-4.43187;-1.50589
-2.02081;-4.43822;-1.4998
-2.01358;-4.44293;-1.49522
-2.00621;-4.44765;-1.49056
-1.98922;-4.45819;-1.47988
-1.97958;-4.46403;-1.47385
-1.95755;-4.4769;-1.46013
-1.94514;-4.48395;-1.45245
-1.93737;-4.48827;-1.44766
-1.9248;-4.49513;-1.43992
-1.91709;-4.49923;-1.43519
-1.89928;-4.50838;-1.42429
-1.88312;-4.51643;-1.41445
-1.86185;-4.52664;-1.40156
-1.85368;-4.53045;-1.39663
-1.84503;-4.53442;-1.39141
-1.8287;-4.54173;-1.38161
-1.82046;-4.54534;-1.37667
-1.81215;-4.54891;-1.3717
-1.79822;-4.55478;-1.3634
-1.7787;-4.56272;-1.3518
-1.76486;-4.56817;-1.34361
-1.74275;-4.57657;-1.33057
-1.73136;-4.58075;-1.32387
-1.72316;-4.5837;-1.31905
-1.72316;-4.5837;-1.31905
-1.70061;-4.59143;-1.30583
-1.69489;-4.59331;-1.30249
-1.67705;-4.59902;-1.29206
-1.66545;-4.60258;-1.2853
-1.64526;-4.60852;-1.27354
-1.6363;-4.61106;-1.26834
-1.61546;-4.61678;-1.25626
-1.60681;-4.61907;-1.25125
-1.59185;-4.62293;-1.24262
-1.5714;-4.62799;-1.23084
-1.5714;-4.62799;-1.23084
-1.5714;-4.62799;-1.23084
-1.55634;-4.63155;-1.22219
-1.51375;-4.64087;-1.19782
-1.50132;-4.64339;-1.19073
-1.47741;-4.64791;-1.17711
-1.46523;-4.65008;-1.17018
-1.45624;-4.65161;-1.16507
-1.44429;-4.65356;-1.15828
-1.43515;-4.65498;-1.15308
-1.4195;-4.65727;-1.14419
-1.41058;-4.6585;-1.13912
-1.39496;-4.66052;-1.13025
-1.38889;-4.66127;-1.12681
-1.38889;-4.66127;-1.12681
-1.34555;-4.66589;-1.10223
-1.33912;-4.66648;-1.09858
-1.32666;-4.66755;-1.09153
-1.31475;-4.66849;-1.08478
-1.31475;-4.66849;-1.08478
-1.30826;-4.66896;-1.08111
-1.27788;-4.67086;-1.06393
-1.26217;-4.67164;-1.05505
-1.23733;-4.67259;-1.04101
-1.22547;-4.67291;-1.03431
-1.20117;-4.67334;-1.02059
-1.19505;-4.67339;-1.01713
-1.1774;-4.67343;-1.00717
-1.16525;-4.67336;-1.00031
-1.15324;-4.6732;-0.993531
-1.15016;-4.67314;-0.991796
-1.13231;-4.67273;-0.981715
-1.12051;-4.67236;-0.975051
-1.10583;-4.67178;-0.966753
-1.08271;-4.67059;-0.953669
-1.07425;-4.67007;-0.948876
-1.05092;-4.66835;-0.935622
-1.03952;-4.66738;-0.929132
-1.02799;-4.66631;-0.922563
-1.0227;-4.66579;-0.919543
-1.01065;-4.66454;-0.912665
-0.992953;-4.66254;-0.902548
-0.983814;-4.66144;-0.897319
-0.970365;-4.65972;-0.889615
-0.95917;-4.65821;-0.883195
-0.948162;-4.65666;-0.876877
-0.934755;-4.65466;-0.869174
-0.926011;-4.6533;-0.864142
-0.907258;-4.65022;-0.853337
-0.896566;-4.64837;-0.847168
-0.885796;-4.64644;-0.840947
-0.880382;-4.64544;-0.837817
-0.86648;-4.6428;-0.829772
-0.841706;-4.63777;-0.815383
-0.833259;-4.63597;-0.810468
-0.819308;-4.63284;-0.80231
-0.805318;-4.62958;-0.794115
-0.788397;-4.62544;-0.784167
-0.782678;-4.624;-0.780797
-0.768116;-4.62022;-0.772196
-0.754132;-4.61646;-0.763913
-0.745712;-4.61411;-0.758906
-0.721042;-4.60691;-0.744173
-0.707191;-4.60264;-0.735842
-0.690844;-4.5974;-0.725968
-0.690844;-4.5974;-0.725968
-0.671775;-4.59093;-0.71434
-0.661101;-4.58717;-0.707796
-0.650219;-4.58324;-0.701103
-0.639783;-4.57938;-0.69466
-0.628802;-4.57521;-0.687853
-0.617854;-4.57093;-0.681027
-0.604738;-4.56567;-0.672814
-0.585881;-4.5578;-0.660919
-0.572781;-4.55212;-0.652586
-0.572781;-4.55212;-0.652586
-0.572781;-4.55212;-0.652586
-0.559506;-4.54617;-0.644078
-0.52616;-4.53053;-0.622521
-0.52616;-4.53053;-0.622521
-0.518679;-4.52691;-0.617655
-0.490669;-4.51289;-0.599313
-0.472598;-4.50348;-0.587378
-0.46016;-4.49685;-0.57912
-0.445729;-4.48899;-0.569491
-0.438604;-4.48503;-0.564715
-0.426693;-4.4783;-0.556694
-0.414788;-4.47145;-0.54864
-0.414788;-4.47145;-0.54864
-0.403364;-4.46476;-0.540876
-0.391851;-4.45787;-0.533008
-0.373431;-4.44661;-0.520341
-0.359629;-4.43795;-0.510784
-0.345909;-4.42916;-0.501227
-0.336883;-4.42328;-0.494907
-0.329937;-4.4187;-0.490026
-0.329937;-4.4187;-0.490026
-0.329937;-4.4187;-0.490026
-0.321227;-4.41288;-0.483882
-0.321227;-4.41288;-0.483882
-0.321227;-4.41288;-0.483882
-0.361311;-4.43902;-0.511952
-0.340584;-4.4257;-0.497502
-0.329187;-4.4182;-0.489498
-0.324663;-4.41519;-0.486308
-0.310979;-4.40594;-0.476621
-0.304245;-4.40132;-0.47183
-0.295016;-4.39491;-0.465239
-0.286295;-4.38876;-0.458975
-0.279404;-4.38384;-0.454006
-0.270778;-4.37761;-0.447762
-0.250688;-4.36277;-0.433106
-0.244045;-4.35777;-0.428224
-0.235121;-4.35096;-0.421637
-0.228112;-4.34555;-0.416441
-0.221307;-4.34024;-0.411376
-0.201548;-4.3245;-0.396552
-0.190848;-4.31578;-0.38845
-0.188834;-4.31412;-0.38692
-0.188834;-4.31412;-0.38692
-0.165695;-4.2947;-0.369189
-0.147277;-4.27872;-0.354881
-0.143103;-4.27504;-0.351614
-0.132819;-4.26586;-0.343523
-0.12427;-4.25811;-0.336751
-0.109716;-4.24467;-0.325126
-0.099626;-4.23517;-0.316992
-0.0860869;-4.22217;-0.305978
-0.0783996;-4.21466;-0.299672
-0.070505;-4.20685;-0.293154
-0.0668847;-4.20323;-0.290151
-0.0553509;-4.19157;-0.280524
-0.049719;-4.18579;-0.275788
-0.0440052;-4.17987;-0.27096
-0.0248448;-4.15959;-0.254587
-0.0173859;-4.15152;-0.248136
-0.00408682;-4.13685;-0.236518
0.00382829;-4.12796;-0.229532
0.00382829;-4.12796;-0.229532
0.0151694;-4.115;-0.219425
0.0268188;-4.1014;-0.208918
0.0327108;-4.09442;-0.203554
0.0380832;-4.08798;-0.198633
0.0532259;-4.06948;-0.184603
0.0624418;-4.05796;-0.175944
0.0786683;-4.03716;-0.160463
0.0837851;-4.03046;-0.155516
0.0891184;-4.0234;-0.150325
0.0993249;-4.00968;-0.140291
0.10431;-4.00288;-0.13534
0.112676;-3.99129;-0.126953
0.117628;-3.98434;-0.121944
0.125778;-3.97273;-0.113619
0.130763;-3.96553;-0.108479
0.143528;-3.94671;-0.0951358
0.149853;-3.93719;-0.0884253
0.16089;-3.92022;-0.0765482
0.162479;-3.91774;-0.0748203
0.173127;-3.90088;-0.0631173
0.179052;-3.89131;-0.0565093
0.180513;-3.88893;-0.054869
0.190536;-3.87234;-0.0434945
0.194782;-3.86518;-0.0386104
0.203455;-3.8503;-0.0285059
0.207757;-3.8428;-0.0234268
0.213531;-3.83258;-0.0165392
0.224695;-3.81234;-0.0029749
0.229919;-3.80264;0.00349072
0.233828;-3.79528;0.00837974
0.236499;-3.79021;0.0117459
0.244026;-3.77567;0.0213538
0.244026;-3.77567;0.0213538
0.253971;-3.75592;0.0343308
0.263613;-3.73614;0.0472451
0.26851;-3.72584;0.0539386
0.276605;-3.7084;0.0652176
0.281239;-3.69819;0.0718017
0.285682;-3.68822;0.0782056
0.290351;-3.67756;0.0850375
0.293611;-3.66999;0.0898718
0.299133;-3.65694;0.0981877
0.303571;-3.64623;0.104994
0.30664;-3.6387;0.109765
0.311863;-3.62563;0.118021
0.315068;-3.61746;0.123173
0.321023;-3.60194;0.132931
0.327873;-3.5835;0.144476
0.330793;-3.57543;0.149511
0.333517;-3.56779;0.154271
0.33902;-3.55199;0.164091
0.341856;-3.54364;0.169262
0.345354;-3.53315;0.175752
0.352823;-3.50995;0.190058
0.35524;-3.50219;0.194828
0.361625;-3.48103;0.207801
0.364642;-3.47066;0.214134
0.367652;-3.46007;0.220595
0.369065;-3.45501;0.22368
0.37272;-3.44163;0.231822
0.374941;-3.43328;0.236892
0.378168;-3.42083;0.244439
0.380784;-3.41044;0.250724
0.382148;-3.40492;0.254066
0.388259;-3.37911;0.269631
0.391175;-3.36611;0.277447
0.393369;-3.35601;0.283512
0.396704;-3.34005;0.29308
0.398911;-3.32905;0.299667
0.401543;-3.31541;0.30782
0.403055;-3.30729;0.312669
0.405876;-3.29151;0.322072
0.406813;-3.28607;0.32531
0.41026;-3.26509;0.337792
0.411462;-3.25735;0.342385
0.414983;-3.2332;0.356707
0.41646;-3.22228;0.363178
0.417518;-3.21411;0.368014
0.418853;-3.20332;0.374391
0.420424;-3.18983;0.382359
0.421662;-3.17848;0.389062
0.422825;-3.16711;0.395771
0.42365;-3.15854;0.400823
0.424394;-3.15032;0.405669
0.425747;-3.1328;0.416014
0.426312;-3.12427;0.421059
0.427383;-3.10071;0.435053
0.427757;-3.08891;0.442067
0.427757;-3.08891;0.442067
0.42802;-3.06191;0.458197
0.427977;-3.05309;0.463478
0.427797;-3.04069;0.470912
0.427309;-3.02336;0.481329
0.426703;-3.00835;0.490369
0.425618;-2.98718;0.503121
0.424513;-2.96962;0.513703
0.423804;-2.95977;0.519648
0.423418;-2.95474;0.522687
0.421642;-2.93371;0.535385
0.421113;-2.928;0.538839
0.419863;-2.91528;0.546527
0.419603;-2.91275;0.548059
0.415466;-2.87669;0.569903
0.41435;-2.86801;0.575173
0.410655;-2.84149;0.591284
0.409321;-2.83262;0.596682
0.406928;-2.81746;0.605921
0.405516;-2.80891;0.611132
0.405006;-2.80589;0.612976
0.402959;-2.7941;0.620179
0.399621;-2.77586;0.631341
0.396751;-2.76103;0.640431
0.395005;-2.75234;0.645763
0.390711;-2.73192;0.658321
0.384451;-2.7042;0.675422
0.383148;-2.6987;0.678826
0.379728;-2.68463;0.687541
0.376185;-2.67058;0.696257
0.373963;-2.66203;0.701575
0.371708;-2.65353;0.706867
0.365613;-2.63142;0.720668
0.359154;-2.60921;0.734593
0.354812;-2.59488;0.743601
0.353058;-2.58922;0.747166
0.348643;-2.57521;0.756
0.344266;-2.56128;0.764739
0.341602;-2.55271;0.770087
0.339026;-2.54433;0.775285
0.33484;-2.53014;0.783973
0.332319;-2.52133;0.789312
0.326206;-2.49877;0.802748
0.322511;-2.48496;0.810893
0.320985;-2.47928;0.814236
0.320199;-2.47633;0.815968
0.313793;-2.4515;0.830352
0.310784;-2.44003;0.83698
0.308571;-2.43159;0.841834
0.304873;-2.41757;0.849875
0.299067;-2.39561;0.862396
0.296002;-2.38422;0.868872
0.289933;-2.36135;0.88175
0.287695;-2.35301;0.886426
0.285446;-2.3446;0.891124
0.281763;-2.33038;0.898973
0.278881;-2.31899;0.905188
0.276987;-2.3107;0.909586
0.274072;-2.29656;0.916886
0.27118;-2.27685;0.926363
0.269721;-2.25395;0.936256
0.270013;-2.23517;0.943482
0.270697;-2.22186;0.948306
0.271322;-2.21383;0.95108
0.272875;-2.20111;0.955148
0.273897;-2.19354;0.957503
0.273897;-2.19354;0.957503
0.27717;-2.17629;0.962309
0.281653;-2.15732;0.967059
0.284139;-2.14748;0.969412
0.28791;-2.13313;0.972735
0.290535;-2.1237;0.974821
0.292584;-2.11678;0.976276
0.295602;-2.10705;0.978238
0.297739;-2.10039;0.979532
0.300824;-2.0911;0.981272
0.304095;-2.08177;0.982912
0.311669;-2.06336;0.985499
0.314592;-2.05668;0.986336
0.325516;-2.03757;0.987282
0.330891;-2.02902;0.987433
0.336324;-2.02134;0.98723
0.344139;-2.01191;0.986351
0.345783;-2.00999;0.986143
0.345783;-2.00999;0.986143
0.358386;-1.99529;0.984554
0.374761;-1.98413;0.979607
0.388021;-1.97669;0.975054
0.404108;-1.9697;0.968823
0.41094;-1.96702;0.966085
0.41094;-1.96702;0.966085
0.43655;-1.96148;0.954213
0.446726;-1.96024;0.949171
0.454784;-1.9594;0.945135
0.4596;-1.95915;0.942635
0.482719;-1.96046;0.929703
0.492529;-1.96136;0.924113
0.504459;-1.96281;0.917199
0.511865;-1.96405;0.91278
0.523605;-1.96641;0.90564
0.534445;-1.96881;0.898975
0.547491;-1.97217;0.890789
0.559967;-1.97572;0.882846
0.568463;-1.9783;0.877386
0.568463;-1.9783;0.877386
0.582967;-1.98281;0.868044
0.59047;-1.98542;0.863106
0.59969;-1.98875;0.857
0.606773;-1.99138;0.85229
0.613787;-1.99404;0.847606
0.629938;-2.00046;0.836721
0.639046;-2.00422;0.830543
0.642143;-2.00551;0.828437
0.651645;-2.00953;0.821965
0.651645;-2.00953;0.821965
0.659502;-2.01295;0.816584
0.672421;-2.01868;0.807702
0.675443;-2.02004;0.805619
0.683134;-2.02355;0.800309
0.686406;-2.02505;0.798047
0.700209;-2.03149;0.788475
0.712586;-2.03741;0.779855
0.718598;-2.04033;0.775655
0.72481;-2.04338;0.771306
0.727763;-2.04484;0.769236
0.727763;-2.04484;0.769236
0.741771;-2.05189;0.759385
0.749563;-2.05588;0.753884
0.754348;-2.05836;0.750498
0.762672;-2.06272;0.744594
0.768987;-2.06607;0.740102
0.785779;-2.07515;0.728105
0.790868;-2.07796;0.724454
0.796263;-2.08096;0.720575
0.803188;-2.08485;0.715584
0.808556;-2.0879;0.711705
0.821408;-2.09531;0.702384
0.838264;-2.10527;0.69008
0.843943;-2.10869;0.685915
0.852045;-2.11363;0.679954
0.864056;-2.12106;0.671077
0.867851;-2.12345;0.668262
0.878208;-2.13002;0.660553
0.88223;-2.13261;0.657549
0.896537;-2.14194;0.646816
0.908717;-2.15005;0.637619
0.91883;-2.15692;0.62994
0.93554;-2.16851;0.617161
0.939509;-2.17131;0.614109
0.94961;-2.17852;0.606311
0.957808;-2.18446;0.599951
0.957808;-2.18446;0.599951
0.966057;-2.19051;0.59352
0.984354;-2.20424;0.579147
0.99028;-2.20878;0.574458
0.998329;-2.21501;0.568062
1.00461;-2.21993;0.563046
1.02295;-2.23459;0.548298
1.03093;-2.24111;0.541818
1.03928;-2.24803;0.535005
1.0456;-2.25332;0.529827
1.04997;-2.25702;0.526232
1.06551;-2.27039;0.513348
1.07342;-2.27732;0.506741
1.08157;-2.28456;0.499891
1.09169;-2.29371;0.491321
1.1039;-2.30495;0.480892
1.11984;-2.31998;0.467123
1.12165;-2.32171;0.465548
1.12781;-2.32764;0.460179
1.14139;-2.34097;0.448218
1.15093;-2.35052;0.439742
1.16065;-2.36042;0.431023
1.16443;-2.36432;0.427611
1.17161;-2.3718;0.421093
1.18093;-2.38165;0.412573
1.18826;-2.38953;0.405811
1.20247;-2.40509;0.392568
1.21272;-2.41657;0.382901
1.22138;-2.42646;0.374641
1.22806;-2.43421;0.368213
1.23318;-2.4402;0.363263
1.24157;-2.45016;0.355075
1.24654;-2.45614;0.350193
1.25301;-2.46398;0.343808
1.26143;-2.47423;0.335496
1.26807;-2.48228;0.328982
1.26992;-2.4845;0.327181
1.29004;-2.50849;0.307799
1.29673;-2.51653;0.301351
1.30035;-2.52093;0.297838
1.30035;-2.52093;0.297838
1.32109;-2.54555;0.278169
1.32608;-2.55154;0.273423
1.33323;-2.56015;0.266617
1.33323;-2.56015;0.266617
1.35503;-2.58519;0.246782
1.36048;-2.59149;0.241825
1.37466;-2.60746;0.229267
1.37993;-2.61343;0.224602
1.38338;-2.61728;0.221589
1.39568;-2.63088;0.210971
1.40452;-2.64064;0.203391
1.41177;-2.64857;0.197249
1.41881;-2.65625;0.191323
1.4244;-2.66235;0.186629
1.43409;-2.6728;0.178602
1.44678;-2.68631;0.168271
1.45425;-2.69413;0.16231
1.45597;-2.69592;0.160945
1.46348;-2.70344;0.155208
1.47671;-2.7162;0.145474
1.48248;-2.72179;0.141238
1.49362;-2.73235;0.133247
1.49953;-2.73766;0.129223
1.5056;-2.74298;0.125189
1.51539;-2.7513;0.118892
1.51933;-2.75456;0.116427
1.53613;-2.76716;0.106833
1.5487;-2.77575;0.100268
1.5551;-2.77993;0.0970749
1.56385;-2.78524;0.0929934
1.57243;-2.79011;0.0892424
1.58161;-2.79491;0.0855193
1.59048;-2.79927;0.0821271
1.59931;-2.80344;0.0788833
1.61525;-2.81;0.073714
1.62484;-2.81346;0.0709487
1.63679;-2.81721;0.0679025
1.643;-2.81898;0.0664511
1.64584;-2.81974;0.0658179
1.6524;-2.82131;0.0644885
1.65696;-2.8223;0.0636383
1.66013;-2.82293;0.0630821
1.66476;-2.82375;0.0623417
1.66716;-2.82415;0.0619789
1.67085;-2.82471;0.0614574
1.6751;-2.82525;0.060919
1.67711;-2.8255;0.0606769
1.6789;-2.8257;0.0604659
1.68073;-2.8259;0.0602597
1.6823;-2.82607;0.0600875
1.68255;-2.82609;0.0600606
1.68369;-2.8262;0.0599413
1.68493;-2.82632;0.0598155
1.6853;-2.82635;0.0597787
1.68547;-2.82637;0.0597613
1.68542;-2.82636;0.0597666
1.68332;-2.82617;0.0599817
1.68057;-2.82588;0.0602834
1.67898;-2.82569;0.0604743
1.67542;-2.82518;0.0609566
1.67183;-2.82462;0.0614731
1.66853;-2.82407;0.0619787
1.66524;-2.82347;0.0625155
1.6522;-2.82021;0.0652346
1.63912;-2.81632;0.0684089
1.63369;-2.81449;0.0698759
1.62806;-2.81245;0.0714958
1.61683;-2.80791;0.0750628
1.61289;-2.80622;0.0763856
1.60088;-2.80048;0.0808283
1.59506;-2.79755;0.083093
1.58903;-2.79428;0.0856022
1.57912;-2.78875;0.0898513
1.57113;-2.78382;0.0936142
1.56329;-2.77861;0.0975685
1.54786;-2.76729;0.106124
1.54251;-2.76327;0.109172
1.53356;-2.75624;0.114497
1.52823;-2.75196;0.117741
1.51986;-2.74513;0.122929
1.50701;-2.7339;0.131447
1.50225;-2.72972;0.13463
1.48993;-2.71853;0.143155
1.4817;-2.71097;0.148937
1.4749;-2.70472;0.153742
1.46968;-2.69988;0.15747
1.46636;-2.6968;0.159841
1.45727;-2.68832;0.166405
1.44783;-2.67947;0.173285
1.43656;-2.66885;0.181582
1.41758;-2.65061;0.195898
1.41161;-2.6449;0.200415
1.40391;-2.63751;0.206273
1.39464;-2.62858;0.213385
1.3889;-2.62307;0.217795
1.37897;-2.61357;0.225431
1.37267;-2.60751;0.230308
1.36707;-2.60212;0.234664
1.35697;-2.59244;0.242533
1.3425;-2.57841;0.25397
1.33245;-2.5687;0.261937
1.32208;-2.55865;0.270216
1.31206;-2.54899;0.278228
1.30208;-2.53941;0.28621
1.29185;-2.52972;0.294353
1.28811;-2.52621;0.297321
1.27792;-2.51657;0.305473
1.26978;-2.50899;0.311936
1.26151;-2.50138;0.318472
1.2554;-2.49582;0.323271
1.23676;-2.47917;0.337803
1.21988;-2.4645;0.350811
1.21347;-2.45902;0.355715
1.20475;-2.45167;0.362343
1.19856;-2.4465;0.367038
1.18542;-2.43565;0.376959
1.17926;-2.43063;0.381588
1.17266;-2.42529;0.386538
1.16405;-2.4184;0.392968
1.14677;-2.40475;0.405834
1.13576;-2.39621;0.413979
1.11875;-2.38313;0.426568
1.11225;-2.37819;0.431362
1.1033;-2.37141;0.437974
1.09241;-2.36319;0.446035
1.08553;-2.35804;0.451118
1.0771;-2.35173;0.457363
1.06587;-2.34339;0.465674
1.0593;-2.33855;0.470531
1.05018;-2.33188;0.477263
1.04107;-2.32525;0.48399
1.02574;-2.31419;0.495306
1.00553;-2.2996;0.510318
0.996916;-2.29347;0.516697
0.992362;-2.29026;0.520064
0.988223;-2.28734;0.523124
0.970599;-2.275;0.53616
0.964316;-2.27065;0.540796
0.953414;-2.26319;0.548819
0.946619;-2.25858;0.553812
0.939763;-2.25395;0.558845
0.930666;-2.24785;0.565515
0.918997;-2.24011;0.574058
0.910001;-2.23421;0.580628
0.893967;-2.22379;0.592328
0.882638;-2.21657;0.600557
0.87577;-2.21223;0.605533
0.866623;-2.20653;0.612141
0.857085;-2.20064;0.619014
0.837962;-2.18908;0.632731
0.83133;-2.18515;0.637466
0.809327;-2.17237;0.653093
0.804327;-2.16952;0.656628
0.794435;-2.16395;0.663604
0.779715;-2.15583;0.673937
0.772628;-2.15199;0.678895
0.762388;-2.1465;0.686039
0.752731;-2.14141;0.692753
0.740847;-2.13526;0.700983
0.723403;-2.12643;0.713009
0.714068;-2.12182;0.719415
0.697271;-2.1137;0.730892
0.687601;-2.10914;0.737471
0.677715;-2.10455;0.744176
0.665124;-2.09882;0.752685
0.655485;-2.09452;0.759178
0.648314;-2.09138;0.763996
0.635614;-2.0859;0.772504
0.62772;-2.08256;0.777777
0.620085;-2.07938;0.782866
0.60756;-2.07426;0.791191
0.602481;-2.07221;0.794559
0.602481;-2.07221;0.794559
0.602481;-2.07221;0.794559
0.602481;-2.07221;0.794559
0.546951;-2.05125;0.831051
0.541282;-2.04925;0.834745
0.526282;-2.04411;0.844477
0.505807;-2.03748;0.857656
0.498066;-2.03507;0.862615
0.490648;-2.03282;0.867355
0.470527;-2.02699;0.880133
0.457728;-2.02346;0.888224
0.44694;-2.0206;0.895018
0.433961;-2.0173;0.903162
0.423247;-2.01468;0.909862
0.412963;-2.01226;0.916271
0.404572;-2.01036;0.921489
0.383476;-2.00584;0.934552
0.375668;-2.00425;0.939372
0.36249;-2.00169;0.947489
0.354757;-2.00024;0.952244
0.341433;-1.99786;0.960418
0.328487;-1.99567;0.968341
0.322893;-1.99475;0.971762
0.301764;-1.99157;0.984632
0.288527;-1.98976;0.992667
0.26949;-1.98743;1.00418
0.261303;-1.98654;1.0091
0.255969;-1.986;1.01231
0.236883;-1.98434;1.02372
0.223229;-1.98335;1.03185
0.215064;-1.98286;1.0367
0.207265;-1.98249;1.04131
0.193932;-1.98207;1.04914
0.186109;-1.98192;1.05371
0.175621;-1.98186;1.05982
0.162065;-1.982;1.06768
0.141623;-1.98268;1.07944
0.133906;-1.98303;1.08387
0.123452;-1.98361;1.08986
0.10988;-1.98453;1.09761
0.0993915;-1.98536;1.1036
0.0915322;-1.98604;1.10808
0.0806867;-1.98707;1.11425
0.0700911;-1.98815;1.12029
0.0537223;-1.99001;1.1296
0.037288;-1.99205;1.13895
0.0146452;-1.9953;1.15181
0.0123217;-1.99565;1.15313
0.00653797;-1.99653;1.15642
-0.00438406;-1.99827;1.16263
-0.0264861;-2.00199;1.17522
-0.0400539;-2.00442;1.18296
-0.0480094;-2.00589;1.18751
-0.0684922;-2.00988;1.19922
-0.078937;-2.012;1.20521
-0.100177;-2.01655;1.21739
-0.110689;-2.0189;1.22344
-0.121181;-2.02131;1.22948
-0.129148;-2.02319;1.23407
-0.142293;-2.02637;1.24166
-0.150095;-2.02831;1.24617
-0.157961;-2.0303;1.25073
-0.181424;-2.03647;1.26434
-0.189367;-2.03864;1.26896
-0.207854;-2.04383;1.27973
-0.207854;-2.04383;1.27973
-0.226148;-2.04919;1.29043
-0.226148;-2.04919;1.29043
-0.252381;-2.05724;1.30583
-0.262818;-2.06056;1.31197
-0.276221;-2.06494;1.31989
-0.28864;-2.0691;1.32723
-0.31184;-2.07714;1.34101
-0.319455;-2.07986;1.34555
-0.334613;-2.08539;1.3546
-0.339961;-2.08737;1.3578
-0.34986;-2.0911;1.36374
-0.36492;-2.09691;1.3728
-0.370126;-2.09895;1.37594
-0.394526;-2.10878;1.3907
-0.414694;-2.11722;1.40296
-0.414694;-2.11722;1.40296
-0.427023;-2.12253;1.4105
-0.427023;-2.12253;1.4105
-0.449206;-2.13235;1.42411
-0.449206;-2.13235;1.42411
-0.449206;-2.13235;1.42411
-0.449206;-2.13235;1.42411
-0.479233;-2.14623;1.44267
-0.506811;-2.15958;1.45986
-0.516501;-2.16441;1.46594
-0.521044;-2.1667;1.4688
-0.538177;-2.17549;1.4796
-0.540197;-2.17654;1.48088
-0.547213;-2.18021;1.48532
-0.547213;-2.18021;1.48532
-0.58881;-2.20284;1.51189
-0.602847;-2.21081;1.52095
-0.612232;-2.21622;1.52703
-0.618963;-2.22016;1.5314
-0.618963;-2.22016;1.5314
-0.618963;-2.22016;1.5314
-0.62559;-2.22407;1.53572
-0.65554;-2.242;1.55538
-0.669388;-2.2505;1.56455
-0.682836;-2.25874;1.57351
-0.691807;-2.2643;1.57951
-0.698867;-2.2687;1.58425
-0.703325;-2.27148;1.58725
-0.710345;-2.27586;1.59198
-0.729113;-2.2876;1.6047
-0.733721;-2.2905;1.60784
-0.755541;-2.30393;1.62277
-0.764808;-2.30966;1.62915
-0.786413;-2.32284;1.6441
-0.791634;-2.326;1.64773
-0.805876;-2.33454;1.65766
-0.810882;-2.33755;1.66116
-0.817866;-2.34174;1.66606
-0.829665;-2.34882;1.67435
-0.841596;-2.35601;1.68278
-0.848694;-2.36031;1.6878
-0.860592;-2.36756;1.69626
-0.877349;-2.37783;1.70824
-0.88418;-2.38206;1.71314
-0.895947;-2.38937;1.72161
-0.907529;-2.39662;1.72998
-0.916976;-2.40257;1.73684
-0.924261;-2.4072;1.74215
-0.931222;-2.41165;1.74723
-0.950051;-2.42391;1.76107
-0.961985;-2.43188;1.7699
-0.977909;-2.44275;1.78177
-0.989216;-2.45063;1.79025
-0.996173;-2.45554;1.7955
-1.00062;-2.45872;1.79886
-1.01419;-2.46854;1.80918
-1.02261;-2.47474;1.81562
-1.03123;-2.48117;1.82224
-1.04454;-2.49128;1.83254
-1.05581;-2.50002;1.84132
-1.07163;-2.51255;1.85375
-1.08302;-2.52177;1.86277
-1.09403;-2.53085;1.87156
-1.09875;-2.53479;1.87535
-1.11221;-2.5462;1.88621
-1.11451;-2.54817;1.88808
-1.12478;-2.55709;1.89645
-1.13331;-2.5646;1.90345
-1.15218;-2.58161;1.91909
-1.15999;-2.58881;1.92563
-1.16818;-2.59646;1.93253
-1.17601;-2.60388;1.93918
-1.18417;-2.61171;1.94615
-1.18984;-2.61722;1.95101
-1.19966;-2.62688;1.9595
-1.20388;-2.63109;1.96317
-1.21342;-2.64072;1.97151
-1.23076;-2.65862;1.98686
-1.23425;-2.66229;1.98998
-1.24905;-2.67812;2.00332
-1.25638;-2.68613;2.01001
-1.26164;-2.69193;2.01483
-1.2724;-2.70399;2.02478
-1.27962;-2.71222;2.03153
-1.2865;-2.72016;2.038
-1.29716;-2.73268;2.04812
-1.30568;-2.74287;2.0563
-1.31937;-2.75962;2.06962
-1.32639;-2.76838;2.07654
-1.33335;-2.77718;2.08345
-1.33838;-2.78364;2.08849
-1.3438;-2.79065;2.09394
-1.34901;-2.79748;2.09924
-1.3543;-2.80449;2.10464
-1.36664;-2.82116;2.11741
-1.37326;-2.83029;2.12436
-1.38172;-2.84215;2.13333
-1.38664;-2.84915;2.1386
-1.39475;-2.86087;2.14738
-1.39947;-2.86778;2.15253
-1.40872;-2.88158;2.16276
-1.41802;-2.89577;2.17321
-1.42236;-2.90249;2.17814
-1.42982;-2.91422;2.18669
-1.43553;-2.92336;2.19333
-1.43982;-2.93033;2.19837
-1.44675;-2.94172;2.20658
-1.45087;-2.94862;2.21153
-1.4631;-2.96952;2.22644
-1.46688;-2.97611;2.23112
-1.477;-2.99417;2.24387
-1.48084;-3.00116;2.24878
-1.48708;-3.01271;2.25687
-1.4923;-3.02255;2.26372
-1.49595;-3.0295;2.26856
-1.50238;-3.04199;2.27721
-1.50588;-3.04892;2.28199
-1.51092;-3.05901;2.28894
-1.52046;-3.0786;2.30235
-1.52531;-3.08883;2.30933
-1.53116;-3.10145;2.31789
-1.53925;-3.11934;2.32998
-1.54373;-3.1295;2.33682
-1.54821;-3.13986;2.34377
-1.55146;-3.14751;2.34889
-1.55146;-3.14751;2.34889
-1.56399;-3.17803;2.36921
-1.56909;-3.19099;2.37778
-1.57503;-3.20651;2.38802
-1.58097;-3.22254;2.39854
-1.58382;-3.23041;2.4037
-1.58853;-3.2437;2.41238
-1.59115;-3.25126;2.4173
-1.59387;-3.25926;2.42251
-1.59744;-3.26992;2.42944
-1.60104;-3.28097;2.43659
-1.60449;-3.29178;2.44358
-1.61044;-3.31112;2.45604
-1.61448;-3.32475;2.46479
-1.62132;-3.34893;2.48027
-1.62358;-3.35724;2.48557
-1.62568;-3.36511;2.49059
-1.62905;-3.37811;2.49886
-1.6311;-3.38625;2.50403
-1.63429;-3.39926;2.51228
-1.63689;-3.41022;2.51921
-1.64125;-3.42943;2.53134
-1.64538;-3.44869;2.54347
-1.6482;-3.46256;2.55219
-1.65088;-3.4764;2.56087
-1.65141;-3.47921;2.56263
-1.65344;-3.49021;2.56952
-1.65587;-3.50399;2.57814
-1.65856;-3.52008;2.58818
-1.65981;-3.52796;2.5931
-1.65981;-3.52796;2.5931
-1.66277;-3.5476;2.60533
-1.66469;-3.56138;2.6139
-1.66761;-3.58412;2.62801
-1.66857;-3.59227;2.63306
-1.66954;-3.60078;2.63834
-1.67103;-3.6149;2.64708
-1.67185;-3.62318;2.65221
-1.67316;-3.6374;2.661
-1.67411;-3.64865;2.66795
-1.67432;-3.65129;2.66959
-1.6756;-3.66866;2.68031
-1.6756;-3.66866;2.68031
-1.67676;-3.71014;2.70556
-1.67672;-3.72713;2.71584
-1.67645;-3.73559;2.72091
-1.67592;-3.74615;2.72721
-1.67508;-3.75655;2.73333
-1.67397;-3.76743;2.73971
-1.67306;-3.77548;2.74441
-1.66963;-3.79615;2.75628
-1.66417;-3.82211;2.77102
-1.663;-3.82707;2.77383
-1.65967;-3.84023;2.78124
-1.65704;-3.84999;2.78672
-1.65484;-3.85776;2.79107
-1.6519;-3.86764;2.79659
-1.64892;-3.87723;2.80195
-1.64556;-3.88751;2.80768
-1.63887;-3.90615;2.818
-1.63237;-3.92271;2.82713
-1.62768;-3.93395;2.8333
-1.62451;-3.94117;2.83725
-1.61932;-3.95254;2.84346
-1.61701;-3.95741;2.84612
-1.61018;-3.97111;2.85356
-1.60679;-3.97772;2.85715
-1.60076;-3.98914;2.86335
-1.59612;-3.9977;2.86799
-1.58891;-4.01068;2.87505
-1.57798;-4.02978;2.88547
-1.57431;-4.03605;2.8889
-1.56938;-4.0444;2.89348
-1.56429;-4.05292;2.89816
-1.55915;-4.06143;2.90285
-1.54841;-4.07893;2.91254
-1.5416;-4.08984;2.91861
-1.5304;-4.10745;2.92846
-1.52891;-4.10978;2.92977
-1.51906;-4.12491;2.93828
-1.5118;-4.13589;2.9445
-1.50893;-4.1402;2.94694
-1.50458;-4.14667;2.95062
-1.49872;-4.15532;2.95555
-1.49142;-4.16596;2.96164
-1.47984;-4.18256;2.97119
-1.4767;-4.187;2.97376
-1.46941;-4.19722;2.97968
-1.45757;-4.21355;2.9892
-1.45178;-4.22142;2.99381
-1.44727;-4.22748;2.99737
-1.43816;-4.23961;3.00453
-1.43355;-4.24567;3.00811
-1.42903;-4.25158;3.01162
-1.41497;-4.26967;3.02242
-1.40203;-4.28597;3.03224
-1.39522;-4.29442;3.03735
-1.38866;-4.30248;3.04225
-1.38357;-4.30867;3.04603
-1.37695;-4.31666;3.05093
-1.37014;-4.32479;3.05593
-1.36333;-4.33285;3.0609
-1.35319;-4.34469;3.06825
-1.33673;-4.36355;3.08005
-1.33146;-4.36949;3.0838
-1.3262;-4.37537;3.08752
-1.31563;-4.38707;3.09496
-1.31061;-4.39256;3.09846
-1.30147;-4.40247;3.10482
-1.29434;-4.41011;3.10974
-1.28884;-4.41595;3.11353
-1.28339;-4.4217;3.11726
-1.27235;-4.43321;3.12479
-1.26875;-4.43693;3.12723
-1.25588;-4.45006;3.13589
-1.24823;-4.45777;3.14101
-1.23892;-4.46703;-3.13598
-1.23892;-4.46703;-3.13598
-1.22941;-4.47635;-3.12971
-1.20598;-4.49882;-3.11443
-1.20043;-4.50403;-3.11085
-1.1845;-4.51882;-3.10062
-1.18024;-4.52272;-3.0979
-1.16866;-4.53322;-3.09054
-1.16058;-4.54046;-3.08543
-1.15456;-4.5458;-3.08164
-1.14466;-4.5545;-3.07544
-1.14068;-4.55796;-3.07296
-1.13635;-4.56171;-3.07026
-1.11445;-4.58038;-3.05672
-1.10649;-4.58704;-3.05183
-1.08828;-4.60202;-3.04073
-1.08634;-4.6036;-3.03956
-1.08634;-4.6036;-3.03956
-1.06826;-4.61811;-3.02864
-1.06021;-4.62447;-3.02381
-1.05205;-4.63085;-3.01894
-1.04567;-4.6358;-3.01514
-1.03327;-4.6453;-3.00779
-1.027;-4.65004;-3.00408
-1.01275;-4.6607;-2.99571
-0.995893;-4.67307;-2.98587
-0.98758;-4.67908;-2.98104
-0.977481;-4.6863;-2.9752
-0.977481;-4.6863;-2.9752
-0.97101;-4.69087;-2.97147
-0.97101;-4.69087;-2.97147
-0.952792;-4.70357;-2.96101
-0.930122;-4.71897;-2.94811
-0.921744;-4.72456;-2.94337
-0.917468;-4.72739;-2.94096
-0.904418;-4.73593;-2.93362
-0.885068;-4.74835;-2.9228
-0.885068;-4.74835;-2.9228
-0.880607;-4.75117;-2.92031
-0.854642;-4.76728;-2.90593
-0.839346;-4.77654;-2.89751
-0.839346;-4.77654;-2.89751
-0.823894;-4.7857;-2.88906
-0.813063;-4.79203;-2.88315
-0.797249;-4.80111;-2.87457
-0.774252;-4.81399;-2.86216
-0.765385;-4.81886;-2.8574
-0.755865;-4.82402;-2.8523
-0.746263;-4.82917;-2.84717
-0.741863;-4.83151;-2.84483
-0.730182;-4.83765;-2.83862
-0.718153;-4.84388;-2.83224
-0.708597;-4.84876;-2.82719
-0.701649;-4.85226;-2.82353
-0.689269;-4.85844;-2.81702
-0.689269;-4.85844;-2.81702
-0.67274;-4.86652;-2.80835
-0.658339;-4.87343;-2.80084
-0.653334;-4.87579;-2.79823
-0.636602;-4.88359;-2.78954
-0.624216;-4.88925;-2.78313
-0.604749;-4.89796;-2.77309
-0.604749;-4.89796;-2.77309
-0.599708;-4.90017;-2.7705
-0.567959;-4.91377;-2.75425
-0.563212;-4.91575;-2.75182
-0.548666;-4.92174;-2.74442
-0.548666;-4.92174;-2.74442
-0.531122;-4.92888;-2.73547
-0.517527;-4.93432;-2.72853
-0.510494;-4.93712;-2.72493
-0.500781;-4.94099;-2.71994
-0.484671;-4.94745;-2.71158
-0.46563;-4.95512;-2.7016
-0.453332;-4.96004;-2.69511
-0.446194;-4.9629;-2.69133
-0.433735;-4.96787;-2.68472
-0.423351;-4.97203;-2.67916
-0.415901;-4.975;-2.67517
-0.403338;-4.98005;-2.66837
-0.395555;-4.98318;-2.66414
-0.38791;-4.98626;-2.65997
-0.365225;-4.99552;-2.64743
-0.347423;-5.00284;-2.63746
-0.347423;-5.00284;-2.63746
-0.3274;-5.01101;-2.62619
-0.314647;-5.01617;-2.61899
-0.304344;-5.02032;-2.61315
-0.299087;-5.02245;-2.61015
-0.28668;-5.02745;-2.60307
-0.2816;-5.02949;-2.60016
-0.259227;-5.03853;-2.58725
-0.249114;-5.04259;-2.58138
-0.226966;-5.05146;-2.56847
-0.219462;-5.05443;-2.56408
-0.214622;-5.05635;-2.56125
-0.201697;-5.06145;-2.55366
-0.190317;-5.0659;-2.54696
-0.178192;-5.0706;-2.53983
-0.170907;-5.07342;-2.53552
-0.160644;-5.0774;-2.52943
-0.141059;-5.08503;-2.51772
-0.121157;-5.09278;-2.50573
-0.11157;-5.09647;-2.49994
-0.109213;-5.09738;-2.49852
-0.101123;-5.10048;-2.49362
-0.101123;-5.10048;-2.49362
-0.0841;-5.10699;-2.48328
-0.066588;-5.11356;-2.47264
-0.0537639;-5.11829;-2.46484
-0.0438172;-5.12194;-2.45878
-0.021036;-5.13029;-2.44482
-0.0132665;-5.13309;-2.44006
-0.00345948;-5.13662;-2.43403
0.00114795;-5.13828;-2.43119
0.0135104;-5.14269;-2.42357
0.0257764;-5.14703;-2.416
0.0332491;-5.14963;-2.41139
0.0559688;-5.15741;-2.39737
0.0639122;-5.16005;-2.39248
0.0817641;-5.16588;-2.38149
0.0946289;-5.16998;-2.37359
0.105258;-5.17332;-2.36705
0.112754;-5.17564;-2.36244
0.125634;-5.17959;-2.35452
0.133252;-5.18189;-2.34984
0.146406;-5.18578;-2.34175
0.156497;-5.18871;-2.33556
0.177157;-5.19451;-2.3229
0.18789;-5.19743;-2.31633
0.195526;-5.19948;-2.31166
0.208818;-5.20295;-2.30354
0.216532;-5.20491;-2.29884
0.224316;-5.20686;-2.2941
0.237633;-5.21011;-2.28599
0.256463;-5.21453;-2.27454
0.267145;-5.21695;-2.26806
0.290853;-5.22207;-2.2537
0.301568;-5.22428;-2.24722
0.309841;-5.22594;-2.24222
0.323277;-5.22855;-2.2341
0.333651;-5.23049;-2.22785
0.341681;-5.23194;-2.22301
0.349912;-5.23339;-2.21806
0.363398;-5.23567;-2.20995
0.371302;-5.23695;-2.20521
0.392986;-5.24028;-2.19221
0.392986;-5.24028;-2.19221
0.428816;-5.24515;-2.17078
0.437098;-5.24616;-2.16583
0.445793;-5.24718;-2.16064
0.459184;-5.24866;-2.15266
0.4646;-5.24923;-2.14943
0.479188;-5.25068;-2.14074
0.492737;-5.2519;-2.13268
0.50083;-5.25258;-2.12787
0.512417;-5.25349;-2.12098
0.525539;-5.25442;-2.11318
0.546833;-5.2557;-2.10054
0.567887;-5.25671;-2.08805
0.576202;-5.25704;-2.08311
0.590277;-5.25749;-2.07477
0.60106;-5.25777;-2.06838
0.609393;-5.25793;-2.06344
0.623345;-5.25811;-2.05517
0.63457;-5.25817;-2.04851
0.643493;-5.25816;-2.04322
0.665582;-5.25795;-2.03013
0.682041;-5.2576;-2.02038
0.690137;-5.25737;-2.01558
0.706531;-5.25678;-2.00585
0.714785;-5.25643;-2.00096
0.728753;-5.25573;-1.99267
0.747845;-5.25455;-1.98135
0.776153;-5.25231;-1.96456
0.778961;-5.25205;-1.9629
0.795223;-5.25048;-1.95326
0.809409;-5.24897;-1.94484
0.809409;-5.24897;-1.94484
0.829048;-5.24663;-1.93319
0.837654;-5.24553;-1.92808
0.848849;-5.24402;-1.92142
0.87362;-5.2404;-1.90669
0.881816;-5.23911;-1.9018
0.893039;-5.23727;-1.89511
0.901644;-5.2358;-1.88998
0.915427;-5.23336;-1.88175
0.92376;-5.23182;-1.87677
0.937518;-5.22919;-1.86853
0.959341;-5.22475;-1.85545
0.970616;-5.22234;-1.84867
0.989784;-5.21806;-1.83713
1.00388;-5.21477;-1.82862
1.00927;-5.21348;-1.82536
1.02564;-5.20943;-1.81545
1.03357;-5.20741;-1.81065
1.04448;-5.20457;-1.80402
1.04735;-5.20381;-1.80227
1.05536;-5.20165;-1.7974
1.06916;-5.19784;-1.78899
1.08468;-5.19341;-1.7795
1.10547;-5.18722;-1.76675
1.11338;-5.18479;-1.76189
1.12651;-5.18066;-1.7538
1.13996;-5.17631;-1.74549
1.14785;-5.1737;-1.74061
1.15842;-5.17014;-1.73405
1.16909;-5.16646;-1.72742
1.19031;-5.15891;-1.71418
1.20048;-5.15519;-1.70782
1.22353;-5.14646;-1.69333
1.2314;-5.14339;-1.68837
1.2393;-5.14026;-1.68338
1.24931;-5.13623;-1.67704
1.26229;-5.13088;-1.66879
1.26971;-5.12777;-1.66406
1.2923;-5.11805;-1.64962
1.29986;-5.1147;-1.64476
1.31957;-5.10562;-1.63206
1.32911;-5.10107;-1.62589
1.33634;-5.09754;-1.6212
1.3435;-5.09397;-1.61655
1.35767;-5.0867;-1.6073
1.36466;-5.08303;-1.60273
1.38311;-5.07302;-1.59061
1.39446;-5.06668;-1.58311
1.41006;-5.05773;-1.57276
1.42158;-5.05097;-1.56507
1.42806;-5.04711;-1.56073
1.43494;-5.04297;-1.5561
1.44597;-5.03624;-1.54867
1.45277;-5.03203;-1.54407
1.46226;-5.02608;-1.53763
1.46898;-5.02183;-1.53305
1.48014;-5.01465;-1.52542
1.49881;-5.00238;-1.51256
1.51028;-4.99467;-1.50461
1.52813;-4.98241;-1.49215
1.53485;-4.9777;-1.48743
1.54388;-4.9713;-1.48106
1.55291;-4.96482;-1.47467
1.55933;-4.96016;-1.47011
1.56981;-4.95246;-1.46262
1.58256;-4.94292;-1.45346
1.60221;-4.92785;-1.43922
1.6133;-4.91915;-1.43111
1.61999;-4.91383;-1.42619
1.6264;-4.90868;-1.42146
1.6354;-4.90137;-1.41479
1.64411;-4.8942;-1.4083
1.65523;-4.8849;-1.39995
1.66564;-4.87606;-1.3921
1.67189;-4.87067;-1.38735
1.68035;-4.86331;-1.3809
1.68833;-4.85619;-1.37477
1.70374;-4.84095;-1.36266
1.71588;-4.82687;-1.35277
1.72368;-4.81701;-1.34626
1.7295;-4.80887;-1.34125
1.73336;-4.80275;-1.33781
1.73694;-4.79663;-1.33454
1.74257;-4.78582;-1.32919
1.74959;-4.77021;-1.32212
1.75315;-4.76142;-1.31837
1.75315;-4.76142;-1.31837
1.75996;-4.74435;-1.3111
1.75996;-4.74435;-1.3111
1.75996;-4.74435;-1.3111
1.77302;-4.7059;-1.29593
1.77369;-4.70389;-1.29513
1.77703;-4.69467;-1.29131
1.77967;-4.68728;-1.28825
1.78483;-4.67359;-1.28238
1.79472;-4.65221;-1.27195
1.80062;-4.6401;-1.26579
1.80401;-4.63334;-1.26228
1.80401;-4.63334;-1.26228
1.80401;-4.63334;-1.26228
1.80678;-4.62847;-1.25953
1.82991;-4.59129;-1.23704
1.83276;-4.58673;-1.23425
1.84994;-4.56085;-1.21764
1.85456;-4.55409;-1.21318
1.85781;-4.54937;-1.21004
1.86696;-4.5364;-1.20126
1.87613;-4.52346;-1.19242
1.87759;-4.52141;-1.19101
1.88568;-4.51032;-1.18324
1.89051;-4.5037;-1.17858
1.90484;-4.48461;-1.16484
1.91139;-4.47579;-1.15849
1.92419;-4.45859;-1.14604
1.93062;-4.44981;-1.13971
1.93681;-4.44129;-1.13357
1.94289;-4.4326;-1.12744
1.94721;-4.42608;-1.12297
1.95364;-4.41506;-1.1159
1.95982;-4.40167;-1.10826
1.96478;-4.38846;-1.10134
1.96912;-4.37283;-1.09402
1.97094;-4.36594;-1.09083
1.97396;-4.35414;-1.08539
1.97622;-4.34512;-1.08125
1.97849;-4.33592;-1.07702
1.98017;-4.32898;-1.07383
1.98496;-4.30695;-1.06397
1.98653;-4.29758;-1.06001
1.98701;-4.28314;-1.055
1.98672;-4.2713;-1.05127
1.98591;-4.26208;-1.04867
1.98466;-4.25265;-1.04626
1.98318;-4.24611;-1.04492
1.97988;-4.23555;-1.04329
1.976;-4.22542;-1.04212
1.9681;-4.21229;-1.04225
1.9586;-4.20068;-1.04382
1.9544;-4.19577;-1.0446
1.95173;-4.19267;-1.0451
1.95173;-4.19267;-1.0451
1.9355;-4.17518;-1.04864
1.92909;-4.16834;-1.05007
1.9248;-4.16379;-1.05105
1.91313;-4.15216;-1.05396
1.90279;-4.14257;-1.05681
1.88443;-4.13025;-1.06347
1.87822;-4.12636;-1.06584
1.87183;-4.12269;-1.06839
1.86086;-4.11686;-1.07294
1.84508;-4.10872;-1.07963
1.83848;-4.10526;-1.08243
1.82344;-4.09669;-1.08863
1.81046;-4.08885;-1.09389
1.79974;-4.08213;-1.0982
1.79086;-4.07654;-1.10179
1.78222;-4.07123;-1.10534
1.77757;-4.06847;-1.10728
1.77546;-4.06723;-1.10817
1.76369;-4.06034;-1.11316
1.755;-4.0551;-1.11683
1.7461;-4.04934;-1.12049
1.7461;-4.04934;-1.12049
1.73813;-4.04267;-1.12334
1.72967;-4.0345;-1.12608
1.72808;-4.03286;-1.12657
1.7241;-4.02848;-1.12771
1.72203;-4.02609;-1.12827
1.71952;-4.02307;-1.12893
1.7168;-4.01963;-1.12958
1.71488;-4.0171;-1.13002
1.71239;-4.01376;-1.13058
1.71006;-4.01041;-1.13103
1.70889;-4.0087;-1.13125
1.70813;-4.00757;-1.13139
1.70854;-4.00816;-1.13131
1.70915;-4.009;-1.13118
1.70951;-4.00945;-1.13109
1.71087;-4.01097;-1.1307
1.7152;-4.01484;-1.12919
1.71846;-4.01734;-1.12794
1.72031;-4.01867;-1.12721
1.72438;-4.0216;-1.12559
1.73685;-4.02895;-1.12023
1.74056;-4.03084;-1.11855
1.74444;-4.03285;-1.11681
1.74772;-4.03466;-1.11538
1.75148;-4.03696;-1.1138
1.75473;-4.03917;-1.11251
1.75752;-4.04126;-1.11146
1.75988;-4.04325;-1.11063
1.76142;-4.04461;-1.11012
1.76471;-4.04803;-1.10917
1.76611;-4.0495;-1.10877
1.76674;-4.05023;-1.10861
1.76738;-4.05097;-1.10845
1.76796;-4.0517;-1.10832
1.76819;-4.05199;-1.10827
1.7683;-4.05214;-1.10825
1.76832;-4.05216;-1.10824
1.76832;-4.05216;-1.10824
1.76829;-4.05212;-1.10825
1.76799;-4.05167;-1.1083
1.76781;-4.05141;-1.10832
1.76781;-4.05141;-1.10832
1.76778;-4.05136;-1.10833
1.76778;-4.05136;-1.10833
1.76778;-4.05136;-1.10833
1.76763;-4.05114;-1.10835
1.76763;-4.05114;-1.10835
1.76763;-4.05114;-1.10835
1.76763;-4.05114;-1.10835
1.76763;-4.05114;-1.10835
1.76763;-4.05114;-1.10835
1.76763;-4.05114;-1.10835
1.76763;-4.05114;-1.10835
1.76763;-4.05114;-1.10835
1.76763;-4.05114;-1.10835
1.76763;-4.05114;-1.10835
1.76763;-4.05114;-1.10835
1.76763;-4.05114;-1.10835
1.76763;-4.05114;-1.10835
1.76763;-4.05114;-1.10835
1.76763;-4.05114;-1.10835
1.76763;-4.05114;-1.10835
1.76763;-4.05114;-1.10835
1.76763;-4.05114;-1.10835
1.76763;-4.05114;-1.10835
1.76763;-4.05114;-1.10835
1.76763;-4.05114;-1.10835
1.76763;-4.05114;-1.10835
1.76763;-4.05114;-1.10835
1.76763;-4.05114;-1.10835
1.76763;-4.05114;-1.10835
1.76763;-4.05114;-1.10835
1.76763;-4.05114;-1.10835
1.76763;-4.05114;-1.10835
1.76763;-4.05114;-1.10835
1.76763;-4.05114;-1.10835