steering, driving, delta_steering, delta_driving
290;4294859756;140732931933712;0
290;4294859756;140732931933712;0
290;4294859756;140732931933712;0
290;4294859756;140732931933712;0
290;4294859756;140732931933712;0
290;4294859756;140732931933712;0
290;4294859756;140732931933712;0
290;4294859756;140732931933712;0
290;4294859756;140732931933712;0
290;4294859756;140732931933712;0
290;4294859756;140732931933712;0
290;4294859756;140732931933712;0
290;4294859756;140732931933712;0
290;4294859756;140732931933712;0
290;4294859756;140732931933712;0
290;4294859756;140732931933712;0
290;4294859756;140732931933712;0
290;4294859756;140732931933712;0
290;4294859756;140732931933712;0
290;4294859756;140732931933712;0
290;4294859756;140732931933712;0
290;4294859756;140732931933712;0
290;4294859756;140732931933712;0
290;4294859756;140732931933712;0
290;4294859756;140732931933712;0
290;4294859756;140732931933712;0
290;4294859755;140732931933712;0
290;4294859755;140732931933712;0
290;4294859802;140732931933712;0
290;4294860056;140732931933712;0
290;4294860268;140732931933712;0
290;4294860941;140732931933712;0
290;4294861430;140732931933712;0
290;4294862199;140732931933712;0
290;4294862997;140732931933712;0
290;4294863798;140732931933712;0
290;4294867212;140732931933712;0
290;4294869964;140732931933712;0
290;4294872639;140732931933712;0
290;4294874997;140732931933712;0
290;4294876898;140732931933712;0
290;4294880446;140732931933712;0
290;4294882613;140732931933712;0
290;4294883450;140732931933712;0
290;4294889086;140732931933712;0
290;4294893421;140732931933712;0
290;4294897196;140732931933712;0
290;4294903932;140732931933712;0
290;4294912193;140732931933712;0
290;4294916536;140732931933712;0
290;4294920901;140732931933712;0
290;4294922088;140732931933712;0
290;4294933249;140732931933712;0
290;4294937832;140732931933712;0
290;4294946648;140732931933712;0
290;4294952077;140732931933712;0
290;4294956423;140732931933712;0
290;4294959605;140732931933712;0
290;4294962835;140732931933712;0
290;526;140732931933712;0
290;4271;140732931933712;0
290;11621;140732931933712;0
290;17449;140732931933712;0
290;20547;140732931933712;0
290;24160;140732931933712;0
290;25682;140732931933712;0
290;29343;140732931933712;0
296;32173;140732931933712;6
320;35128;140732931933712;24
336;38085;140732931933712;16
346;40339;140732931933712;10
358;45181;140732931933712;12
386;50279;140732931933712;28
398;53969;140732931933712;12
414;57775;140732931933712;16
432;62792;140732931933712;18
448;65815;140732931933712;16
484;71351;140732931933712;36
510;74594;140732931933712;26
546;79234;140732931933712;36
634;89391;140732931933712;88
672;93243;140732931933712;38
790;105683;140732931933712;118
836;110920;140732931933712;46
872;115015;140732931933712;36
914;118938;140732931933712;42
966;127305;140732931933712;52
990;131318;140732931933712;24
1020;138115;140732931933712;30
1054;142413;140732931933712;34
1070;147766;140732931933712;16
1108;158818;140732931933712;38
1140;171090;140732931933712;32
1164;175231;140732931933712;24
1182;180639;140732931933712;18
1194;185882;140732931933712;12
1210;189876;140732931933712;16
1228;195298;140732931933712;18
1242;200481;140732931933712;14
1258;205874;140732931933712;16
1278;216698;140732931933712;20
1294;225973;140732931933712;16
1294;225973;140732931933712;0
1308;238194;140732931933712;14
1310;242119;140732931933712;2
1312;246246;140732931933712;2
1312;246246;140732931933712;0
1316;260050;140732931933712;4
1318;264019;140732931933712;2
1318;272343;140732931933712;0
1318;280720;140732931933712;0
1318;290484;140732931933712;0
1318;296247;140732931933712;0
1318;303543;140732931933712;0
1318;310704;140732931933712;0
1318;314997;140732931933712;0
1318;321022;140732931933712;0
1318;325431;140732931933712;0
1318;329967;140732931933712;0
1318;340646;140732931933712;0
1318;348214;140732931933712;0
1320;362015;140732931933712;2
1320;368271;140732931933712;0
1320;371269;140732931933712;0
1320;380404;140732931933712;0
1320;386643;140732931933712;0
1320;391320;140732931933712;0
1320;403763;140732931933712;0
1320;416770;140732931933712;0
1320;424765;140732931933712;0
1320;431191;140732931933712;0
1320;436035;140732931933712;0
1320;440954;140732931933712;0
1320;450285;140732931933712;0
1320;454951;140732931933712;0
1320;466052;140732931933712;0
1320;470665;140732931933712;0
1320;484873;140732931933712;0
1320;491217;140732931933712;0
1320;499218;140732931933712;0
1320;502222;140732931933712;0
1320;511700;140732931933712;0
1320;518369;140732931933712;0
1320;519968;140732931933712;0
1320;526273;140732931933712;0
1320;535964;140732931933712;0
1320;550756;140732931933712;0
1322;552381;140732931933712;2
1322;565537;140732931933712;0
1322;573548;140732931933712;0
1322;580196;140732931933712;0
1322;581982;140732931933712;0
1322;593372;140732931933712;0
1322;601427;140732931933712;0
1322;612992;140732931933712;0
1322;624556;140732931933712;0
1322;632648;140732931933712;0
1322;635871;140732931933712;0
1322;644236;140732931933712;0
1322;651052;140732931933712;0
1316;655835;140732931933712;18446744073709551610
1308;664209;140732931933712;18446744073709551608
1302;669404;140732931933712;18446744073709551610
1296;679495;140732931933712;18446744073709551610
1284;689297;140732931933712;18446744073709551604
1268;704166;140732931933712;18446744073709551600
1258;709173;140732931933712;18446744073709551606
1248;714092;140732931933712;18446744073709551606
1218;723992;140732931933712;18446744073709551586
1198;728900;140732931933712;18446744073709551596
1156;737199;140732931933712;18446744073709551574
1124;742573;140732931933712;18446744073709551584
1082;749022;140732931933712;18446744073709551574
976;762307;140732931933712;18446744073709551510
930;768746;140732931933712;18446744073709551570
792;779796;140732931933712;18446744073709551478
690;787662;140732931933712;18446744073709551514
600;792568;140732931933712;18446744073709551526
506;800401;140732931933712;18446744073709551522
430;805112;140732931933712;18446744073709551540
332;811447;140732931933712;18446744073709551518
210;817690;140732931933712;18446744073709551494
52;830123;140732931933712;18446744073709551458
8140;837976;140732931933712;8088
8012;848878;140732931933712;18446744073709551488
7976;852271;140732931933712;18446744073709551580
7914;855323;140732931933712;18446744073709551554
7820;867890;140732931933712;18446744073709551522
7762;874152;140732931933712;18446744073709551558
7708;880519;140732931933712;18446744073709551562
7672;883669;140732931933712;18446744073709551580
7624;893107;140732931933712;18446744073709551568
7586;897835;140732931933712;18446744073709551578
7522;910411;140732931933712;18446744073709551552
7496;915436;140732931933712;18446744073709551590
7460;928109;140732931933712;18446744073709551580
7440;932870;140732931933712;18446744073709551596
7430;940810;140732931933712;18446744073709551606
7420;948741;140732931933712;18446744073709551606
7410;951834;140732931933712;18446744073709551606
7402;959936;140732931933712;18446744073709551608
7398;968103;140732931933712;18446744073709551612
7392;973016;140732931933712;18446744073709551610
7388;979415;140732931933712;18446744073709551612
7386;986006;140732931933712;18446744073709551614
7380;992618;140732931933712;18446744073709551610
7374;1005868;140732931933712;18446744073709551610
7370;1010609;140732931933712;18446744073709551612
7364;1018748;140732931933712;18446744073709551610
7360;1025146;140732931933712;18446744073709551612
7356;1028381;140732931933712;18446744073709551612
7356;1031667;140732931933712;0
7352;1044464;140732931933712;18446744073709551612
7336;1055829;140732931933712;18446744073709551600
7334;1062678;140732931933712;18446744073709551614
7304;1074450;140732931933712;18446744073709551586
7298;1082675;140732931933712;18446744073709551610
7290;1087595;140732931933712;18446744073709551608
7280;1095636;140732931933712;18446744073709551606
7270;1100544;140732931933712;18446744073709551606
7264;1107041;140732931933712;18446744073709551610
7258;1115225;140732931933712;18446744073709551610
7250;1128420;140732931933712;18446744073709551608
7248;1133475;140732931933712;18446744073709551614
7236;1148446;140732931933712;18446744073709551604
7232;1153838;140732931933712;18446744073709551612
7228;1162008;140732931933712;18446744073709551612
7226;1166942;140732931933712;18446744073709551614
7218;1172093;140732931933712;18446744073709551608
7212;1179089;140732931933712;18446744073709551610
7208;1185849;140732931933712;18446744073709551612
7202;1194808;140732931933712;18446744073709551610
7198;1199765;140732931933712;18446744073709551612
7190;1208507;140732931933712;18446744073709551608
7180;1220391;140732931933712;18446744073709551606
7172;1227395;140732931933712;18446744073709551608
7172;1234444;140732931933712;0
7172;1241087;140732931933712;0
7168;1244633;140732931933712;18446744073709551612
7166;1254940;140732931933712;18446744073709551614
7166;1262126;140732931933712;0
7166;1272236;140732931933712;0
7166;1282880;140732931933712;0
7166;1289492;140732931933712;0
7166;1294787;140732931933712;0
7166;1300080;140732931933712;0
7166;1308764;140732931933712;0
7166;1315836;140732931933712;0
7166;1321020;140732931933712;0
7166;1331328;140732931933712;0
7166;1338444;140732931933712;0
7166;1340163;140732931933712;0
7166;1345175;140732931933712;0
7166;1352101;140732931933712;0
7164;1369259;140732931933712;18446744073709551614
7160;1374187;140732931933712;18446744073709551612
7156;1377926;140732931933712;18446744073709551612
7148;1390247;140732931933712;18446744073709551608
7144;1397329;140732931933712;18446744073709551612
7136;1402456;140732931933712;18446744073709551608
7134;1403975;140732931933712;18446744073709551614
7126;1410847;140732931933712;18446744073709551608
7126;1410847;140732931933712;0
7114;1436407;140732931933712;18446744073709551604
7112;1436407;140732931933712;18446744073709551614
7102;1450053;140732931933712;18446744073709551606
7096;1453699;140732931933712;18446744073709551610
7084;1463842;140732931933712;18446744073709551604
7074;1472727;140732931933712;18446744073709551606
7064;1477835;140732931933712;18446744073709551606
7050;1489724;140732931933712;18446744073709551602
7040;1498297;140732931933712;18446744073709551606
7024;1510467;140732931933712;18446744073709551600
7018;1517285;140732931933712;18446744073709551610
7014;1520740;140732931933712;18446744073709551612
7004;1531027;140732931933712;18446744073709551606
6994;1539504;140732931933712;18446744073709551606
6986;1544615;140732931933712;18446744073709551608
6976;1549967;140732931933712;18446744073709551606
6966;1556493;140732931933712;18446744073709551606
6944;1566654;140732931933712;18446744073709551594
6934;1571723;140732931933712;18446744073709551606
6918;1578595;140732931933712;18446744073709551600
6902;1585116;140732931933712;18446744073709551600
6872;1598606;140732931933712;18446744073709551586
6852;1605546;140732931933712;18446744073709551596
6842;1610735;140732931933712;18446744073709551606
6816;1619193;140732931933712;18446744073709551590
6804;1626033;140732931933712;18446744073709551604
6770;1639884;140732931933712;18446744073709551582
6756;1646560;140732931933712;18446744073709551602
6734;1658302;140732931933712;18446744073709551594
6726;1666727;140732931933712;18446744073709551608
6714;1673414;140732931933712;18446744073709551604
6702;1678257;140732931933712;18446744073709551604
6696;1683078;140732931933712;18446744073709551610
6690;1689548;140732931933712;18446744073709551610
6680;1696160;140732931933712;18446744073709551606
6664;1704539;140732931933712;18446744073709551600
6650;1709794;140732931933712;18446744073709551602
6614;1723081;140732931933712;18446744073709551580
6594;1729345;140732931933712;18446744073709551596
6568;1735873;140732931933712;18446744073709551590
6558;1740660;140732931933712;18446744073709551606
6530;1748839;140732931933712;18446744073709551588
6514;1755176;140732931933712;18446744073709551600
6496;1758489;140732931933712;18446744073709551598
6474;1766601;140732931933712;18446744073709551594
6454;1772964;140732931933712;18446744073709551596
6410;1787930;140732931933712;18446744073709551572
6394;1791394;140732931933712;18446744073709551600
6352;1804475;140732931933712;18446744073709551574
6332;1813015;140732931933712;18446744073709551596
6312;1821682;140732931933712;18446744073709551596
6288;1826796;140732931933712;18446744073709551592
6266;1833901;140732931933712;18446744073709551594
6226;1847555;140732931933712;18446744073709551576
6214;1854493;140732931933712;18446744073709551604
6176;1865131;140732931933712;18446744073709551578
6162;1875436;140732931933712;18446744073709551602
6152;1878842;140732931933712;18446744073709551606
6136;1889117;140732931933712;18446744073709551600
6128;1896260;140732931933712;18446744073709551608
6116;1901357;140732931933712;18446744073709551604
6114;1904568;140732931933712;18446744073709551614
6102;1913093;140732931933712;18446744073709551604
6090;1923635;140732931933712;18446744073709551604
6074;1932238;140732931933712;18446744073709551600
6062;1949509;140732931933712;18446744073709551604
6054;1956536;140732931933712;18446744073709551608
6050;1961770;140732931933712;18446744073709551612
6046;1970665;140732931933712;18446744073709551612
6042;1975459;140732931933712;18446744073709551612
6038;1982500;140732931933712;18446744073709551612
6032;1990819;140732931933712;18446744073709551610
6030;1998000;140732931933712;18446744073709551614
6030;2002751;140732931933712;0
6028;2009558;140732931933712;18446744073709551614
6020;2023372;140732931933712;18446744073709551608
6008;2035536;140732931933712;18446744073709551604
6004;2040945;140732931933712;18446744073709551612
5994;2049302;140732931933712;18446744073709551606
5988;2057756;140732931933712;18446744073709551610
5984;2062833;140732931933712;18446744073709551612
5978;2069692;140732931933712;18446744073709551610
5976;2076292;140732931933712;18446744073709551614
5970;2081406;140732931933712;18446744073709551610
5964;2089766;140732931933712;18446744073709551610
5958;2101841;140732931933712;18446744073709551610
5954;2108758;140732931933712;18446744073709551612
5952;2118825;140732931933712;18446744073709551614
5948;2122049;140732931933712;18446744073709551612
5948;2130791;140732931933712;0
5948;2135872;140732931933712;0
5948;2142788;140732931933712;0
5946;2147751;140732931933712;18446744073709551614
5946;2165011;140732931933712;0
5946;2169970;140732931933712;0
5946;2183708;140732931933712;0
5946;2190326;140732931933712;0
5946;2198736;140732931933712;0
5946;2202296;140732931933712;0
5946;2210797;140732931933712;0
5946;2215847;140732931933712;0
5946;2224311;140732931933712;0
5946;2238017;140732931933712;0
5946;2250051;140732931933712;0
5946;2258674;140732931933712;0
5946;2262288;140732931933712;0
5946;2271021;140732931933712;0
5946;2276315;140732931933712;0
5946;2283358;140732931933712;0
5942;2292019;140732931933712;18446744073709551612
5940;2298843;140732931933712;18446744073709551614
5934;2304091;140732931933712;18446744073709551610
5924;2319579;140732931933712;18446744073709551606
5922;2324842;140732931933712;18446744073709551614
5918;2331630;140732931933712;18446744073709551612
5914;2338437;140732931933712;18446744073709551612
5906;2347180;140732931933712;18446744073709551608
5902;2352779;140732931933712;18446744073709551612
5884;2365080;140732931933712;18446744073709551598
5876;2373705;140732931933712;18446744073709551608
5854;2383803;140732931933712;18446744073709551594
5846;2390872;140732931933712;18446744073709551608
5832;2399377;140732931933712;18446744073709551602
5820;2407777;140732931933712;18446744073709551604
5808;2414708;140732931933712;18446744073709551604
5808;2414708;140732931933712;0
5792;2426690;140732931933712;18446744073709551600
5778;2440544;140732931933712;18446744073709551602
5774;2443930;140732931933712;18446744073709551612
5764;2459323;140732931933712;18446744073709551606
5760;2468194;140732931933712;18446744073709551612
5754;2473257;140732931933712;18446744073709551610
5752;2482039;140732931933712;18446744073709551614
5750;2488742;140732931933712;18446744073709551614
5748;2494168;140732931933712;18446744073709551614
5744;2502556;140732931933712;18446744073709551612
5742;2507706;140732931933712;18446744073709551614
5742;2514436;140732931933712;0
5742;2528063;140732931933712;0
5742;2534822;140732931933712;0
5740;2546866;140732931933712;18446744073709551614
5740;2560268;140732931933712;0
5740;2567225;140732931933712;0
5740;2573953;140732931933712;0
5740;2580835;140732931933712;0
5740;2589225;140732931933712;0
5740;2590957;140732931933712;0
5740;2603076;140732931933712;0
5740;2608160;140732931933712;0
5740;2609929;140732931933712;0
5740;2626877;140732931933712;0
5740;2635081;140732931933712;0
5740;2641896;140732931933712;0
5740;2648483;140732931933712;0
5740;2653687;140732931933712;0
5740;2658744;140732931933712;0
5740;2674248;140732931933712;0
5740;2681552;140732931933712;0
5740;2693337;140732931933712;0
5740;2700102;140732931933712;0
5740;2710207;140732931933712;0
5740;2715196;140732931933712;0
5740;2720271;140732931933712;0
5740;2726772;140732931933712;0
5740;2731622;140732931933712;0
5740;2736746;140732931933712;0
5740;2748349;140732931933712;0
5740;2761375;140732931933712;0
5740;2764890;140732931933712;0
5740;2773106;140732931933712;0
5740;2779720;140732931933712;0
5740;2786287;140732931933712;0
5740;2791401;140732931933712;0
5740;2799988;140732931933712;0
5740;2806933;140732931933712;0
5740;2819147;140732931933712;0
5740;2825692;140732931933712;0
5740;2832686;140732931933712;0
5740;2844578;140732931933712;0
5740;2853116;140732931933712;0
5740;2858189;140732931933712;0
5740;2866772;140732931933712;0
5740;2873399;140732931933712;0
5740;2878416;140732931933712;0
5740;2881867;140732931933712;0
5740;2888635;140732931933712;0
5740;2907464;140732931933712;0
5740;2919365;140732931933712;0
5740;2928077;140732931933712;0
5740;2933327;140732931933712;0
5740;2938399;140732931933712;0
5740;2946781;140732931933712;0
5740;2951579;140732931933712;0
5740;2965097;140732931933712;0
5740;2971889;140732931933712;0
5740;2985210;140732931933712;0
5740;2994076;140732931933712;0
5740;2999265;140732931933712;0
5740;3008136;140732931933712;0
5740;3013015;140732931933712;0
5740;3021421;140732931933712;0
5740;3022971;140732931933712;0
5740;3033071;140732931933712;0
5740;3046058;140732931933712;0
5740;3052704;140732931933712;0
5740;3064406;140732931933712;0
5740;3072713;140732931933712;0
5740;3077637;140732931933712;0
5740;3082528;140732931933712;0
5740;3090703;140732931933712;0
5740;3099118;140732931933712;0
5740;3104177;140732931933712;0
5740;3118018;140732931933712;0
5740;3126566;140732931933712;0
5740;3130026;140732931933712;0
5740;3136795;140732931933712;0
5740;3145380;140732931933712;0
5740;3150697;140732931933712;0
5740;3154283;140732931933712;0
5740;3171530;140732931933712;0
5740;3175049;140732931933712;0
5740;3189096;140732931933712;0
5740;3197735;140732931933712;0
5740;3206437;140732931933712;0
5740;3213334;140732931933712;0
5740;3220335;140732931933712;0
5740;3220335;140732931933712;0
5740;3236170;140732931933712;0
5740;3241630;140732931933712;0
5740;3262913;140732931933712;0
5740;3268285;140732931933712;0
5740;3271920;140732931933712;0
5740;3277015;140732931933712;0
5740;3289714;140732931933712;0
5740;3294703;140732931933712;0
5740;3298167;140732931933712;0
5740;3310852;140732931933712;0
5740;3320157;140732931933712;0
5740;3325770;140732931933712;0
5740;3332968;140732931933712;0
5740;3340025;140732931933712;0
5740;3346868;140732931933712;0
5740;3357641;140732931933712;0
5740;3357641;140732931933712;0
5740;3370140;140732931933712;0
5740;3384103;140732931933712;0
5740;3393082;140732931933712;0
5740;3405544;140732931933712;0
5740;3405544;140732931933712;0
5740;3407236;140732931933712;0
5740;3426887;140732931933712;0
5740;3426887;140732931933712;0
5740;3441314;140732931933712;0
5740;3452147;140732931933712;0
5740;3462862;140732931933712;0
5740;3462862;140732931933712;0
5740;3480493;140732931933712;0
5740;3484199;140732931933712;0
5740;3496306;140732931933712;0
5740;3499922;140732931933712;0
5740;3512367;140732931933712;0
5740;3515889;140732931933712;0
5740;3515889;140732931933712;0
5740;3515889;140732931933712;0
5740;3542255;140732931933712;0
5740;3547263;140732931933712;0
5740;3561111;140732931933712;0
5740;3568204;140732931933712;0
5740;3578508;140732931933712;0
5740;3578508;140732931933712;0
5740;3578508;140732931933712;0
5740;3591934;140732931933712;0
5740;3591934;140732931933712;0
5740;3591934;140732931933712;0
5740;3591934;140732931933712;0
5740;3610109;140732931933712;0
5740;3633336;140732931933712;0
5740;3633336;140732931933712;0
5740;3633336;140732931933712;0
5740;3655210;140732931933712;0
5740;3658465;140732931933712;0
5740;3666621;140732931933712;0
5740;3673380;140732931933712;0
5740;3681540;140732931933712;0
5740;3689636;140732931933712;0
5740;3694436;140732931933712;0
5740;3711508;140732931933712;0
5740;3718184;140732931933712;0
5740;3718184;140732931933712;0
5740;3731819;140732931933712;0
5740;3741994;140732931933712;0
5740;3748572;140732931933712;0
5740;3755354;140732931933712;0
5740;3770808;140732931933712;0
5740;3775899;140732931933712;0
5740;3775899;140732931933712;0
5740;3775899;140732931933712;0
5740;3775899;140732931933712;0
5740;3775899;140732931933712;0
5740;3749270;140732931933712;0
5740;3749270;140732931933712;0
5740;3762831;140732931933712;0
5740;3766096;140732931933712;0
5740;3766096;140732931933712;0
5740;3766096;140732931933712;0
5740;3771043;140732931933712;0
5740;3771043;140732931933712;0
5740;3771043;140732931933712;0
5740;3771043;140732931933712;0
5740;3771043;140732931933712;0
5740;3771043;140732931933712;0
5740;3764827;140732931933712;0
5740;3764827;140732931933712;0
5740;3776365;140732931933712;0
5740;3776365;140732931933712;0
5740;3801545;140732931933712;0
5740;3816764;140732931933712;0
5740;3825205;140732931933712;0
5740;3832380;140732931933712;0
5740;3837743;140732931933712;0
5740;3842745;140732931933712;0
5740;3847749;140732931933712;0
5740;3856129;140732931933712;0
5740;3862727;140732931933712;0
5740;3869277;140732931933712;0
5740;3877676;140732931933712;0
5740;3889489;140732931933712;0
5740;3892631;140732931933712;0
5740;3901320;140732931933712;0
5740;3911245;140732931933712;0
5740;3918168;140732931933712;0
5740;3921805;140732931933712;0
5740;3932090;140732931933712;0
5740;3939208;140732931933712;0
5740;3944507;140732931933712;0
5740;3949777;140732931933712;0
5740;3949777;140732931933712;0
5740;3978327;140732931933712;0
5740;3985263;140732931933712;0
5740;3985263;140732931933712;0
5740;4001133;140732931933712;0
5740;4006668;140732931933712;0
5740;4015340;140732931933712;0
5740;4022308;140732931933712;0
5740;4029045;140732931933712;0
5740;4034228;140732931933712;0
5740;4041251;140732931933712;0
5740;4050313;140732931933712;0
5740;4058826;140732931933712;0
5740;4062293;140732931933712;0
5748;4074353;140732931933712;8
5762;4084768;140732931933712;14
5780;4091810;140732931933712;18
5820;4102153;140732931933712;40
5840;4110582;140732931933712;20
5876;4121070;140732931933712;36
5902;4127714;140732931933712;26
5912;4131179;140732931933712;10
5936;4143255;140732931933712;24
5948;4148473;140732931933712;12
5964;4159382;140732931933712;16
5972;4166060;140732931933712;8
5972;4167881;140732931933712;0
5984;4176242;140732931933712;12
5998;4184637;140732931933712;14
6000;4191417;140732931933712;2
6008;4201403;140732931933712;8
6008;4211510;140732931933712;0
6012;4218207;140732931933712;4
6012;4223351;140732931933712;0
6014;4231959;140732931933712;2
6014;4237016;140732931933712;0
6016;4240635;140732931933712;2
6016;4247436;140732931933712;0
6016;4263066;140732931933712;0
6016;4271772;140732931933712;0
6016;4285696;140732931933712;0
6016;4289247;140732931933712;0
6016;4294419;140732931933712;0
6016;4299578;140732931933712;0
6028;4316787;140732931933712;12
6032;4325504;140732931933712;4
6038;4336009;140732931933712;6
6040;4336009;140732931933712;2
6044;4353139;140732931933712;4
6046;4359952;140732931933712;2
6052;4368680;140732931933712;6
6058;4370548;140732931933712;6
6070;4373871;140732931933712;12
6076;4387944;140732931933712;6
6090;4393196;140732931933712;14
6124;4409138;140732931933712;34
6132;4412764;140732931933712;8
6132;4419655;140732931933712;0
6174;4419655;140732931933712;42
6204;4437088;140732931933712;30
6220;4447361;140732931933712;16
6242;4452443;140732931933712;22
6254;4461182;140732931933712;12
6316;4477082;140732931933712;62
6316;4477082;140732931933712;0
6402;4487577;140732931933712;86
6444;4504664;140732931933712;42
6468;4509801;140732931933712;24
6492;4514703;140732931933712;24
6540;4523287;140732931933712;48
6578;4529922;140732931933712;38
6600;4538392;140732931933712;22
6666;4543643;140732931933712;66
6666;4543643;140732931933712;0
6806;4562112;140732931933712;140
6942;4577246;140732931933712;136
7010;4584078;140732931933712;68
7066;4589074;140732931933712;56
7132;4594312;140732931933712;66
7270;4602588;140732931933712;138
7342;4607585;140732931933712;72
7462;4616195;140732931933712;120
7602;4627798;140732931933712;140
7770;4641006;140732931933712;168
7826;4645742;140732931933712;56
7884;4649000;140732931933712;58
7884;4657111;140732931933712;0
7970;4657111;140732931933712;86
8078;4665027;140732931933712;108
8156;4673221;140732931933712;78
10;4686389;140732931933712;18446744073709543470
76;4697977;140732931933712;66
98;4706327;140732931933712;22
206;4719814;140732931933712;108
232;4724886;140732931933712;26
278;4733573;140732931933712;46
298;4738718;140732931933712;20
324;4745404;140732931933712;26
348;4753996;140732931933712;24
360;4757393;140732931933712;12
372;4757393;140732931933712;12
446;4779572;140732931933712;74
464;4788370;140732931933712;18
492;4800750;140732931933712;28
504;4806131;140732931933712;12
508;4809528;140732931933712;4
510;4818335;140732931933712;2
512;4825112;140732931933712;2
512;4833505;140732931933712;0
512;4845452;140732931933712;0
512;4845452;140732931933712;0
512;4865685;140732931933712;0
512;4874277;140732931933712;0
512;4877723;140732931933712;0
512;4887756;140732931933712;0
512;4894738;140732931933712;0
512;4899699;140732931933712;0
512;4904929;140732931933712;0
512;4911770;140732931933712;0
512;4918738;140732931933712;0
512;4936303;140732931933712;0
512;4941492;140732931933712;0
512;4953620;140732931933712;0
512;4960427;140732931933712;0
512;4970997;140732931933712;0
512;4976054;140732931933712;0
512;4981243;140732931933712;0
512;4984747;140732931933712;0
512;4988348;140732931933712;0
512;4998597;140732931933712;0
512;5015839;140732931933712;0
512;5019317;140732931933712;0
512;5037035;140732931933712;0
512;5045835;140732931933712;0
516;5051237;140732931933712;4
522;5058256;140732931933712;6
526;5061655;140732931933712;4
536;5070581;140732931933712;10
536;5075922;140732931933712;0
548;5086329;140732931933712;12
556;5091738;140732931933712;8
556;5095155;140732931933712;0
566;5102433;140732931933712;10
580;5120460;140732931933712;14
588;5125976;140732931933712;8
598;5134883;140732931933712;10
604;5140255;140732931933712;6
608;5144022;140732931933712;4
620;5154509;140732931933712;12
632;5166733;140732931933712;12
642;5173735;140732931933712;10
676;5189665;140732931933712;34
682;5192999;140732931933712;6
696;5201822;140732931933712;14
712;5208904;140732931933712;16
718;5215749;140732931933712;6
724;5222814;140732931933712;6
738;5230158;140732931933712;14
752;5236928;140732931933712;14
762;5242214;140732931933712;10
762;5249560;140732931933712;0
794;5259811;140732931933712;32
818;5272072;140732931933712;24
832;5279127;140732931933712;14
840;5282560;140732931933712;8
868;5293177;140732931933712;28
886;5298352;140732931933712;18
904;5307141;140732931933712;18
920;5312247;140732931933712;16
950;5327990;140732931933712;30
952;5329535;140732931933712;2
970;5338252;140732931933712;18
978;5345264;140732931933712;8
978;5345264;140732931933712;0
994;5362835;140732931933712;16
1040;5368203;140732931933712;46
1060;5375144;140732931933712;20
1068;5380567;140732931933712;8
1086;5404777;140732931933712;18
1108;5408057;140732931933712;22
1110;5415173;140732931933712;2
1112;5420177;140732931933712;2
1112;5426935;140732931933712;0
1112;5437573;140732931933712;0
1112;5439268;140732931933712;0
1112;5456888;140732931933712;0
1112;5472448;140732931933712;0
1112;5477698;140732931933712;0
1112;5484575;140732931933712;0
1112;5489548;140732931933712;0
1112;5494803;140732931933712;0
1112;5504979;140732931933712;0
1112;5510119;140732931933712;0
1112;5532236;140732931933712;0
1112;5535887;140732931933712;0
1112;5544544;140732931933712;0
1112;5553064;140732931933712;0
1112;5558365;140732931933712;0
1112;5563462;140732931933712;0
1112;5567046;140732931933712;0
1112;5567046;140732931933712;0
1112;5584397;140732931933712;0
1112;5589880;140732931933712;0
1112;5593285;140732931933712;0
1112;5596770;140732931933712;0
1112;5616189;140732931933712;0
1112;5616189;140732931933712;0
1112;5633601;140732931933712;0
1112;5636962;140732931933712;0
1112;5645834;140732931933712;0
1112;5652941;140732931933712;0
1112;5659787;140732931933712;0
1112;5674221;140732931933712;0
1112;5681251;140732931933712;0
1112;5691769;140732931933712;0
1112;5691769;140732931933712;0
1112;5704212;140732931933712;0
1112;5714630;140732931933712;0
1112;5719839;140732931933712;0
1112;5728717;140732931933712;0
1112;5735597;140732931933712;0
1112;5742383;140732931933712;0
1112;5745783;140732931933712;0
1112;5752737;140732931933712;0
1112;5765313;140732931933712;0
1112;5774318;140732931933712;0
1112;5783179;140732931933712;0
1114;5783179;140732931933712;2
1114;5798801;140732931933712;0
1114;5807573;140732931933712;0
1114;5810970;140732931933712;0
1114;5821483;140732931933712;0
1114;5830094;140732931933712;0
1114;5845353;140732931933712;0
1114;5852294;140732931933712;0
1114;5855665;140732931933712;0
1114;5855665;140732931933712;0
1114;5855665;140732931933712;0
1114;5855665;140732931933712;0
1114;5876275;140732931933712;0
1114;5876275;140732931933712;0
1114;5876275;140732931933712;0
1114;5907132;140732931933712;0
1114;5918796;140732931933712;0
1114;5918796;140732931933712;0
1114;5918796;140732931933712;0
1114;5918796;140732931933712;0
1114;5949456;140732931933712;0
1114;5949456;140732931933712;0
1114;5949456;140732931933712;0
1114;5966357;140732931933712;0
1114;5979999;140732931933712;0
1114;5979999;140732931933712;0
1114;5979999;140732931933712;0
1114;5996964;140732931933712;0
1114;5996964;140732931933712;0
1114;5996964;140732931933712;0
1114;6022511;140732931933712;0
1114;6022511;140732931933712;0
1114;6022511;140732931933712;0
1114;6047647;140732931933712;0
1114;6047647;140732931933712;0
1114;6047647;140732931933712;0
1114;6047647;140732931933712;0
1114;6075353;140732931933712;0
1114;6088781;140732931933712;0
1114;6092241;140732931933712;0
1114;6103985;140732931933712;0
1114;6103985;140732931933712;0
1114;6115462;140732931933712;0
1114;6115462;140732931933712;0
1114;6136752;140732931933712;0
1114;6136752;140732931933712;0
1114;6154847;140732931933712;0
1114;6158252;140732931933712;0
1114;6158252;140732931933712;0
1114;6176550;140732931933712;0
1114;6176550;140732931933712;0
1114;6176550;140732931933712;0
1114;6176550;140732931933712;0
1114;6198495;140732931933712;0
1114;6198495;140732931933712;0
1114;6198495;140732931933712;0
1114;6198495;140732931933712;0
1114;6171982;140732931933712;0
1114;6171982;140732931933712;0
1114;6189067;140732931933712;0
1114;6198934;140732931933712;0
1114;6204242;140732931933712;0
1114;6217781;140732931933712;0
1114;6217781;140732931933712;0
1114;6234761;140732931933712;0
1114;6238309;140732931933712;0
1114;6243443;140732931933712;0
1114;6257139;140732931933712;0
1114;6260378;140732931933712;0
1114;6263874;140732931933712;0
1114;6281238;140732931933712;0
1114;6284729;140732931933712;0
1114;6295018;140732931933712;0
1114;6298325;140732931933712;0
1114;6298325;140732931933712;0
1114;6298325;140732931933712;0
1114;6318637;140732931933712;0
1114;6330759;140732931933712;0
1114;6330759;140732931933712;0
1114;6342789;140732931933712;0
1114;6351421;140732931933712;0
1114;6370476;140732931933712;0
1114;6376997;140732931933712;0
1114;6383946;140732931933712;0
1114;6388913;140732931933712;0
1114;6388913;140732931933712;0
1114;6400523;140732931933712;0
1114;6407419;140732931933712;0
1114;6414164;140732931933712;0
1114;6417640;140732931933712;0
1114;6434545;140732931933712;0
1114;6438138;140732931933712;0
1116;6446794;140732931933712;2
1122;6457169;140732931933712;6
1122;6462446;140732931933712;0
1122;6469225;140732931933712;0
1124;6486560;140732931933712;2
1130;6493608;140732931933712;6
1138;6503802;140732931933712;8
1144;6512445;140732931933712;6
1156;6519232;140732931933712;12
1164;6524359;140732931933712;8
1182;6531135;140732931933712;18
1184;6534505;140732931933712;2
1202;6537795;140732931933712;18
1216;6553088;140732931933712;14
1232;6558234;140732931933712;16
1248;6571635;140732931933712;16
1250;6571635;140732931933712;2
1250;6583436;140732931933712;0
1282;6591952;140732931933712;32
1288;6598683;140732931933712;6
1298;6604017;140732931933712;10
1298;6608995;140732931933712;0
1318;6625847;140732931933712;20
1332;6639117;140732931933712;14
1338;6642340;140732931933712;6
1338;6642340;140732931933712;0
1338;6645802;140732931933712;0
1350;6645802;140732931933712;12
1360;6666255;140732931933712;10
1370;6673037;140732931933712;10
1378;6683088;140732931933712;8
1386;6689814;140732931933712;8
1400;6698014;140732931933712;14
1432;6709765;140732931933712;32
1452;6718055;140732931933712;20
1476;6721476;140732931933712;24
1502;6729745;140732931933712;26
1538;6737918;140732931933712;36
1556;6742949;140732931933712;18
1612;6756326;140732931933712;56
1646;6764552;140732931933712;34
1694;6774633;140732931933712;48
1718;6781496;140732931933712;24
1736;6789723;140732931933712;18
1758;6794652;140732931933712;22
1768;6803100;140732931933712;10
1796;6808347;140732931933712;28
1806;6811496;140732931933712;10
1806;6819962;140732931933712;0
1828;6828196;140732931933712;22
1854;6833277;140732931933712;26
1868;6839920;140732931933712;14
1900;6856777;140732931933712;32
1916;6860125;140732931933712;16
1936;6866727;140732931933712;20
1950;6871810;140732931933712;14
1972;6881966;140732931933712;22
1986;6885421;140732931933712;14
2008;6895500;140732931933712;22
2022;6900492;140732931933712;14
2050;6914278;140732931933712;28
2058;6921283;140732931933712;8
2078;6934670;140732931933712;20
2084;6941114;140732931933712;6
2088;6947803;140732931933712;4
2094;6954437;140732931933712;6
2098;6961059;140732931933712;4
2098;6965891;140732931933712;0
2100;6972669;140732931933712;2
2100;6975919;140732931933712;0
2100;6984662;140732931933712;0
2100;6988058;140732931933712;0
2100;7006887;140732931933712;0
2100;7011844;140732931933712;0
2100;7019881;140732931933712;0
2100;7028164;140732931933712;0
2100;7033281;140732931933712;0
2100;7038147;140732931933712;0
2100;7044779;140732931933712;0
2100;7056313;140732931933712;0
2102;7066339;140732931933712;2
2102;7079624;140732931933712;0
2102;7083132;140732931933712;0
2102;7091667;140732931933712;0
2102;7098267;140732931933712;0
2102;7104988;140732931933712;0
2102;7108656;140732931933712;0
2102;7118868;140732931933712;0
2102;7122124;140732931933712;0
2102;7139568;140732931933712;0
2102;7144687;140732931933712;0
2102;7155030;140732931933712;0
2102;7165563;140732931933712;0
2102;7174250;140732931933712;0
2102;7179707;140732931933712;0
2102;7188143;140732931933712;0
2102;7193323;140732931933712;0
2102;7198524;140732931933712;0
2102;7202051;140732931933712;0
2102;7217741;140732931933712;0
2102;7226256;140732931933712;0
2102;7240441;140732931933712;0
2102;7247327;140732931933712;0
2102;7256013;140732931933712;0
2102;7261094;140732931933712;0
2102;7266676;140732931933712;0
2102;7275009;140732931933712;0
2102;7283694;140732931933712;0
2102;7288816;140732931933712;0
2102;7295907;140732931933712;0
2102;7301225;140732931933712;0
2102;7315702;140732931933712;0
2102;7321078;140732931933712;0
2102;7336547;140732931933712;0
2102;7341831;140732931933712;0
2102;7348419;140732931933712;0
2102;7356802;140732931933712;0
2102;7363467;140732931933712;0
2102;7368621;140732931933712;0
2102;7375293;140732931933712;0
2102;7380337;140732931933712;0
2102;7395437;140732931933712;0
2102;7408789;140732931933712;0
2102;7415397;140732931933712;0
2102;7424056;140732931933712;0
2102;7430637;140732931933712;0
2102;7437586;140732931933712;0
2102;7442603;140732931933712;0
2102;7454564;140732931933712;0
2102;7468466;140732931933712;0
2102;7476967;140732931933712;0
2102;7482253;140732931933712;0
2102;7487362;140732931933712;0
2102;7496318;140732931933712;0
2102;7504810;140732931933712;0
2102;7510104;140732931933712;0
2102;7518980;140732931933712;0
2104;7524137;140732931933712;2
2108;7532971;140732931933712;4
2112;7538235;140732931933712;4
2114;7543668;140732931933712;2
2118;7559548;140732931933712;4
2118;7566388;140732931933712;0
2120;7573367;140732931933712;2
2120;7587215;140732931933712;0
2120;7592457;140732931933712;0
2128;7606164;140732931933712;8
2130;7612891;140732931933712;2
2130;7612891;140732931933712;0
2136;7626781;140732931933712;6
2138;7634223;140732931933712;2
2156;7641143;140732931933712;18
2160;7646330;140732931933712;4
2168;7651596;140732931933712;8
2184;7663599;140732931933712;16
2190;7670365;140732931933712;6
2204;7685672;140732931933712;14
2208;7694231;140732931933712;4
2212;7699561;140732931933712;4
2220;7708147;140732931933712;8
2228;7713374;140732931933712;8
2244;7725361;140732931933712;16
2250;7736165;140732931933712;6
2258;7750276;140732931933712;8
2262;7755670;140732931933712;4
2266;7761362;140732931933712;4
2270;7772054;140732931933712;4
2272;7777432;140732931933712;2
2276;7782838;140732931933712;4
2278;7791867;140732931933712;2
2284;7804453;140732931933712;6
2286;7813340;140732931933712;2
2290;7827460;140732931933712;4
2294;7834705;140732931933712;4
2298;7839908;140732931933712;4
2298;7839908;140732931933712;0
2310;7854127;140732931933712;12
2318;7857718;140732931933712;8
2324;7868884;140732931933712;6
2330;7876113;140732931933712;6
2338;7888647;140732931933712;8
2340;7894193;140732931933712;2
2340;7907062;140732931933712;0
2340;7912397;140732931933712;0
2340;7921598;140732931933712;0
2340;7934140;140732931933712;0
2340;7934140;140732931933712;0
2340;7934140;140732931933712;0
2340;7943359;140732931933712;0
2340;7969327;140732931933712;0
2340;7976880;140732931933712;0
2346;7991365;140732931933712;6
2348;7998733;140732931933712;2
2350;8004158;140732931933712;2
2354;8011364;140732931933712;4
2358;8016870;140732931933712;4
2362;8026276;140732931933712;4
2364;8031635;140732931933712;2
2368;8041002;140732931933712;4
2368;8044641;140732931933712;0
2368;8044641;140732931933712;0
2374;8070549;140732931933712;6
2374;8074392;140732931933712;0
2376;8081824;140732931933712;2
2378;8088928;140732931933712;2
2378;8088928;140732931933712;0
2378;8092795;140732931933712;0
2378;8110885;140732931933712;0
2378;8120236;140732931933712;0
2378;8135011;140732931933712;0
2378;8142065;140732931933712;0
2378;8156512;140732931933712;0
2378;8160152;140732931933712;0
2378;8170642;140732931933712;0
2378;8177865;140732931933712;0
2378;8185004;140732931933712;0
2378;8186831;140732931933712;0
2378;8197445;140732931933712;0
2378;8204461;140732931933712;0
2378;8213197;140732931933712;0
2382;8226956;140732931933712;4
2386;8231990;140732931933712;4
2392;8245886;140732931933712;6
2396;8252681;140732931933712;4
2398;8259555;140732931933712;2
2400;8262714;140732931933712;2
2402;8269903;140732931933712;2
2402;8280477;140732931933712;0
2402;8285942;140732931933712;0
2404;8293990;140732931933712;2
2404;8300696;140732931933712;0
2404;8307296;140732931933712;0
2404;8315342;140732931933712;0
2406;8320595;140732931933712;2
2406;8331875;140732931933712;0
2406;8338315;140732931933712;0
2406;8344810;140732931933712;0
2406;8348077;140732931933712;0
2406;8356476;140732931933712;0
2410;8371479;140732931933712;4
2410;8376604;140732931933712;0
2420;8385085;140732931933712;10
2420;8393605;140732931933712;0
2424;8403935;140732931933712;4
2426;8407432;140732931933712;2
2428;8416352;140732931933712;2
2430;8424938;140732931933712;2
2436;8430119;140732931933712;6
2440;8445346;140732931933712;4
2450;8453931;140732931933712;10
2454;8464095;140732931933712;4
2460;8464095;140732931933712;6
2470;8476010;140732931933712;10
2476;8482704;140732931933712;6
2478;8489546;140732931933712;2
2482;8496126;140732931933712;4
2486;8503070;140732931933712;4
2494;8510017;140732931933712;8
2498;8518368;140732931933712;4
2506;8530435;140732931933712;8
2516;8538865;140732931933712;10
2516;8538865;140732931933712;0
2516;8538865;140732931933712;0
2526;8547450;140732931933712;10
2530;8569177;140732931933712;4
2530;8569177;140732931933712;0
2530;8574082;140732931933712;0
2532;8592559;140732931933712;2
2534;8604575;140732931933712;2
2534;8612890;140732931933712;0
2534;8622584;140732931933712;0
2536;8627391;140732931933712;2
2538;8635458;140732931933712;2
2538;8643558;140732931933712;0
2538;8643558;140732931933712;0
2538;8651367;140732931933712;0
2540;8659276;140732931933712;2
2540;8672009;140732931933712;0
2540;8681616;140732931933712;0
2540;8691223;140732931933712;0
2540;8697576;140732931933712;0
2540;8702483;140732931933712;0
2540;8702483;140732931933712;0
2540;8702483;140732931933712;0
2540;8708659;140732931933712;0
2540;8708659;140732931933712;0
2540;8708659;140732931933712;0
2540;8680442;140732931933712;0
2540;8694968;140732931933712;0
2540;8703014;140732931933712;0
2540;8706220;140732931933712;0
2540;8715958;140732931933712;0
2540;8720774;140732931933712;0
2540;8727400;140732931933712;0
2542;8733693;140732931933712;2
2542;8738685;140732931933712;0
2542;8744959;140732931933712;0
2542;8759684;140732931933712;0
2542;8764589;140732931933712;0
2542;8771206;140732931933712;0
2542;8776427;140732931933712;0
2542;8781516;140732931933712;0
2542;8796409;140732931933712;0
2542;8804549;140732931933712;0
2542;8806087;140732931933712;0
2542;8806087;140732931933712;0
2542;8823901;140732931933712;0
2542;8838276;140732931933712;0
2542;8841559;140732931933712;0
2542;8849688;140732931933712;0
2542;8856491;140732931933712;0
2542;8868171;140732931933712;0
2542;8876343;140732931933712;0
2542;8887409;140732931933712;0
2542;8893745;140732931933712;0
2542;8900293;140732931933712;0
2542;8903310;140732931933712;0
2542;8912983;140732931933712;0
2542;8917741;140732931933712;0
2542;8922592;140732931933712;0
2542;8939041;140732931933712;0
2542;8945523;140732931933712;0
2542;8957195;140732931933712;0
2542;8964214;140732931933712;0
2542;8964214;140732931933712;0
2542;8974369;140732931933712;0
2542;8984925;140732931933712;0
2542;8990314;140732931933712;0
2542;8995258;140732931933712;0
2542;9009354;140732931933712;0
2542;9018054;140732931933712;0
2542;9033608;140732931933712;0
2542;9038578;140732931933712;0
2542;9043793;140732931933712;0
2542;9053875;140732931933712;0
2542;9058849;140732931933712;0
2542;9067275;140732931933712;0
2542;9072308;140732931933712;0
2542;9080672;140732931933712;0
2542;9085836;140732931933712;0
2542;9099242;140732931933712;0
2542;9105984;140732931933712;0
2542;9117917;140732931933712;0
2542;9119653;140732931933712;0
2542;9131411;140732931933712;0
2542;9138050;140732931933712;0
2542;9139698;140732931933712;0
2542;9151126;140732931933712;0
2542;9156033;140732931933712;0
2542;9166185;140732931933712;0
2542;9171288;140732931933712;0
2542;9178208;140732931933712;0
2542;9191836;140732931933712;0
2542;9198332;140732931933712;0
2542;9203244;140732931933712;0
2542;9206626;140732931933712;0
2542;9216279;140732931933712;0
2542;9216279;140732931933712;0
2542;9229317;140732931933712;0
2542;9242292;140732931933712;0
2542;9249017;140732931933712;0
2542;9260349;140732931933712;0
2542;9266964;140732931933712;0
2542;9273398;140732931933712;0
2542;9280262;140732931933712;0
2542;9285119;140732931933712;0
2542;9293474;140732931933712;0
2542;9300312;140732931933712;0
2542;9305106;140732931933712;0
2542;9313401;140732931933712;0
2542;9318577;140732931933712;0
2542;9328381;140732931933712;0
2542;9339980;140732931933712;0
2542;9345038;140732931933712;0
2542;9349821;140732931933712;0
2542;9359687;140732931933712;0
2542;9364882;140732931933712;0
2542;9371403;140732931933712;0
2542;9385776;140732931933712;0
2542;9390568;140732931933712;0
2542;9403602;140732931933712;0
2542;9409965;140732931933712;0
2542;9416457;140732931933712;0
2542;9419556;140732931933712;0
2542;9427736;140732931933712;0
2542;9432830;140732931933712;0
2542;9440413;140732931933712;0
2542;9446727;140732931933712;0
2542;9450085;140732931933712;0
2542;9465723;140732931933712;0
2542;9473576;140732931933712;0
2542;9479669;140732931933712;0
2542;9489282;140732931933712;0
2542;9495900;140732931933712;0
2542;9504091;140732931933712;0
2542;9508963;140732931933712;0
2542;9518410;140732931933712;0
2542;9521664;140732931933712;0
2542;9534204;140732931933712;0
2542;9538819;140732931933712;0
2542;9553208;140732931933712;0
2542;9559710;140732931933712;0
2542;9564568;140732931933712;0
2542;9570975;140732931933712;0
2542;9578981;140732931933712;0
2542;9585715;140732931933712;0
2542;9592456;140732931933712;0
2542;9597531;140732931933712;0
2544;9602398;140732931933712;2
2558;9612748;140732931933712;14
2566;9617785;140732931933712;8
2594;9631658;140732931933712;28
2602;9638597;140732931933712;8
2606;9638597;140732931933712;4
2628;9654454;140732931933712;22
2638;9659633;140732931933712;10
2646;9666909;140732931933712;8
2658;9677076;140732931933712;12
2664;9685887;140732931933712;6
2664;9698316;140732931933712;0
2664;9708630;140732931933712;0
2666;9714421;140732931933712;2
2666;9717382;140732931933712;0
2666;9729752;140732931933712;0
2666;9733117;140732931933712;0
2666;9740607;140732931933712;0
2666;9742099;140732931933712;0
2666;9763379;140732931933712;0
2666;9768513;140732931933712;0
2666;9784209;140732931933712;0
2666;9789467;140732931933712;0
2666;9798468;140732931933712;0
2666;9803545;140732931933712;0
2666;9805341;140732931933712;0
2666;9812358;140732931933712;0
2666;9823232;140732931933712;0
2666;9832088;140732931933712;0
2666;9837282;140732931933712;0
2666;9849516;140732931933712;0
2666;9866176;140732931933712;0
2666;9869492;140732931933712;0
2666;9877982;140732931933712;0
2666;9886473;140732931933712;0
2666;9891654;140732931933712;0
2666;9896809;140732931933712;0
2666;9910254;140732931933712;0
2666;9923820;140732931933712;0
2666;9932595;140732931933712;0
2666;9936068;140732931933712;0
2662;9944683;140732931933712;18446744073709551612
2638;9953253;140732931933712;18446744073709551592
2612;9958531;140732931933712;18446744073709551590
2592;9963686;140732931933712;18446744073709551596
2546;9972406;140732931933712;18446744073709551570
2508;9977819;140732931933712;18446744073709551578
2450;9991665;140732931933712;18446744073709551558
2416;10000143;140732931933712;18446744073709551582
2404;10003635;140732931933712;18446744073709551604
2392;10005451;140732931933712;18446744073709551604
2354;10020709;140732931933712;18446744073709551578
2338;10027775;140732931933712;18446744073709551600
2324;10032974;140732931933712;18446744073709551602
2312;10041619;140732931933712;18446744073709551604
2288;10055188;140732931933712;18446744073709551592
2276;10062234;140732931933712;18446744073709551604
2244;10076400;140732931933712;18446744073709551584
2230;10081569;140732931933712;18446744073709551602
2216;10086788;140732931933712;18446744073709551602
2182;10095615;140732931933712;18446744073709551582
2152;10102682;140732931933712;18446744073709551586
2084;10107817;140732931933712;18446744073709551548
2020;10116566;140732931933712;18446744073709551552
1866;10128740;140732931933712;18446744073709551462
1656;10142937;140732931933712;18446744073709551406
1460;10154678;140732931933712;18446744073709551420
1368;10163056;140732931933712;18446744073709551524
1302;10168130;140732931933712;18446744073709551550
1200;10176250;140732931933712;18446744073709551514
1166;10181100;140732931933712;18446744073709551582
1134;10181100;140732931933712;18446744073709551584
1044;10192297;140732931933712;18446744073709551526
940;10204790;140732931933712;18446744073709551512
900;10211304;140732931933712;18446744073709551576
874;10220832;140732931933712;18446744073709551590
838;10227126;140732931933712;18446744073709551580
800;10231772;140732931933712;18446744073709551578
770;10238341;140732931933712;18446744073709551586
746;10242851;140732931933712;18446744073709551592
722;10249172;140732931933712;18446744073709551592
684;10255560;140732931933712;18446744073709551578
570;10268457;140732931933712;18446744073709551502
522;10273192;140732931933712;18446744073709551568
300;10287508;140732931933712;18446744073709551394
214;10294084;140732931933712;18446744073709551530
102;10300204;140732931933712;18446744073709551504
8140;10308166;140732931933712;8038
8108;10309809;140732931933712;18446744073709551584
8108;10309809;140732931933712;0
8108;10322387;140732931933712;0
7568;10335074;140732931933712;18446744073709551076
7394;10344738;140732931933712;18446744073709551442
7186;10355773;140732931933712;18446744073709551408
7116;10360373;140732931933712;18446744073709551546
7010;10360373;140732931933712;18446744073709551510
6772;10376489;140732931933712;18446744073709551378
6582;10382728;140732931933712;18446744073709551426
6548;10387648;140732931933712;18446744073709551582
6438;10390559;140732931933712;18446744073709551506
6192;10404353;140732931933712;18446744073709551370
6130;10410202;140732931933712;18446744073709551554
6074;10417318;140732931933712;18446744073709551560
5974;10421743;140732931933712;18446744073709551516
5910;10428778;140732931933712;18446744073709551552
5876;10435292;140732931933712;18446744073709551582
5810;10443172;140732931933712;18446744073709551550
5766;10450746;140732931933712;18446744073709551572
5740;10455924;140732931933712;18446744073709551590
5740;10455924;140732931933712;0
5740;10464784;140732931933712;0
5674;10469406;140732931933712;18446744073709551550
5658;10475105;140732931933712;18446744073709551600
5652;10479495;140732931933712;18446744073709551610
5642;10483854;140732931933712;18446744073709551606
5622;10493946;140732931933712;18446744073709551596
5612;10499664;140732931933712;18446744073709551606
5610;10501612;140732931933712;18446744073709551614
5610;10507600;140732931933712;0
5602;10507600;140732931933712;18446744073709551608
5600;10512570;140732931933712;18446744073709551614
5598;10520770;140732931933712;18446744073709551614
5598;10522693;140732931933712;0
5598;10527595;140732931933712;0
5598;10529684;140732931933712;0
5598;10538521;140732931933712;0
5598;10546479;140732931933712;0
5598;10550357;140732931933712;0
5598;10554372;140732931933712;0
5598;10556283;140732931933712;0
5598;10556283;140732931933712;0
5598;10565378;140732931933712;0
5598;10570457;140732931933712;0
5598;10573583;140732931933712;0
5598;10579034;140732931933712;0
5598;10583181;140732931933712;0
5598;10594257;140732931933712;0
5598;10597628;140732931933712;0
5598;10601209;140732931933712;0
5598;10605817;140732931933712;0
5598;10609398;140732931933712;0
5598;10618004;140732931933712;0
5598;10629363;140732931933712;0
5598;10633209;140732931933712;0
5598;10638712;140732931933712;0
5598;10646908;140732931933712;0
5598;10649507;140732931933712;0
5598;10656624;140732931933712;0
5598;10659397;140732931933712;0
5598;10669306;140732931933712;0
5598;10677797;140732931933712;0
5598;10684887;140732931933712;0
5598;10696685;140732931933712;0
5598;10699503;140732931933712;0
5598;10706702;140732931933712;0
5598;10712574;140732931933712;0
5598;10712574;140732931933712;0
5598;10718511;140732931933712;0
5598;10731781;140732931933712;0
5598;10736110;140732931933712;0
5598;10742015;140732931933712;0
5598;10746646;140732931933712;0
5598;10760262;140732931933712;0
5598;10766245;140732931933712;0
5598;10772535;140732931933712;0
5598;10777315;140732931933712;0
5598;10780634;140732931933712;0
5598;10792529;140732931933712;0
5598;10798629;140732931933712;0
5598;10804953;140732931933712;0
5598;10812866;140732931933712;0
5598;10822494;140732931933712;0
5598;10835206;140732931933712;0
5598;10836660;140732931933712;0
5598;10841617;140732931933712;0
5598;10852660;140732931933712;0
5598;10860485;140732931933712;0
5598;10868535;140732931933712;0
5598;10871685;140732931933712;0
5598;10877703;140732931933712;0
5598;10885569;140732931933712;0
5598;10891812;140732931933712;0
5598;10904038;140732931933712;0
5598;10912963;140732931933712;0
5598;10920589;140732931933712;0
5598;10926524;140732931933712;0
5598;10931094;140732931933712;0
5598;10938653;140732931933712;0
5598;10943161;140732931933712;0
5604;10949062;140732931933712;6
5616;10956760;140732931933712;12
5642;10962821;140732931933712;26
5662;10964503;140732931933712;20
5700;10982738;140732931933712;38
5722;10988831;140732931933712;22
5722;10992151;140732931933712;0
5732;10992151;140732931933712;10
5780;11010961;140732931933712;48
5798;11015518;140732931933712;18
5806;11022064;140732931933712;8
5818;11022064;140732931933712;12
5900;11041560;140732931933712;82
5922;11046459;140732931933712;22
5978;11059048;140732931933712;56
5992;11063741;140732931933712;14
6016;11066792;140732931933712;24
6048;11077640;140732931933712;32
6072;11085437;140732931933712;24
6100;11091806;140732931933712;28
6120;11097988;140732931933712;20
6130;11102899;140732931933712;10
6160;11111375;140732931933712;30
6200;11122423;140732931933712;40
6238;11128877;140732931933712;38
6258;11130365;140732931933712;20
6310;11136733;140732931933712;52
6374;11147792;140732931933712;64
6384;11152622;140732931933712;10
6426;11161884;140732931933712;42
6504;11166697;140732931933712;78
6540;11171597;140732931933712;36
6590;11179418;140732931933712;50
6632;11182539;140732931933712;42
6754;11195440;140732931933712;122
6872;11204858;140732931933712;118
6932;11209605;140732931933712;60
7012;11215988;140732931933712;80
7086;11222157;140732931933712;74
7170;11228670;140732931933712;84
7232;11234902;140732931933712;62
7274;11241074;140732931933712;42
7392;11252025;140732931933712;118
7494;11258535;140732931933712;102
7590;11266561;140732931933712;96
7652;11270708;140732931933712;62
7682;11272595;140732931933712;30
7744;11276944;140732931933712;62
7792;11279955;140732931933712;48
7824;11282040;140732931933712;32
7872;11285084;140732931933712;48
7898;11286658;140732931933712;26
7928;11289076;140732931933712;30
7972;11291852;140732931933712;44
7990;11293160;140732931933712;18
8000;11294332;140732931933712;10
8014;11295523;140732931933712;14
8026;11296553;140732931933712;12
8028;11296715;140732931933712;2
8038;11297455;140732931933712;10
8050;11298265;140732931933712;12
8054;11298505;140732931933712;4
8054;11298619;140732931933712;0
8054;11298584;140732931933712;0
8046;11297216;140732931933712;18446744073709551608
8024;11295422;140732931933712;18446744073709551594
7992;11294385;140732931933712;18446744073709551584
7946;11292053;140732931933712;18446744073709551570
7920;11289701;140732931933712;18446744073709551590
7892;11287535;140732931933712;18446744073709551588
7862;11285372;140732931933712;18446744073709551586
7726;11276723;140732931933712;18446744073709551480
7626;11267964;140732931933712;18446744073709551516
7546;11264300;140732931933712;18446744073709551536
7496;11260478;140732931933712;18446744073709551566
7412;11252771;140732931933712;18446744073709551532
7360;11250053;140732931933712;18446744073709551564
7268;11241643;140732931933712;18446744073709551524
7216;11237536;140732931933712;18446744073709551564
7144;11233232;140732931933712;18446744073709551544
7110;11226123;140732931933712;18446744073709551582
7004;11220269;140732931933712;18446744073709551510
6920;11214433;140732931933712;18446744073709551532
6800;11202644;140732931933712;18446744073709551496
6762;11198528;140732931933712;18446744073709551578
6702;11191554;140732931933712;18446744073709551556
6668;11187376;140732931933712;18446744073709551582
6640;11180783;140732931933712;18446744073709551588
6544;11170418;140732931933712;18446744073709551520
6528;11166572;140732931933712;18446744073709551600
6472;11156508;140732931933712;18446744073709551560
6442;11149764;140732931933712;18446744073709551586
6428;11144191;140732931933712;18446744073709551602
6410;11139897;140732931933712;18446744073709551598
6402;11137174;140732931933712;18446744073709551608
6382;11129695;140732931933712;18446744073709551596
6362;11121913;140732931933712;18446744073709551596
6336;11112618;140732931933712;18446744073709551590
6286;11096862;140732931933712;18446744073709551566
6270;11091918;140732931933712;18446744073709551600
6252;11085545;140732931933712;18446744073709551598
6232;11077860;140732931933712;18446744073709551596
6222;11073110;140732931933712;18446744073709551606
6212;11064913;140732931933712;18446744073709551606
6190;11059714;140732931933712;18446744073709551594
6178;11055088;140732931933712;18446744073709551604
6168;11046758;140732931933712;18446744073709551606
6130;11034792;140732931933712;18446744073709551578
6112;11026501;140732931933712;18446744073709551598
6088;11017946;140732931933712;18446744073709551592
6072;11009705;140732931933712;18446744073709551600
6060;11001522;140732931933712;18446744073709551604
6056;10993184;140732931933712;18446744073709551612
6052;10990149;140732931933712;18446744073709551612
6030;10981862;140732931933712;18446744073709551594
6030;10975292;140732931933712;0
6030;10968648;140732931933712;0
6030;10963770;140732931933712;0
6028;10949005;140732931933712;18446744073709551614
6028;10935789;140732931933712;0
6028;10930807;140732931933712;0
6028;10924073;140732931933712;0
6026;10919306;140732931933712;18446744073709551614
6022;10909243;140732931933712;18446744073709551612
6020;10904550;140732931933712;18446744073709551614
6018;10899535;140732931933712;18446744073709551614
6014;10893027;140732931933712;18446744073709551612
6008;10880026;140732931933712;18446744073709551610
6004;10871805;140732931933712;18446744073709551612
5988;10859152;140732931933712;18446744073709551600
5980;10854343;140732931933712;18446744073709551608
5972;10847726;140732931933712;18446744073709551608
5956;10839691;140732931933712;18446744073709551600
5948;10834635;140732931933712;18446744073709551608
5938;10828438;140732931933712;18446744073709551606
5926;10820217;140732931933712;18446744073709551604
5922;10815417;140732931933712;18446744073709551612
5914;10808777;140732931933712;18446744073709551608
5904;10802159;140732931933712;18446744073709551606
5890;10791063;140732931933712;18446744073709551602
5858;10776454;140732931933712;18446744073709551584
5848;10770260;140732931933712;18446744073709551606
5844;10766994;140732931933712;18446744073709551612
5840;10764029;140732931933712;18446744073709551612
5826;10751435;140732931933712;18446744073709551602
5818;10746964;140732931933712;18446744073709551608
5814;10739234;140732931933712;18446744073709551612
5808;10734430;140732931933712;18446744073709551610
5802;10729593;140732931933712;18446744073709551610
5796;10723192;140732931933712;18446744073709551610
5788;10715008;140732931933712;18446744073709551608
5782;10708722;140732931933712;18446744073709551610
5770;10697556;140732931933712;18446744073709551604
5766;10689710;140732931933712;18446744073709551612
5762;10684969;140732931933712;18446744073709551612
5760;10678676;140732931933712;18446744073709551614
5756;10672136;140732931933712;18446744073709551612
5752;10659095;140732931933712;18446744073709551612
5750;10654595;140732931933712;18446744073709551614
5748;10639750;140732931933712;18446744073709551614
5746;10636394;140732931933712;18446744073709551614
5744;10629772;140732931933712;18446744073709551614
5744;10619965;140732931933712;0
5742;10615261;140732931933712;18446744073709551614
5740;10608485;140732931933712;18446744073709551614
5740;10602118;140732931933712;0
5740;10594313;140732931933712;0
5738;10582912;140732931933712;18446744073709551614
5738;10576839;140732931933712;0
5738;10565959;140732931933712;0
5738;10559722;140732931933712;0
5738;10553366;140732931933712;0
5738;10545299;140732931933712;0
5738;10539144;140732931933712;0
5738;10534577;140732931933712;0
5738;10526511;140732931933712;0
5738;10521512;140732931933712;0
5738;10516688;140732931933712;0
5738;10508796;140732931933712;0
5738;10505603;140732931933712;0
5738;10505603;140732931933712;0
5738;10505603;140732931933712;0
5738;10505603;140732931933712;0
5742;10470980;140732931933712;4
5746;10467473;140732931933712;4
5752;10458220;140732931933712;6
5766;10445654;140732931933712;14
5772;10440919;140732931933712;6
5776;10436390;140732931933712;4
5788;10424148;140732931933712;12
5794;10416387;140732931933712;6
5800;10409861;140732931933712;6
5806;10402028;140732931933712;6
5812;10395576;140732931933712;6
5818;10389395;140732931933712;6
5822;10384359;140732931933712;4
5830;10371728;140732931933712;8
5834;10367063;140732931933712;4
5838;10359200;140732931933712;4
5840;10354592;140732931933712;2
5844;10346663;140732931933712;4
5848;10338970;140732931933712;4
5848;10335649;140732931933712;0
5858;10323124;140732931933712;10
5866;10315290;140732931933712;8
5878;10304038;140732931933712;12
5890;10299204;140732931933712;12
5896;10296056;140732931933712;6
5916;10284797;140732931933712;20
5928;10276747;140732931933712;12
5944;10271934;140732931933712;16
5960;10267336;140732931933712;16
5986;10259471;140732931933712;26
6002;10254854;140732931933712;16
6020;10248660;140732931933712;18
6044;10240645;140732931933712;24
6076;10228533;140732931933712;32
6086;10223956;140732931933712;10
6098;10217749;140732931933712;12
6112;10209679;140732931933712;14
6122;10203434;140732931933712;10
6126;10198751;140732931933712;4
6134;10192281;140732931933712;8
6138;10185954;140732931933712;4
6146;10176164;140732931933712;8
6148;10166322;140732931933712;2
6168;10152713;140732931933712;20
6168;10151315;140732931933712;0
6168;10147834;140732931933712;0
6170;10141254;140732931933712;2
6170;10127918;140732931933712;0
6170;10119717;140732931933712;0
6170;10114903;140732931933712;0
6172;10102486;140732931933712;2
6172;10096143;140732931933712;0
6174;10083216;140732931933712;2
6174;10076806;140732931933712;0
6174;10070399;140732931933712;0
6174;10065528;140732931933712;0
6174;10057479;140732931933712;0
6174;10052695;140732931933712;0
6174;10047866;140732931933712;0
6174;10033428;140732931933712;0
6174;10028528;140732931933712;0
6174;10017100;140732931933712;0
6174;10017100;140732931933712;0
6174;10005756;140732931933712;0
6174;10005756;140732931933712;0
6174;9989426;140732931933712;0
6174;9982907;140732931933712;0
6174;9974516;140732931933712;0
6174;9966722;140732931933712;0
6174;9952109;140732931933712;0
6174;9947297;140732931933712;0
6174;9937695;140732931933712;0
6174;9934300;140732931933712;0
6174;9928004;140732931933712;0
6174;9918399;140732931933712;0
6174;9915071;140732931933712;0
6174;9899416;140732931933712;0
6174;9886405;140732931933712;0
6174;9886405;140732931933712;0
6174;9878417;140732931933712;0
6174;9878417;140732931933712;0
6174;9863979;140732931933712;0
6174;9863979;140732931933712;0
6174;9863979;140732931933712;0
6174;9863979;140732931933712;0
6174;9844292;140732931933712;0
6174;9826058;140732931933712;0
6174;9819614;140732931933712;0
6174;9816586;140732931933712;0
6174;9805128;140732931933712;0
6174;9803773;140732931933712;0
6174;9799059;140732931933712;0
6174;9799059;140732931933712;0
6174;9770877;140732931933712;0
6174;9761273;140732931933712;0
6174;9754824;140732931933712;0
6174;9750184;140732931933712;0
6174;9750184;140732931933712;0
6174;9750184;140732931933712;0
6174;9745605;140732931933712;0
6160;9724846;140732931933712;18446744073709551602
6152;9715187;140732931933712;18446744073709551608
6128;9705822;140732931933712;18446744073709551592
6122;9699558;140732931933712;18446744073709551610
6114;9694623;140732931933712;18446744073709551608
6106;9691507;140732931933712;18446744073709551608
6098;9686601;140732931933712;18446744073709551608
6078;9673492;140732931933712;18446744073709551596
6068;9670267;140732931933712;18446744073709551606
6018;9655139;140732931933712;18446744073709551566
5998;9648710;140732931933712;18446744073709551596
5956;9633808;140732931933712;18446744073709551574
5924;9630220;140732931933712;18446744073709551584
5896;9620471;140732931933712;18446744073709551588
5882;9617044;140732931933712;18446744073709551602
5870;9612267;140732931933712;18446744073709551604
5854;9604201;140732931933712;18446744073709551600
5836;9596045;140732931933712;18446744073709551598
5826;9591187;140732931933712;18446744073709551606
5816;9583034;140732931933712;18446744073709551606
5796;9571544;140732931933712;18446744073709551596
5784;9566852;140732931933712;18446744073709551604
5774;9558759;140732931933712;18446744073709551606
5760;9550784;140732931933712;18446744073709551602
5748;9544270;140732931933712;18446744073709551604
5742;9539236;140732931933712;18446744073709551610
5738;9534416;140732931933712;18446744073709551612
5734;9521313;140732931933712;18446744073709551612
5734;9512946;140732931933712;0
5734;9501703;140732931933712;0
5732;9493669;140732931933712;18446744073709551614
5732;9488702;140732931933712;0
5732;9485515;140732931933712;0
5732;9475749;140732931933712;0
5732;9469651;140732931933712;0
5732;9463383;140732931933712;0
5732;9453634;140732931933712;0
5732;9445319;140732931933712;0
5732;9433551;140732931933712;0
5732;9425006;140732931933712;0
5732;9416689;140732931933712;0
5732;9413100;140732931933712;0
5732;9402816;140732931933712;0
5732;9401046;140732931933712;0
5732;9393117;140732931933712;0
5732;9386490;140732931933712;0
5732;9371680;140732931933712;0
5732;9365486;140732931933712;0
5732;9358952;140732931933712;0
5732;9352659;140732931933712;0
5732;9346063;140732931933712;0
5732;9341457;140732931933712;0
5732;9333423;140732931933712;0
5732;9329947;140732931933712;0
5732;9322044;140732931933712;0
5732;9307513;140732931933712;0
5732;9304560;140732931933712;0
5732;9291925;140732931933712;0
5732;9285595;140732931933712;0
5732;9281031;140732931933712;0
5732;9271607;140732931933712;0
5732;9265221;140732931933712;0
5732;9259095;140732931933712;0
5732;9249507;140732931933712;0
5732;9241762;140732931933712;0
5732;9229151;140732931933712;0
5732;9222605;140732931933712;0
5732;9216064;140732931933712;0
5732;9211289;140732931933712;0
5732;9206123;140732931933712;0
5732;9201113;140732931933712;0
5732;9195992;140732931933712;0
5732;9183903;140732931933712;0
5732;9177323;140732931933712;0
5732;9168829;140732931933712;0
5732;9163842;140732931933712;0
5732;9155530;140732931933712;0
5732;9150654;140732931933712;0
5732;9140968;140732931933712;0
5732;9131074;140732931933712;0
5732;9126408;140732931933712;0
5732;9118304;140732931933712;0
5732;9112021;140732931933712;0
5732;9107250;140732931933712;0
5732;9099473;140732931933712;0
5732;9094788;140732931933712;0
5732;9080668;140732931933712;0
5732;9076239;140732931933712;0
5732;9064168;140732931933712;0
5732;9059518;140732931933712;0
5732;9051863;140732931933712;0
5732;9045370;140732931933712;0
5732;9040791;140732931933712;0
5732;9032604;140732931933712;0
5732;9028076;140732931933712;0
5732;9021498;140732931933712;0
5732;9008793;140732931933712;0
5732;9002191;140732931933712;0
5732;8994081;140732931933712;0
5732;8982635;140732931933712;0
5732;8976159;140732931933712;0
5732;8969580;140732931933712;0
5732;8964730;140732931933712;0
5732;8964730;140732931933712;0
5732;8945496;140732931933712;0
5732;8937376;140732931933712;0
5732;8927686;140732931933712;0
5732;8917718;140732931933712;0
5732;8912839;140732931933712;0
5732;8904614;140732931933712;0
5732;8899954;140732931933712;0
5732;8895026;140732931933712;0
5732;8888467;140732931933712;0
5732;8881691;140732931933712;0
5732;8875076;140732931933712;0
5732;8863279;140732931933712;0
5732;8854989;140732931933712;0
5732;8840337;140732931933712;0
5732;8835314;140732931933712;0
5732;8830566;140732931933712;0
5732;8822738;140732931933712;0
5732;8817843;140732931933712;0
5732;8810029;140732931933712;0
5732;8803465;140732931933712;0
5732;8791980;140732931933712;0
5732;8780493;140732931933712;0
5732;8772239;140732931933712;0
5732;8764020;140732931933712;0
5732;8762356;140732931933712;0
5732;8755830;140732931933712;0
5732;8747673;140732931933712;0
5732;8738160;140732931933712;0
5732;8733508;140732931933712;0
5732;8733508;140732931933712;0
5732;8721928;140732931933712;0
5732;8713814;140732931933712;0
5732;8700451;140732931933712;0
5732;8695664;140732931933712;0
5732;8690670;140732931933712;0
5732;8682391;140732931933712;0
5732;8677538;140732931933712;0
5732;8669212;140732931933712;0
5732;8662631;140732931933712;0
5732;8661085;140732931933712;0
5732;8650928;140732931933712;0
5734;8650928;140732931933712;2
5802;8626667;140732931933712;68
5834;8616715;140732931933712;32
5886;8611747;140732931933712;52
5920;8605531;140732931933712;34
5982;8599382;140732931933712;62
6018;8592922;140732931933712;36
6030;8588140;140732931933712;12
6138;8575691;140732931933712;108
6210;8559877;140732931933712;72
6246;8556829;140732931933712;36
6276;8548708;140732931933712;30
6296;8542652;140732931933712;20
6314;8537816;140732931933712;18
6336;8531628;140732931933712;22
6350;8525593;140732931933712;14
6374;8519088;140732931933712;24
6422;8507144;140732931933712;48
6468;8496388;140732931933712;46
6502;8489007;140732931933712;34
6532;8484227;140732931933712;30
6554;8476634;140732931933712;22
6580;8473350;140732931933712;26
6612;8464020;140732931933712;32
6626;8459488;140732931933712;14
6642;8451604;140732931933712;16
6656;8445653;140732931933712;14
6666;8436576;140732931933712;10
6674;8423115;140732931933712;8
6680;8418671;140732931933712;6
6682;8412733;140732931933712;2
6682;8406663;140732931933712;0
6682;8400578;140732931933712;0
6682;8388014;140732931933712;0
6682;8380145;140732931933712;0
6682;8367372;140732931933712;0
6682;8365678;140732931933712;0
6682;8354631;140732931933712;0
6682;8346577;140732931933712;0
6682;8343405;140732931933712;0
6682;8338639;140732931933712;0
6682;8332241;140732931933712;0
6682;8324343;140732931933712;0
6682;8311958;140732931933712;0
6682;8308633;140732931933712;0
6682;8300950;140732931933712;0
6682;8288604;140732931933712;0
6684;8282624;140732931933712;2
6684;8278001;140732931933712;0
6684;8268714;140732931933712;0
6684;8264059;140732931933712;0
6684;8259505;140732931933712;0
6684;8245484;140732931933712;0
6684;8232745;140732931933712;0
6684;8226105;140732931933712;0
6684;8219743;140732931933712;0
6684;8214837;140732931933712;0
6684;8208483;140732931933712;0
6684;8201993;140732931933712;0
6684;8195538;140732931933712;0
6684;8185995;140732931933712;0
6684;8170676;140732931933712;0
6684;8165816;140732931933712;0
6684;8160984;140732931933712;0
6684;8151334;140732931933712;0
6684;8146782;140732931933712;0
6684;8138531;140732931933712;0
6684;8132139;140732931933712;0
6684;8127226;140732931933712;0
6684;8122378;140732931933712;0
6684;8112614;140732931933712;0
6684;8109448;140732931933712;0
6684;8098197;140732931933712;0
6684;8091549;140732931933712;0
6684;8083512;140732931933712;0
6686;8083512;140732931933712;2
6688;8075357;140732931933712;2
6688;8055487;140732931933712;0
6688;8050827;140732931933712;0
6688;8037522;140732931933712;0
6688;8033986;140732931933712;0
6688;8024419;140732931933712;0
6688;8017775;140732931933712;0
6688;8012847;140732931933712;0
6688;8004778;140732931933712;0
6688;8001547;140732931933712;0
6688;7998046;140732931933712;0
6688;7980426;140732931933712;0
6688;7974074;140732931933712;0
6688;7959638;140732931933712;0
6688;7958107;140732931933712;0
6688;7958107;140732931933712;0
6688;7943916;140732931933712;0
6688;7937636;140732931933712;0
6688;7931296;140732931933712;0
6688;7926352;140732931933712;0
6688;7916790;140732931933712;0
6688;7911975;140732931933712;0
6688;7901082;140732931933712;0
6688;7888281;140732931933712;0
6688;7882002;140732931933712;0
6688;7874404;140732931933712;0
6688;7874404;140732931933712;0
6688;7869552;140732931933712;0
6688;7869552;140732931933712;0
6688;7855959;140732931933712;0
6688;7839180;140732931933712;0
6688;7833016;140732931933712;0
6688;7829877;140732931933712;0
6688;7820329;140732931933712;0
6688;7806254;140732931933712;0
6688;7806254;140732931933712;0
6688;7803023;140732931933712;0
6688;7784316;140732931933712;0
6688;7773372;140732931933712;0
6688;7773372;140732931933712;0
6688;7762373;140732931933712;0
6688;7754695;140732931933712;0
6688;7743532;140732931933712;0
6688;7727395;140732931933712;0
6688;7721203;140732931933712;0
6688;7714572;140732931933712;0
6688;7707903;140732931933712;0
6688;7704853;140732931933712;0
6688;7696774;140732931933712;0
6688;7688482;140732931933712;0
6688;7681914;140732931933712;0
6688;7677149;140732931933712;0
6688;7668680;140732931933712;0
6688;7668680;140732931933712;0
6688;7657416;140732931933712;0
6688;7647640;140732931933712;0
6688;7644250;140732931933712;0
6688;7632949;140732931933712;0
6688;7624613;140732931933712;0
6688;7611559;140732931933712;0
6688;7611559;140732931933712;0
6688;7608188;140732931933712;0
6688;7587044;140732931933712;0
6688;7583895;140732931933712;0
6688;7574266;140732931933712;0
6686;7574266;140732931933712;18446744073709551614
6678;7562677;140732931933712;18446744073709551608
6674;7553721;140732931933712;18446744073709551612
6664;7549092;140732931933712;18446744073709551606
6654;7542703;140732931933712;18446744073709551606
6634;7532110;140732931933712;18446744073709551596
6610;7519601;140732931933712;18446744073709551592
6594;7511533;140732931933712;18446744073709551600
6584;7506855;140732931933712;18446744073709551606
6574;7498697;140732931933712;18446744073709551606
6556;7491900;140732931933712;18446744073709551598
6548;7487028;140732931933712;18446744073709551608
6530;7478814;140732931933712;18446744073709551598
6516;7473728;140732931933712;18446744073709551602
6504;7468734;140732931933712;18446744073709551604
6474;7453914;140732931933712;18446744073709551586
6442;7442294;140732931933712;18446744073709551584
6442;7442294;140732931933712;0
6422;7429250;140732931933712;18446744073709551596
6408;7420960;140732931933712;18446744073709551602
6396;7414271;140732931933712;18446744073709551604
6382;7410859;140732931933712;18446744073709551602
6372;7402813;140732931933712;18446744073709551606
6364;7399522;140732931933712;18446744073709551608
6340;7385035;140732931933712;18446744073709551592
6322;7378498;140732931933712;18446744073709551598
6302;7364203;140732931933712;18446744073709551596
6292;7359371;140732931933712;18446744073709551606
6280;7356255;140732931933712;18446744073709551604
6272;7347943;140732931933712;18446744073709551608
6262;7340637;140732931933712;18446744073709551606
6254;7332867;140732931933712;18446744073709551608
6240;7328202;140732931933712;18446744073709551602
6226;7321634;140732931933712;18446744073709551602
6200;7309107;140732931933712;18446744073709551590
6172;7296398;140732931933712;18446744073709551588
6160;7290289;140732931933712;18446744073709551604
6154;7288788;140732931933712;18446744073709551610
6146;7283639;140732931933712;18446744073709551608
6146;7283639;140732931933712;0
6130;7272817;140732931933712;18446744073709551600
6120;7261717;140732931933712;18446744073709551606
6110;7253608;140732931933712;18446744073709551606
6098;7247327;140732931933712;18446744073709551604
6074;7232960;140732931933712;18446744073709551592
6064;7228072;140732931933712;18446744073709551606
6052;7221907;140732931933712;18446744073709551604
6044;7219013;140732931933712;18446744073709551608
6034;7211255;140732931933712;18446744073709551606
6024;7203571;140732931933712;18446744073709551606
6020;7198898;140732931933712;18446744073709551612
6010;7184723;140732931933712;18446744073709551606
6008;7179782;140732931933712;18446744073709551614
6002;7168701;140732931933712;18446744073709551610
5996;7160736;140732931933712;18446744073709551610
5988;7154166;140732931933712;18446744073709551608
5984;7149539;140732931933712;18446744073709551612
5976;7141600;140732931933712;18446744073709551608
5974;7136912;140732931933712;18446744073709551614
5968;7128830;140732931933712;18446744073709551610
5966;7122642;140732931933712;18446744073709551614
5962;7110003;140732931933712;18446744073709551612
5958;7103453;140732931933712;18446744073709551612
5956;7098799;140732931933712;18446744073709551614
5954;7090711;140732931933712;18446744073709551614
5954;7086025;140732931933712;0
5952;7081302;140732931933712;18446744073709551614
5950;7073233;140732931933712;18446744073709551614
5948;7061849;140732931933712;18446744073709551614
5946;7055404;140732931933712;18446744073709551614
5944;7041131;140732931933712;18446744073709551614
5942;7034694;140732931933712;18446744073709551614
5940;7029729;140732931933712;18446744073709551614
5940;7021677;140732931933712;0
5940;7015468;140732931933712;0
5940;7010667;140732931933712;0
5940;7005750;140732931933712;0
5940;6997703;140732931933712;0
5940;6992992;140732931933712;0
5940;6980085;140732931933712;0
5940;6980085;140732931933712;0
5940;6958811;140732931933712;0
5940;6953902;140732931933712;0
5940;6948751;140732931933712;0
5940;6940825;140732931933712;0
5940;6937621;140732931933712;0
5940;6928996;140732931933712;0
5940;6920992;140732931933712;0
5940;6916214;140732931933712;0
5940;6909376;140732931933712;0
5940;6901637;140732931933712;0
5940;6889086;140732931933712;0
5940;6876685;140732931933712;0
5940;6871789;140732931933712;0
5940;6863504;140732931933712;0
5940;6857158;140732931933712;0
5940;6852254;140732931933712;0
5940;6844045;140732931933712;0
5940;6837441;140732931933712;0
5940;6832191;140732931933712;0
5940;6819195;140732931933712;0
5940;6809509;140732931933712;0
5940;6804744;140732931933712;0
5940;6795093;140732931933712;0
5940;6790232;140732931933712;0
5940;6782004;140732931933712;0
5946;6770747;140732931933712;6
5954;6754029;140732931933712;8
5956;6752369;140732931933712;2
5960;6742748;140732931933712;4
5962;6734346;140732931933712;2
5964;6734346;140732931933712;2
5968;6722695;140732931933712;4
5968;6717584;140732931933712;0
5970;6710929;140732931933712;2
5972;6696178;140732931933712;2
5974;6691289;140732931933712;2
5976;6684587;140732931933712;2
5978;6679442;140732931933712;2
5978;6671191;140732931933712;0
5978;6666197;140732931933712;0
5978;6657941;140732931933712;0
5980;6644815;140732931933712;2
5980;6638019;140732931933712;0
5980;6626443;140732931933712;0
5980;6617908;140732931933712;0
5980;6614644;140732931933712;0
5980;6604701;140732931933712;0
5980;6599882;140732931933712;0
5980;6593235;140732931933712;0
5980;6591483;140732931933712;0
5980;6586594;140732931933712;0
5980;6578159;140732931933712;0
5980;6568643;140732931933712;0
5980;6555859;140732931933712;0
5980;6550977;140732931933712;0
5980;6542867;140732931933712;0
5980;6534533;140732931933712;0
5980;6529634;140732931933712;0
5980;6523063;140732931933712;0
5980;6516411;140732931933712;0
5980;6503132;140732931933712;0
5980;6496751;140732931933712;0
5980;6482220;140732931933712;0
5980;6477244;140732931933712;0
5982;6472232;140732931933712;2
5982;6465871;140732931933712;0
5982;6457596;140732931933712;0
5982;6452852;140732931933712;0
5982;6438359;140732931933712;0
5986;6433480;140732931933712;4
5998;6420678;140732931933712;12
6010;6414440;140732931933712;12
6018;6409690;140732931933712;8
6026;6404965;140732931933712;8
6038;6395546;140732931933712;12
6044;6390879;140732931933712;6
6058;6378458;140732931933712;14
6064;6370767;140732931933712;6
6070;6360119;140732931933712;6
6072;6352212;140732931933712;2
6072;6347746;140732931933712;0
6074;6342988;140732931933712;2
6074;6335340;140732931933712;0
6074;6330602;140732931933712;0
6074;6323971;140732931933712;0
6074;6319265;140732931933712;0
6074;6311406;140732931933712;0
6074;6298178;140732931933712;0
6074;6289994;140732931933712;0
6074;6277173;140732931933712;0
6074;6272313;140732931933712;0
6074;6265759;140732931933712;0
6074;6259179;140732931933712;0
6074;6254484;140732931933712;0
6074;6246779;140732931933712;0
6074;6237353;140732931933712;0
6074;6222692;140732931933712;0
6074;6214346;140732931933712;0
6074;6209284;140732931933712;0
6074;6204416;140732931933712;0
6074;6197550;140732931933712;0
6074;6190871;140732931933712;0
6074;6182282;140732931933712;0
6074;6174198;140732931933712;0
6074;6169312;140732931933712;0
6074;6162671;140732931933712;0
6088;6156334;140732931933712;14
6192;6143424;140732931933712;104
6358;6132253;140732931933712;166
6438;6124665;140732931933712;80
6538;6118590;140732931933712;100
6666;6114165;140732931933712;128
6734;6109810;140732931933712;68
6836;6102291;140732931933712;102
6952;6091656;140732931933712;116
7024;6085738;140732931933712;72
7024;6085738;140732931933712;0
7024;6074273;140732931933712;0
7024;6074273;140732931933712;0
7096;6074273;140732931933712;72
7114;6048823;140732931933712;18
7108;6047495;140732931933712;18446744073709551610
7048;6041374;140732931933712;18446744073709551556
7048;6036468;140732931933712;0
7002;6027354;140732931933712;18446744073709551570
6818;6012828;140732931933712;18446744073709551432
6754;6004547;140732931933712;18446744073709551552
6716;5999916;140732931933712;18446744073709551578
6692;5999916;140732931933712;18446744073709551592
6692;5999916;140732931933712;0
6588;5996504;140732931933712;18446744073709551512
6466;5970029;140732931933712;18446744073709551494
6430;5966786;140732931933712;18446744073709551580
6342;5948137;140732931933712;18446744073709551528
6284;5943229;140732931933712;18446744073709551558
6266;5939804;140732931933712;18446744073709551598
6226;5930333;140732931933712;18446744073709551576
6198;5920885;140732931933712;18446744073709551588
6174;5919385;140732931933712;18446744073709551592
6142;5911232;140732931933712;18446744073709551584
6124;5906364;140732931933712;18446744073709551598
6070;5892233;140732931933712;18446744073709551562
6056;5885733;140732931933712;18446744073709551602
6032;5873069;140732931933712;18446744073709551592
6028;5866639;140732931933712;18446744073709551612
6020;5860416;140732931933712;18446744073709551608
6052;5854145;140732931933712;32
6098;5849509;140732931933712;46
6224;5841896;140732931933712;126
6438;5832994;140732931933712;214
6592;5824399;140732931933712;154
6780;5814419;140732931933712;188
6796;5810028;140732931933712;16
6804;5802522;140732931933712;8
6804;5796797;140732931933712;0
6804;5790956;140732931933712;0
6804;5786556;140732931933712;0
6844;5772631;140732931933712;40
6934;5766736;140732931933712;90
7220;5757632;140732931933712;286
7336;5750124;140732931933712;116
7462;5744222;140732931933712;126
7552;5738139;140732931933712;90
7738;5733816;140732931933712;186
7902;5726656;140732931933712;164
8028;5719620;140732931933712;126
196;5709645;140732931933712;18446744073709543784
490;5699909;140732931933712;294
542;5695719;140732931933712;52
542;5693068;140732931933712;0
598;5693068;140732931933712;56
628;5677629;140732931933712;30
642;5671564;140732931933712;14
652;5667517;140732931933712;10
720;5656884;140732931933712;68
800;5647800;140732931933712;80
1142;5633752;140732931933712;342
1220;5629116;140732931933712;78
1308;5624471;140732931933712;88
1386;5616671;140732931933712;78
1426;5605548;140732931933712;40
1424;5600883;140732931933712;18446744073709551614
1354;5589999;140732931933712;18446744073709551546
1312;5580441;140732931933712;18446744073709551574
1286;5572463;140732931933712;18446744073709551590
1292;5565844;140732931933712;6
1322;5559455;140732931933712;30
1360;5556055;140732931933712;38
1374;5554523;140732931933712;14
1384;5545958;140732931933712;10
1366;5539584;140732931933712;18446744073709551598
1304;5532897;140732931933712;18446744073709551554
1190;5532897;140732931933712;18446744073709551502
1048;5526273;140732931933712;18446744073709551474
904;5518722;140732931933712;18446744073709551472
836;5517254;140732931933712;18446744073709551548
772;5513441;140732931933712;18446744073709551552
722;5511401;140732931933712;18446744073709551566
686;5508860;140732931933712;18446744073709551580
632;5506023;140732931933712;18446744073709551562
596;5503971;140732931933712;18446744073709551580
580;5501270;140732931933712;18446744073709551600
508;5498623;140732931933712;18446744073709551544
496;5497278;140732931933712;18446744073709551604
488;5496391;140732931933712;18446744073709551608
502;5496859;140732931933712;14
570;5497533;140732931933712;68
638;5497907;140732931933712;68
766;5499220;140732931933712;128
996;5502929;140732931933712;230
1152;5505542;140732931933712;156
1216;5506985;140732931933712;64
1216;5510158;140732931933712;0
1404;5519233;140732931933712;188
1532;5521826;140732931933712;128
1512;5524552;140732931933712;18446744073709551596
1454;5526896;140732931933712;18446744073709551558
1352;5529668;140732931933712;18446744073709551514
1244;5532153;140732931933712;18446744073709551508
1140;5534370;140732931933712;18446744073709551512
1020;5536339;140732931933712;18446744073709551496
958;5537653;140732931933712;18446744073709551554
796;5540709;140732931933712;18446744073709551454
782;5542019;140732931933712;18446744073709551602
686;5542646;140732931933712;18446744073709551520
676;5543272;140732931933712;18446744073709551606
612;5543876;140732931933712;18446744073709551552
570;5544116;140732931933712;18446744073709551574
548;5544240;140732931933712;18446744073709551594
530;5544258;140732931933712;18446744073709551598
482;5544253;140732931933712;18446744073709551568
468;5544223;140732931933712;18446744073709551602
440;5543870;140732931933712;18446744073709551588
440;5543666;140732931933712;0
440;5543666;140732931933712;0
440;5543630;140732931933712;0
440;5543630;140732931933712;0
442;5543630;140732931933712;2
442;5543456;140732931933712;0
460;5543456;140732931933712;18
478;5543456;140732931933712;18
482;5543456;140732931933712;4
484;5543456;140732931933712;2
484;5543456;140732931933712;0
490;5543456;140732931933712;6
490;5543456;140732931933712;0
494;5543456;140732931933712;4
494;5543456;140732931933712;0
494;5543456;140732931933712;0
504;5543456;140732931933712;10
512;5543456;140732931933712;8
516;5543456;140732931933712;4
516;5543456;140732931933712;0
520;5543456;140732931933712;4
524;5543456;140732931933712;4
524;5543456;140732931933712;0
524;5543456;140732931933712;0
524;5543456;140732931933712;0
534;5543456;140732931933712;10
534;5543456;140732931933712;0
540;5543456;140732931933712;6
540;5543456;140732931933712;0
542;5543456;140732931933712;2
544;5543456;140732931933712;2
546;5543456;140732931933712;2
550;5543456;140732931933712;4
552;5543456;140732931933712;2
556;5543456;140732931933712;4
558;5543456;140732931933712;2
