x;y;theta;steering_v;driving_v
0; 0; 0; 0.0222427; -0.222896
0; 0; 0; 0.0222427; -0.222896
0; 0; 0; 0.0222427; -0.222896
0; 0; 0; 0.0222427; -0.222896
0; 0; 0; 0.0222427; -0.222896
0; 0; 0; 0.0222427; -0.222896
0; 0; 0; 0.0222427; -0.222896
0; 0; 0; 0.0222427; -0.222896
0; 0; 0; 0.0222427; -0.222896
0; 0; 0; 0.0222427; -0.222896
0; 0; 0; 0.0222427; -0.222896
0; 0; 0; 0.0222427; -0.222896
0; 0; 0; 0.0222427; -0.222896
0; 0; 0; 0.0222427; -0.222896
0; 0; 0; 0.0222427; -0.222896
0; 0; 0; 0.0222427; -0.222896
0; 0; 0; 0.0222427; -0.222896
0; 0; 0; 0.0222427; -0.222896
0; 0; 0; 0.0222427; -0.222896
0; 0; 0; 0.0222427; -0.222896
0; 0; 0; 0.0222427; -0.222896
0; 0; 0; 0.0222427; -0.222896
0; 0; 0; 0.0222427; -0.222896
0; 0; 0; 0.0222427; -0.222896
0; 0; 0; 0.0222427; -0.222896
0; 0; 0; 0.0222427; -0.222896
0; 0; 0; 0.0222427; -0.222896
0; 0; 0; 0.0222427; -0.222896
0; 0; 0; 0.0222427; -0.222896
0; 0; 0; 0.0222427; -0.222896
0; 0; 0; 0.0222427; -0.222896
0; 0; 0; 0.0222427; -0.222896
0; 0; 0; 0.0222427; -0.222896
0; 0; 0; 0.0222427; -0.212282
0; 0; 0; 0.0222427; -0.212282
0; 0; 0; 0.0222427; -0.212282
0; 0; 0; 0.0222427; -0.201668
0; 0; 0; 0.0222427; -0.191054
0; 0; 0; 0.0222427; -0.191054
0; 0; 0; 0.0222427; -0.191054
0; 0; 0; 0.0222427; -0.18044
0; 0; 0; 0.0222427; -0.169826
0; 0; 0; 0.0222427; -0.169826
0; 0; 0; 0.0222427; -0.159212
0; 0; 0; 0.0222427; -0.148597
0; 0; 0; 0.0222427; -0.148597
0; 0; 0; 0.0222427; -0.127369
0; 0; 0; 0.0222427; -0.116755
0; 0; 0; 0.0222427; -0.106141
0; 0; 0; 0.0222427; -0.0955269
0; 0; 0; 0.0222427; -0.0955269
0; 0; 0; 0.0222427; -0.0636846
0; 0; 0; 0.0222427; -0.0530705
0; 0; 0; 0.0222427; -0.0424564
0; 0; 0; 0.0222427; -0.0318423
0; 0; 0; 0.0222427; -0.0212282
0; 0; 0; 0.0222427; -0.0106141
0; 0; 0; 0.0222427; 0
0; 0; 0; 0.0222427; 0
0; 0; 0; 0.0222427; 0
0; 0; 0; 0.0222427; 0.0212282
0; 0; 0; 0.0222427; 0.0318423
0; 0; 0; 0.0222427; 0.0424564
0; 0; 0; 0.0222427; 0.0424564
0; 0; 0; 0.0222427; 0.0530705
0; 0; 0; 0.0222427; 0.0530705
0; 0; 0; 0.0227029; 0.0636846
0; 0; 0; 0.0245437; 0.0742987
0; 0; 0; 0.0257709; 0.0742987
0; 0; 0; 0.0265379; 0.0849128
0; 0; 0; 0.0274583; 0.0955269
0; 0; 0; 0.0296058; 0.106141
0; 0; 0; 0.0305262; 0.106141
0; 0; 0; 0.0317534; 0.116755
0; 0; 0; 0.033134; 0.127369
0; 0; 0; 0.0343612; 0.137983
0; 0; 0; 0.0371223; 0.148597
0; 0; 0; 0.0391165; 0.148597
0; 0; 0; 0.0418777; 0.159212
0; 0; 0; 0.0486272; 0.18044
0; 0; 0; 0.0515418; 0.191054
0; 0; 0; 0.0605922; 0.222896
0; 0; 0; 0.0641204; 0.23351
0; 0; 0; 0.0668816; 0.244124
0; 0; 0; 0.0701029; 0.244124
0; 0; 0; 0.0740913; 0.265352
0; 0; 0; 0.075932; 0.275967
0; 0; 0; 0.078233; 0.286581
0; 0; 0; 0.0808408; 0.297195
0; 0; 0; 0.082068; 0.307809
0; 0; 0; 0.0849825; 0.329037
0; 0; 0; 0.0874369; 0.360879
0; 0; 0; 0.0892777; 0.371493
0; 0; 0; 0.0906583; 0.382108
0; 0; 0; 0.0915787; 0.392722
0; 0; 0; 0.0928058; 0.392722
0; 0; 0; 0.0941864; 0.41395
0; 0; 0; 0.0952602; 0.424564
0; 0; 0; 0.0964874; 0.435178
0; 0; 0; 0.0980214; 0.456406
0; 0; 0; 0.0992486; 0.477634
0; 0; 0; 0.0992486; 0.477634
0; 0; 0; 0.100322; 0.498863
0; 0; 0; 0.100476; 0.509477
0; 0; 0; 0.100629; 0.520091
0; 0; 0; 0.100629; 0.520091
0; 0; 0; 0.100936; 0.551933
0; 0; 0; 0.101089; 0.551933
0; 0; 0; 0.101089; 0.573161
0; 0; 0; 0.101089; 0.59439
0; 0; 0; 0.101089; 0.615618
0; 0; 0; 0.101089; 0.626232
0; 0; 0; 0.101089; 0.636846
0; 0; 0; 0.101089; 0.658074
0; 0; 0; 0.101089; 0.658074
0; 0; 0; 0.101089; 0.679302
0; 0; 0; 0.101089; 0.689916
0; 0; 0; 0.101089; 0.689916
0; 0; 0; 0.101089; 0.721759
0; 0; 0; 0.101089; 0.732373
0; 0; 0; 0.101243; 0.764215
0; 0; 0; 0.101243; 0.774829
0; 0; 0; 0.101243; 0.785443
0; 0; 0; 0.101243; 0.806672
0; 0; 0; 0.101243; 0.817286
0; 0; 0; 0.101243; 0.8279
0; 0; 0; 0.101243; 0.849128
0; 0; 0; 0.101243; 0.88097
0; 0; 0; 0.101243; 0.891584
0; 0; 0; 0.101243; 0.912813
0; 0; 0; 0.101243; 0.923427
0; 0; 0; 0.101243; 0.934041
0; 0; 0; 0.101243; 0.955269
0; 0; 0; 0.101243; 0.955269
0; 0; 0; 0.101243; 0.987111
0; 0; 0; 0.101243; 0.997725
-0.0739329; 0; 0; 0.101243; 1.01895
-0.113471; 0; 0; 0.101243; 1.04018
-0.153741; 0; 0; 0.101243; 1.0508
-0.193804; 0; 0; 0.101243; 1.06141
-0.236072; 0; 0; 0.101243; 1.08264
-0.27536; 0; 0; 0.101243; 1.09325
-0.31036; 0; 0; 0.101243; 1.09325
-0.349811; 0; 0; 0.101243; 1.11448
-0.389382; 0; 0; 0.101243; 1.13571
-0.471073; 0; 0; 0.101243; 1.16755
-0.50992; 0; 0; 0.101396; 1.16755
-0.585514; 0; 0; 0.101396; 1.19939
-0.625019; 0; 0; 0.101396; 1.21001
-0.664593; 0; 0; 0.101396; 1.23124
-0.703864; 0; 0; 0.101396; 1.23124
-0.744202; 0; 0; 0.101396; 1.25246
-0.784234; 0; 0; 0.101396; 1.27369
-0.861674; 0; 0; 0.101396; 1.29492
-0.939562; 0; 0; 0.101396; 1.31615
-0.975395; 0; 0; 0.101396; 1.33738
-1.01522; 0; 0; 0.101396; 1.34799
-1.05493; 0; 0; 0.101396; 1.3586
-1.09478; 0; 0; 0.101396; 1.37983
-1.13555; 0; 0; 0.100936; 1.39045
-1.17444; 0; 0; 0.100322; 1.40106
-1.21396; 0; 0; 0.0998621; 1.41168
-1.25383; 0; 0; 0.099402; 1.4329
-1.33012; 0; 0; 0.0984816; 1.45413
-1.41016; 0; 0; 0.0972544; 1.48597
-1.45029; 0; 0; 0.0964874; 1.49659
-1.48386; 0; 0; 0.0957204; 1.5072
-1.5238; 0; 0; 0.0934194; 1.52843
-1.56428; 0; 0; 0.0918854; 1.53904
-1.60491; 0; 0; 0.0886641; 1.56027
-1.64352; 0; 0; 0.0862097; 1.57089
-1.68355; 0; 0; 0.0829884; 1.5815
-1.75903; 0; 0; 0.0748583; 1.61334
-1.79904; 0; 0; 0.0713301; 1.62396
-1.87851; 0; 0; 0.0607456; 1.64519
-1.91866; 0; 0; 0.0529223; 1.66641
-1.95974; 0; 0; 0.0460194; 1.67703
-1.99484; 0; 0; 0.0388097; 1.69826
-2.03468; 0; 0; 0.0329806; 1.70887
-2.07597; 0; 0; 0.0254641; 1.71948
-2.11498; 0; 0; 0.0161068; 1.7301
-2.19501; 0; 0; 0.00398835; 1.76194
-2.23553; 0; 0; 0.62433; 1.77255
-2.30894; 0; 0; 0.614513; 1.79378
-2.34899; 0; 0; 0.611752; 1.8044
-2.38982; 0; 0; 0.606996; 1.81501
-2.42996; 0; 0; 0.599786; 1.83624
-2.47072; 0; 0; 0.595338; 1.84685
-2.5044; 0; 0; 0.591196; 1.86808
-2.54513; 0; 0; 0.588435; 1.86808
-2.58562; 0; 0; 0.584753; 1.88931
-2.62439; 0; 0; 0.581839; 1.89992
-2.69955; 0; 0; 0.57693; 1.93177
-2.74539; 0; 0; 0.574936; 1.94238
-2.82099; 0; 0; 0.572175; 1.96361
-2.86526; 0; 0; 0.570641; 1.97422
-2.89518; 0; 0; 0.569874; 1.99545
-2.98488; 0; 0; 0.569107; 2.00606
-3.05378; 0; 0; 0.56834; 2.01668
-3.13523; 0; 0; 0.567726; 2.02729
-3.21612; 0; 0; 0.567419; 2.04852
-3.29334; 0; 0; 0.566959; 2.05914
-3.37686; 0; 0; 0.566653; 2.06975
-3.45527; 0; 0; 0.566499; 2.09098
-3.53472; 0; 0; 0.566039; 2.10159
-3.68614; 0; 0; 0.565579; 2.13343
-3.76462; 0; 0; 0.565272; 2.14405
-3.84671; 0; 0; 0.564812; 2.15466
-3.92514; 0; 0; 0.564505; 2.17589
-4.00465; 0; 0; 0.564198; 2.17589
-4.07691; 0; 0; 0.564198; 2.1865
-4.15379; 0; 0; 0.563891; 2.20773
-4.31416; 0; 0; 0.562664; 2.23958
-4.39333; 0; 0; 0.562511; 2.25019
-4.55612; 0; 0; 0.56021; 2.27142
-4.62615; 0; 0; 0.55975; 2.29265
-4.70236; 0; 0; 0.559136; 2.30326
-4.78246; 0; 0; 0.558369; 2.32449
-4.86239; 0; 0; 0.557602; 2.3351
-4.94564; 0; 0; 0.557142; 2.34572
-5.02427; 0; 0; 0.556682; 2.36694
-5.17693; 0; 0; 0.556068; 2.38817
-5.25619; 0; 0; 0.555915; 2.39879
-5.41515; 0; 0; 0.554994; 2.43063
-5.48726; 0; 0; 0.554687; 2.44124
-5.57896; 0; 0; 0.554381; 2.46247
-5.64462; 0; 0; 0.554227; 2.47309
-5.72225; 0; 0; 0.553614; 2.4837
-5.80227; 0; 0; 0.553153; 2.49431
-5.87277; 0; 0; 0.552847; 2.51554
-5.96378; 0; 0; 0.552386; 2.52616
-6.03615; 0; 0; 0.55208; 2.53677
-6.19446; 0; 0; 0.551466; 2.558
-6.27681; 0; 0; 0.550699; 2.58984
-6.35758; 0; 0; 0.550086; 2.60045
-6.4363; 0; 0; 0.550086; 2.61107
-6.51494; 0; 0; 0.550086; 2.6323
-6.59482; 0; 0; 0.549779; 2.6323
-6.66426; 0; 0; 0.549625; 2.65352
-6.74569; 0; 0; 0.549625; 2.67475
-6.904; 0; 0; 0.549625; 2.69598
-6.98421; 0; 0; 0.549625; 2.71721
-7.05532; 0; 0; 0.549625; 2.72782
-7.13582; 0; 0; 0.549625; 2.73844
-7.21597; 0; 0; 0.549625; 2.75967
-7.29325; 0; 0; 0.549625; 2.77028
-7.37571; 0; 0; 0.549625; 2.79151
-7.45495; 0; 0; 0.549625; 2.80212
-7.5354; 0; 0; 0.549625; 2.82335
-7.60575; 0; 0; 0.549625; 2.83396
-7.68441; 0; 0; 0.549625; 2.84458
-7.76439; 0; 0; 0.549625; 2.85519
-7.84628; 0; 0; 0.549625; 2.86581
-8.00611; 0; 0; 0.549472; 2.89765
-8.07371; 0; 0; 0.549165; 2.90826
-8.15354; 0; 0; 0.548858; 2.91888
-8.23606; 0; 0; 0.548245; 2.95072
-8.31474; 0; 0; 0.547938; 2.96133
-8.39336; 0; 0; 0.547324; 2.97195
-8.46525; 0; 0; 0.547171; 2.97195
-8.55347; 0; 0; 0.546557; 2.99318
-8.63495; 0; 0; 0.546557; 2.99318
-8.85785; 0; 0; 0.545637; 3.04625
-8.98315; 0; 0; 0.545484; 3.04625
-9.09892; 0; 0; 0.544717; 3.07809
-9.20499; 0; 0; 0.544256; 3.07809
-9.32397; 0; 0; 0.543336; 3.09932
-9.44522; 0; 0; 0.542569; 3.12055
-9.56584; 0; 0; 0.541802; 3.13116
-9.80517; 0; 0; 0.540728; 3.15239
-9.92666; 0; 0; 0.539961; 3.17362
-10.1475; 0; 0; 0.538734; 3.20546
-10.2671; 0; 0; 0.538274; 3.21607
-10.392; 0; 0; 0.537967; 3.22669
-10.5118; 0; 0; 0.5372; 3.24791
-10.6288; 0; 0; 0.536433; 3.25853
-10.736; 0; 0; 0.535819; 3.26914
-10.8538; 0; 0; 0.535052; 3.27976
-10.9731; 0; 0; 0.534286; 3.30099
-11.0958; 0; 0; 0.532598; 3.32221
-11.2197; 0; 0; 0.531831; 3.33283
-11.3363; 0; 0; 0.530604; 3.34344
-11.4536; 0; 0; 0.529377; 3.36467
-11.6776; 0; 0; 0.527076; 3.3859
-11.8026; 0; 0; 0.525542; 3.40713
-11.9232; 0; 0; 0.524775; 3.41774
-12.0465; 0; 0; 0.522781; 3.42835
-12.1616; 0; 0; 0.52186; 3.44958
-12.3869; 0; 0; 0.519252; 3.47081
-12.5026; 0; 0; 0.518179; 3.49204
-12.747; 0; 0; 0.516491; 3.51327
-12.851; 0; 0; 0.515878; 3.5345
-12.9843; 0; 0; 0.514957; 3.54511
-13.0913; 0; 0; 0.514037; 3.55572
-13.2109; 0; 0; 0.513577; 3.56634
-13.3307; 0; 0; 0.513117; 3.57695
-13.4515; 0; 0; 0.51235; 3.59818
-13.5701; 0; 0; 0.511122; 3.60879
-13.6733; 0; 0; 0.510049; 3.61941
-13.9127; 0; 0; 0.507287; 3.65125
-14.032; 0; 0; 0.505753; 3.66186
-14.1531; 0; 0; 0.503759; 3.68309
-14.2727; 0; 0; 0.502992; 3.69371
-14.3965; 0; 0; 0.500845; 3.70432
-14.5124; 0; 0; 0.499618; 3.72555
-14.6178; 0; 0; 0.498237; 3.72555
-14.7394; 0; 0; 0.49655; 3.74678
-14.8581; 0; 0; 0.495016; 3.75739
-15.0995; 0; 0; 0.491641; 3.78923
-15.2089; 0; 0; 0.490414; 3.79985
-15.4449; 0; 0; 0.487192; 3.82108
-15.5642; 0; 0; 0.485658; 3.8423
-15.6871; 0; 0; 0.484124; 3.86353
-15.8049; 0; 0; 0.482284; 3.87415
-15.9236; 0; 0; 0.480596; 3.88476
-16.151; 0; 0; 0.477528; 3.9166
-16.2731; 0; 0; 0.476608; 3.92722
-16.5112; 0; 0; 0.473693; 3.95906
-16.6291; 0; 0; 0.472619; 3.98029
-16.738; 0; 0; 0.471852; 3.98029
-16.8918; 0; 0; 0.470625; 4.00152
-17.0508; 0; 0; 0.470012; 4.02274
-17.2155; 0; 0; 0.469091; 4.03336
-17.3737; 0; 0; 0.468938; 4.03336
-17.5112; 0; 0; 0.468018; 4.05459
-17.6921; 0; 0; 0.467097; 4.07581
-17.9905; 0; 0; 0.46587; 4.09704
-18.2937; 0; 0; 0.46495; 4.12888
-18.4783; 0; 0; 0.464336; 4.15011
-18.6146; 0; 0; 0.464029; 4.16073
-18.7761; 0; 0; 0.463722; 4.18196
-18.9343; 0; 0; 0.463416; 4.19257
-19.0939; 0; 0; 0.463109; 4.20318
-19.2585; 0; 0; 0.462649; 4.22441
-19.4161; 0; 0; 0.462495; 4.23503
-19.5741; 0; 0; 0.462495; 4.24564
-19.734; 0; 0; 0.462342; 4.25625
-20.033; 0; 0; 0.461728; 4.2881
-20.3542; 0; 0; 0.460808; 4.31994
-20.4964; 0; 0; 0.460501; 4.33055
-20.6506; 0; 0; 0.459734; 4.34117
-20.8159; 0; 0; 0.459274; 4.3624
-20.975; 0; 0; 0.458967; 4.37301
-21.1339; 0; 0; 0.458507; 4.38362
-21.2936; 0; 0; 0.458353; 4.40485
-21.4502; 0; 0; 0.457893; 4.41547
-21.614; 0; 0; 0.457433; 4.42608
-21.9082; 0; 0; 0.456973; 4.45792
-22.0766; 0; 0; 0.456666; 4.46854
-22.2322; 0; 0; 0.456513; 4.48976
-22.3976; 0; 0; 0.456206; 4.50038
-22.5345; 0; 0; 0.456206; 4.52161
-22.6966; 0; 0; 0.456206; 4.53222
-22.8528; 0; 0; 0.456206; 4.54283
-23.0167; 0; 0; 0.456052; 4.55345
-23.3324; 0; 0; 0.456052; 4.59591
-23.4725; 0; 0; 0.456052; 4.59591
-23.7893; 0; 0; 0.456052; 4.62775
-23.9497; 0; 0; 0.456052; 4.64898
-24.1105; 0; 0; 0.456052; 4.65959
-24.2475; 0; 0; 0.456052; 4.6702
-24.4383; 0; 0; 0.456052; 4.69143
-24.5724; 0; 0; 0.456052; 4.70205
-24.7435; 0; 0; 0.456052; 4.71266
-25.048; 0; 0; 0.456052; 4.7445
-25.3508; 0; 0; 0.456052; 4.77635
-25.5363; 0; 0; 0.456052; 4.78696
-25.6747; 0; 0; 0.456052; 4.79757
-25.8324; 0; 0; 0.456052; 4.8188
-25.9927; 0; 0; 0.456052; 4.82942
-26.1451; 0; 0; 0.456052; 4.84003
-26.3179; 0; 0; 0.455746; 4.86126
-26.4541; 0; 0; 0.455592; 4.87187
-26.6152; 0; 0; 0.455132; 4.88249
-26.9343; 0; 0; 0.454365; 4.91433
-27.098; 0; 0; 0.454212; 4.92494
-27.2555; 0; 0; 0.453905; 4.94617
-27.3889; 0; 0; 0.453598; 4.95678
-27.5689; 0; 0; 0.452985; 4.97801
-27.7101; 0; 0; 0.452678; 4.98863
-28.1175; 0; 0; 0.451297; 5.02047
-28.2926; 0; 0; 0.450684; 5.03108
-28.6865; 0; 0; 0.448996; 5.05231
-28.8875; 0; 0; 0.448383; 5.07354
-29.0931; 0; 0; 0.447309; 5.08415
-29.2857; 0; 0; 0.446388; 5.10538
-29.4879; 0; 0; 0.445468; 5.116
-29.695; 0; 0; 0.445468; 5.116
-29.8662; 0; 0; 0.444241; 5.14784
-30.271; 0; 0; 0.443167; 5.17968
-30.4916; 0; 0; 0.44286; 5.17968
-30.8369; 0; 0; 0.442093; 5.21152
-31.0641; 0; 0; 0.441786; 5.23275
-31.2393; 0; 0; 0.441326; 5.24337
-31.4414; 0; 0; 0.441173; 5.26459
-31.6386; 0; 0; 0.441019; 5.27521
-31.8339; 0; 0; 0.440866; 5.28582
-32.0352; 0; 0; 0.440559; 5.30705
-32.2117; 0; 0; 0.440406; 5.31766
-32.4366; 0; 0; 0.440406; 5.32828
-32.8178; 0; 0; 0.440406; 5.36012
-33.0399; 0; 0; 0.440406; 5.37073
-33.4108; 0; 0; 0.440252; 5.40258
-33.7862; 0; 0; 0.440252; 5.43442
-33.9952; 0; 0; 0.440252; 5.44503
-34.1934; 0; 0; 0.440252; 5.45565
-34.3863; 0; 0; 0.440252; 5.47688
-34.5924; 0; 0; 0.440252; 5.48749
-34.7629; 0; 0; 0.440252; 5.4981
-34.9897; 0; 0; 0.440252; 5.51933
-35.1659; 0; 0; 0.440252; 5.52995
-35.3609; 0; 0; 0.440252; 5.52995
-35.7657; 0; 0; 0.440252; 5.5724
-35.9643; 0; 0; 0.440252; 5.59363
-36.1434; 0; 0; 0.440252; 5.60424
-36.3426; 0; 0; 0.440252; 5.61486
-36.5365; 0; 0; 0.440252; 5.62547
-36.7401; 0; 0; 0.440252; 5.63609
-37.141; 0; 0; 0.440252; 5.66793
-37.3116; 0; 0; 0.440252; 5.68916
-37.7131; 0; 0; 0.440252; 5.71039
-37.9167; 0; 0; 0.440252; 5.73161
-38.1135; 0; 0; 0.440252; 5.75284
-38.2861; 0; 0; 0.440252; 5.76346
-38.4973; 0; 0; 0.440252; 5.77407
-38.6972; 0; 0; 0.440252; 5.78468
-38.8851; 0; 0; 0.440252; 5.7953
-39.0906; 0; 0; 0.440252; 5.80591
-39.2888; 0; 0; 0.440252; 5.82714
-39.6754; 0; 0; 0.440252; 5.85898
-39.8864; 0; 0; 0.440252; 5.85898
-40.0641; 0; 0; 0.440252; 5.88021
-40.2692; 0; 0; 0.440252; 5.89083
-40.4631; 0; 0; 0.440252; 5.91205
-40.6422; 0; 0; 0.440252; 5.92267
-40.8644; 0; 0; 0.440252; 5.93328
-41.0625; 0; 0; 0.440252; 5.95451
-41.4387; 0; 0; 0.440252; 5.97574
-41.6386; 0; 0; 0.440252; 5.99697
-42.1159; 0; 0; 0.440252; 6.00758
-42.3294; 0; 0; 0.440252; 6.02881
-42.596; 0; 0; 0.440252; 6.05004
-42.8106; 0; 0; 0.440252; 6.06065
-43.0501; 0; 0; 0.440252; 6.08188
-43.2952; 0; 0; 0.440252; 6.09249
-43.4956; 0; 0; 0.440252; 6.10311
-43.7695; 0; 0; 0.440252; 6.11372
-43.9868; 0; 0; 0.440252; 6.12434
-44.4609; 0; 0; 0.440252; 6.16679
-44.943; 0; 0; 0.440252; 6.18802
-45.1829; 0; 0; 0.440252; 6.20925
-45.3891; 0; 0; 0.440252; 6.21986
-45.6288; 0; 0; 0.440252; 6.23048
-45.8705; 0; 0; 0.440252; 6.2517
-46.1364; 0; 0; 0.440252; 6.26232
-46.5603; 0; 0; 0.440252; 6.29416
-46.7965; 0; 0; 0.440252; 6.30478
-47.2796; 0; 0; 0.440252; 6.33662
-47.5223; 0; 0; 0.440252; 6.34723
-47.7673; 0; 0; 0.440252; 6.35785
-47.9963; 0; 0; 0.440252; 6.37907
-48.239; 0; 0; 0.440252; 6.38969
-48.4811; 0; 0; 0.440252; 6.41092
-48.686; 0; 0; 0.440252; 6.41092
-48.9255; 0; 0; 0.440252; 6.43214
-49.38; 0; 0; 0.440252; 6.46399
-49.8578; 0; 0; 0.440252; 6.4746
-50.0996; 0; 0; 0.440252; 6.49583
-50.3391; 0; 0; 0.440252; 6.51706
-50.5811; 0; 0; 0.440252; 6.52767
-50.8198; 0; 0; 0.440252; 6.53829
-51.0625; 0; 0; 0.440252; 6.55951
-51.3006; 0; 0; 0.440252; 6.57013
-51.5065; 0; 0; 0.440252; 6.58074
-51.9858; 0; 0; 0.440252; 6.61258
-52.26; 0; 0; 0.440252; 6.63381
-52.4691; 0; 0; 0.440252; 6.64443
-52.705; 0; 0; 0.440252; 6.65504
-52.915; 0; 0; 0.440252; 6.67627
-53.1569; 0; 0; 0.440252; 6.68688
-53.6383; 0; 0; 0.440252; 6.68688
-53.8774; 0; 0; 0.440252; 6.72934
-54.3282; 0; 0; 0.440252; 6.73995
-54.5721; 0; 0; 0.440252; 6.76118
-54.8119; 0; 0; 0.440252; 6.78241
-55.0547; 0; 0; 0.440252; 6.80364
-55.2913; 0; 0; 0.440252; 6.81425
-55.4924; 0; 0; 0.440252; 6.83548
-55.7302; 0; 0; 0.440252; 6.83548
-56.2141; 0; 0; 0.440252; 6.86732
-56.4597; 0; 0; 0.440252; 6.87794
-56.9443; 0; 0; 0.440252; 6.92039
-57.1481; 0; 0; 0.440252; 6.93101
-57.4173; 0; 0; 0.440252; 6.94162
-57.6257; 0; 0; 0.440252; 6.95224
-57.8735; 0; 0; 0.440252; 6.97346
-58.113; 0; 0; 0.440252; 6.98408
-58.3526; 0; 0; 0.440252; 6.99469
-58.631; 0; 0; 0.440252; 7.02653
-59.1559; 0; 0; 0.440252; 7.04776
-59.4348; 0; 0; 0.440252; 7.05838
-59.7095; 0; 0; 0.440252; 7.06899
-60.0014; 0; 0; 0.440252; 7.09022
-60.2725; 0; 0; 0.440252; 7.10083
-60.5202; 0; 0; 0.440252; 7.12206
-60.8021; 0; 0; 0.440252; 7.12206
-61.0784; 0; 0; 0.440252; 7.1539
-61.6426; 0; 0; 0.440252; 7.17513
-61.8855; 0; 0; 0.440252; 7.19636
-62.4572; 0; 0; 0.440252; 7.2282
-62.7263; 0; 0; 0.440252; 7.2282
-63.0021; 0; 0; 0.440252; 7.2282
-63.2891; 0; 0; 0.440252; 7.27066
-63.5584; 0; 0; 0.440252; 7.27066
-63.8435; 0; 0; 0.440252; 7.3025
-64.1026; 0; 0; 0.440252; 7.32373
-64.6496; 0; 0; 0.440252; 7.34496
-64.9335; 0; 0; 0.440252; 7.34496
-65.4504; 0; 0; 0.440252; 7.38741
-65.7331; 0; 0; 0.440252; 7.38741
-66.0142; 0; 0; 0.440252; 7.41926
-66.2909; 0; 0; 0.440252; 7.41926
-66.5721; 0; 0; 0.440252; 7.4511
-66.852; 0; 0; 0.440252; 7.46171
-67.1343; 0; 0; 0.440252; 7.46171
-67.4118; 0; 0; 0.440252; 7.46171
-67.9419; 0; 0; 0.440252; 7.51478
-68.2224; 0; 0; 0.440252; 7.5254
-68.7823; 0; 0; 0.440252; 7.55724
-69.0187; 0; 0; 0.440252; 7.56785
-69.296; 0; 0; 0.440252; 7.58908
-69.5846; 0; 0; 0.440252; 7.58908
-69.8641; 0; 0; 0.440252; 7.58908
-70.1476; 0; 0; 0.440252; 7.62092
-70.4282; 0; 0; 0.440252; 7.62092
-70.7065; 0; 0; 0.440252; 7.62092
-70.986; 0; 0; 0.440252; 7.62092
-71.2354; 0; 0; 0.440252; 7.66338
-71.5038; 0; 0; 0.440252; 7.70584
-72.0769; 0; 0; 0.440252; 7.70584
-72.3132; 0; 0; 0.440252; 7.70584
-72.5931; 0; 0; 0.440252; 7.75891
-72.8739; 0; 0; 0.440252; 7.75891
-73.1478; 0; 0; 0.440252; 7.78014
-73.4322; 0; 0; 0.440252; 7.79075
-73.7078; 0; 0; 0.440252; 7.81198
-74.27; 0; 0; 0.440252; 7.82259
-74.5155; 0; 0; 0.440252; 7.83321
-75.0801; 0; 0; 0.440252; 7.87566
-75.3582; 0; 0; 0.440252; 7.88628
-75.6415; 0; 0; 0.440252; 7.88628
-75.8804; 0; 0; 0.440252; 7.91812
-76.1581; 0; 0; 0.440252; 7.93935
-76.4489; 0; 0; 0.440252; 7.94996
-76.7233; 0; 0; 0.440252; 7.97119
-77.3683; 0; 0; 0.440252; 8.00303
-77.9637; 0; 0; 0.440252; 8.01365
-78.3211; 0; 0; 0.440252; 8.01365
-78.6014; 0; 0; 0.440252; 8.01365
-78.929; 0; 0; 0.440252; 8.01365
-79.2447; 0; 0; 0.440252; 8.01365
-79.5185; 0; 0; 0.440252; 7.94996
-79.8075; 0; 0; 0.440252; 7.94996
-80.0555; 0; 0; 0.440252; 7.9818
-80.3233; 0; 0; 0.440252; 7.99242
-80.6119; 0; 0; 0.440252; 7.99242
-80.8852; 0; 0; 0.440252; 7.99242
-81.1775; 0; 0; 0.440252; 8.00303
-81.8141; 0; 0; 0.440252; 8.00303
-82.1264; 0; 0; 0.440252; 8.00303
-82.4542; 0; 0; 0.440252; 8.00303
-82.7792; 0; 0; 0.440252; 8.00303
-83.0923; 0; 0; 0.440252; 8.00303
-83.3423; 0; 0; 0.440252; 7.9818
-83.611; 0; 0; 0.440252; 7.9818
-83.9342; 0; 0; 0.440252; 8.01365
-84.5698; 0; 0; 0.440252; 8.01365
-84.9013; 0; 0; 0.440252; 8.06672
-85.53; 0; 0; 0.440252; 8.09856
-85.8147; 0; 0; 0.440252; 8.11979
-86.1343; 0; 0; 0.440252; 8.1304
-86.4451; 0; 0; 0.440252; 8.14101
-86.7683; 0; 0; 0.440252; 8.15163
-87.0471; 0; 0; 0.440252; 8.16224
-87.3698; 0; 0; 0.440252; 8.18347
-87.6958; 0; 0; 0.440252; 8.19409
-88.0145; 0; 0; 0.440252; 8.2047
-88.3356; 0; 0; 0.440252; 8.22593
-88.9773; 0; 0; 0.440252; 8.24716
-89.3195; 0; 0; 0.440252; 8.25777
-89.6175; 0; 0; 0.440252; 8.279
-89.8975; 0; 0; 0.440252; 8.30023
-90.2204; 0; 0; 0.440252; 8.31084
-90.5313; 0; 0; 0.440252; 8.32145
-90.853; 0; 0; 0.440252; 8.34268
-91.1819; 0; 0; 0.440252; 8.3533
-91.7774; 0; 0; 0.440252; 8.36391
-92.0952; 0; 0; 0.440252; 8.37452
-92.7377; 0; 0; 0.440252; 8.37452
-93.0612; 0; 0; 0.440252; 8.43821
-93.3322; 0; 0; 0.440252; 8.45944
-93.649; 0; 0; 0.440252; 8.45944
-93.9739; 0; 0; 0.440252; 8.49128
-94.2917; 0; 0; 0.440252; 8.50189
-94.6141; 0; 0; 0.440252; 8.52312
-94.9438; 0; 0; 0.440252; 8.53374
-95.2211; 0; 0; 0.440252; 8.54435
-95.5327; 0; 0; 0.440252; 8.55496
-95.857; 0; 0; 0.440252; 8.57619
-96.1749; 0; 0; 0.440252; 8.59742
-96.812; 0; 0; 0.440252; 8.60804
-97.1286; 0; 0; 0.440252; 8.61865
-97.4508; 0; 0; 0.440866; 8.63988
-97.7362; 0; 0; 0.44194; 8.66111
-98.0534; 0; 0; 0.44332; 8.68233
-98.6935; 0; 0; 0.446388; 8.70356
-99.0564; 0; 0; 0.447922; 8.72479
-99.6106; 0; 0; 0.450684; 8.74602
-99.9229; 0; 0; 0.452678; 8.75663
-100.251; 0; 0; 0.453445; 8.76725
-100.572; 0; 0; 0.455285; 8.78847
-100.895; 0; 0; 0.456206; 8.79909
-101.217; 0; 0; 0.457433; 8.82032
-101.529; 0; 0; 0.458047; 8.84155
-101.853; 0; 0; 0.458047; 8.84155
-102.137; 0; 0; 0.458967; 8.86277
-102.452; 0; 0; 0.460041; 8.87339
-102.783; 0; 0; 0.460194; 8.89462
-103.372; 0; 0; 0.460808; 8.91584
-103.698; 0; 0; 0.460808; 8.93707
-104.017; 0; 0; 0.461115; 8.94769
-104.331; 0; 0; 0.461115; 8.9583
-104.652; 0; 0; 0.461268; 8.97953
-104.976; 0; 0; 0.461268; 8.99014
-105.337; 0; 0; 0.461421; 9.00076
-105.651; 0; 0; 0.461421; 9.01137
-106.371; 0; 0; 0.461421; 9.04321
-106.731; 0; 0; 0.461421; 9.06444
-107.406; 0; 0; 0.461421; 9.09628
-107.765; 0; 0; 0.461421; 9.09628
-108.132; 0; 0; 0.461421; 9.1069
-108.49; 0; 0; 0.461421; 9.11751
-109.213; 0; 0; 0.462342; 9.15997
-109.569; 0; 0; 0.462649; 9.1812
-110.239; 0; 0; 0.463109; 9.20242
-110.611; 0; 0; 0.463262; 9.20242
-110.957; 0; 0; 0.463569; 9.23427
-111.32; 0; 0; 0.463722; 9.24488
-111.677; 0; 0; 0.464183; 9.26611
-111.99; 0; 0; 0.464643; 9.27672
-112.398; 0; 0; 0.465563; 9.27672
-112.712; 0; 0; 0.466023; 9.30857
-113.068; 0; 0; 0.467097; 9.31918
-113.79; 0; 0; 0.469705; 9.35102
-114.147; 0; 0; 0.470319; 9.36164
-114.828; 0; 0; 0.470319; 9.37225
-115.191; 0; 0; 0.47354; 9.37225
-115.573; 0; 0; 0.475841; 9.41471
-115.921; 0; 0; 0.477068; 9.43593
-116.272; 0; 0; 0.478755; 9.44655
-116.599; 0; 0; 0.479676; 9.46778
-117.291; 0; 0; 0.484431; 9.49962
-117.654; 0; 0; 0.484431; 9.49962
-118.389; 0; 0; 0.491027; 9.52085
-118.745; 0; 0; 0.494249; 9.55269
-119.071; 0; 0; 0.496089; 9.5633
-119.423; 0; 0; 0.49793; 9.57392
-119.792; 0; 0; 0.501612; 9.59515
-120.152; 0; 0; 0.504526; 9.60576
-120.515; 0; 0; 0.506214; 9.62699
-120.82; 0; 0; 0.511276; 9.6376
-121.168; 0; 0; 0.511276; 9.6376
-121.889; 0; 0; 0.522014; 9.68006
-122.617; 0; 0; 0.532445; 9.7119
-122.968; 0; 0; 0.53766; 9.72252
-123.34; 0; 0; 0.541955; 9.73313
-123.652; 0; 0; 0.547018; 9.74374
-124.012; 0; 0; 0.557602; 9.76497
-124.374; 0; 0; 0.563124; 9.77559
-124.732; 0; 0; 0.572328; 9.79681
-125.406; 0; 0; 0.583066; 9.81804
-126.119; 0; 0; 0.595952; 9.84988
-126.487; 0; 0; 0.600247; 9.8605
-126.837; 0; 0; 0.604695; 9.8605
-127.197; 0; 0; 0.604695; 9.88173
-127.56; 0; 0; 0.611291; 9.88173
-127.917; 0; 0; 0.619575; 9.90296
-128.29; 0; 0; 0.625557; 9.91357
-128.606; 0; 0; 0.00076699; 9.94541
-129.322; 0; 0; 0.00582913; 9.96664
-129.681; 0; 0; 0.00751651; 9.98787
-130.421; 0; 0; 0.0158; 10.0091
-130.831; 0; 0; 0.0177942; 10.0197
-131.227; 0; 0; 0.0213223; 10.0409
-131.63; 0; 0; 0.0228563; 10.0516
-132.042; 0; 0; 0.0248505; 10.0728
-132.441; 0; 0; 0.0266913; 10.0834
-132.835; 0; 0; 0.0276117; 10.094
-133.179; 0; 0; 0.028532; 10.094
-133.983; 0; 0; 0.0342078; 10.1365
-134.388; 0; 0; 0.0355884; 10.1577
-135.16; 0; 0; 0.0377359; 10.1895
-135.528; 0; 0; 0.0386563; 10.2002
-135.941; 0; 0; 0.0389631; 10.2002
-136.336; 0; 0; 0.0391165; 10.2214
-136.733; 0; 0; 0.0392699; 10.2426
-137.076; 0; 0; 0.0392699; 10.2532
-137.873; 0; 0; 0.0392699; 10.2851
-138.28; 0; 0; 0.0392699; 10.2851
-139.023; 0; 0; 0.0392699; 10.3275
-139.476; 0; 0; 0.0392699; 10.3381
-139.833; 0; 0; 0.0392699; 10.3487
-140.223; 0; 0; 0.0392699; 10.37
-140.634; 0; 0; 0.0392699; 10.3806
-141.032; 0; 0; 0.0392699; 10.3912
-141.437; 0; 0; 0.0392699; 10.4018
-141.838; 0; 0; 0.0392699; 10.423
-142.231; 0; 0; 0.0392699; 10.4337
-142.993; 0; 0; 0.0392699; 10.4761
-143.391; 0; 0; 0.0392699; 10.4867
-144.183; 0; 0; 0.0392699; 10.508
-144.587; 0; 0; 0.0392699; 10.5292
-144.985; 0; 0; 0.0392699; 10.5504
-145.346; 0; 0; 0.0392699; 10.561
-145.724; 0; 0; 0.0392699; 10.5716
-146.13; 0; 0; 0.0392699; 10.5716
-146.525; 0; 0; 0.0392699; 10.5823
-146.922; 0; 0; 0.0392699; 10.6035
-147.676; 0; 0; 0.0392699; 10.6459
-148.08; 0; 0; 0.0392699; 10.6459
-148.889; 0; 0; 0.0392699; 10.6884
-149.286; 0; 0; 0.0392699; 10.7096
-149.627; 0; 0; 0.0395767; 10.7202
-150.034; 0; 0; 0.0400369; 10.7309
-150.423; 0; 0; 0.0403437; 10.7415
-150.837; 0; 0; 0.0411107; 10.7627
-151.223; 0; 0; 0.0411107; 10.7733
-151.629; 0; 0; 0.0420311; 10.7945
-152.029; 0; 0; 0.0426447; 10.8052
-152.429; 0; 0; 0.0426447; 10.8158
-152.782; 0; 0; 0.0434117; 10.8264
-153.578; 0; 0; 0.0444854; 10.8688
-153.934; 0; 0; 0.045099; 10.8795
-154.379; 0; 0; 0.045866; 10.8901
-154.732; 0; 0; 0.0463262; 10.9113
-155.132; 0; 0; 0.046633; 10.9113
-155.516; 0; 0; 0.0475534; 10.9325
-156.315; 0; 0; 0.0484738; 10.9644
-156.72; 0; 0; 0.0492408; 10.975
-157.602; 0; 0; 0.0518486; 11.0068
-157.987; 0; 0; 0.0523087; 11.0174
-158.436; 0; 0; 0.0533825; 11.0387
-158.872; 0; 0; 0.0546097; 11.0493
-159.31; 0; 0; 0.0550699; 11.0705
-159.756; 0; 0; 0.0555301; 11.0811
-160.189; 0; 0; 0.0566039; 11.1023
-160.581; 0; 0; 0.0576777; 11.113
-161.018; 0; 0; 0.0584447; 11.1236
-161.468; 0; 0; 0.0584447; 11.1342
-161.899; 0; 0; 0.060899; 11.1554
-162.782; 0; 0; 0.0627398; 11.1873
-163.174; 0; 0; 0.0638136; 11.1979
-163.616; 0; 0; 0.0644272; 11.2085
-164.04; 0; 0; 0.0665748; 11.2297
-164.49; 0; 0; 0.0679553; 11.2403
-164.93; 0; 0; 0.0693359; 11.2616
-165.32; 0; 0; 0.0705631; 11.2722
-166.192; 0; 0; 0.0728641; 11.304
-166.637; 0; 0; 0.0730175; 11.304
-167.08; 0; 0; 0.0743981; 11.3252
-167.518; 0; 0; 0.0750117; 11.3465
-167.959; 0; 0; 0.0750117; 11.3465
-168.389; 0; 0; 0.0762388; 11.3783
-168.768; 0; 0; 0.079767; 11.3889
-169.649; 0; 0; 0.081301; 11.4102
-170.04; 0; 0; 0.0819146; 11.4208
-170.938; 0; 0; 0.0832952; 11.4632
-171.37; 0; 0; 0.0849825; 11.4738
-171.794; 0; 0; 0.0851359; 11.4951
-172.246; 0; 0; 0.0852893; 11.5057
-172.672; 0; 0; 0.0852893; 11.5163
-173.114; 0; 0; 0.0852893; 11.5375
-173.573; 0; 0; 0.0852893; 11.5375
-174.388; 0; 0; 0.0852893; 11.58
-175.264; 0; 0; 0.0852893; 11.6118
-175.719; 0; 0; 0.0852893; 11.6224
-176.154; 0; 0; 0.0852893; 11.6331
-176.528; 0; 0; 0.0852893; 11.6437
-176.969; 0; 0; 0.0852893; 11.6543
-177.833; 0; 0; 0.0852893; 11.6755
-178.274; 0; 0; 0.0852893; 11.6967
-179.182; 0; 0; 0.0852893; 11.7392
-179.557; 0; 0; 0.0852893; 11.7498
-179.988; 0; 0; 0.0852893; 11.7604
-180.438; 0; 0; 0.0852893; 11.7817
-180.868; 0; 0; 0.0852893; 11.7923
-181.312; 0; 0; 0.0852893; 11.8029
-181.691; 0; 0; 0.0852893; 11.8135
-182.141; 0; 0; 0.0852893; 11.8135
-182.571; 0; 0; 0.0852893; 11.8453
-183.025; 0; 0; 0.0852893; 11.8559
-183.461; 0; 0; 0.0852893; 11.8666
-184.29; 0; 0; 0.0852893; 11.8772
-184.772; 0; 0; 0.0852893; 11.9196
-185.159; 0; 0; 0.0852893; 11.9196
-185.667; 0; 0; 0.0852893; 11.9515
-186.046; 0; 0; 0.0852893; 11.9621
-186.43; 0; 0; 0.0852893; 11.9833
-186.933; 0; 0; 0.0852893; 11.9939
-187.346; 0; 0; 0.0852893; 12.0045
-188.309; 0; 0; 0.0852893; 12.0364
-188.777; 0; 0; 0.0852893; 12.0576
-189.736; 0; 0; 0.0852893; 12.0788
-190.226; 0; 0; 0.0852893; 12.0788
-190.699; 0; 0; 0.0852893; 12.1001
-191.121; 0; 0; 0.0852893; 12.1213
-191.604; 0; 0; 0.0852893; 12.1319
-192.085; 0; 0; 0.0852893; 12.1531
-192.563; 0; 0; 0.0852893; 12.1744
-192.987; 0; 0; 0.0852893; 12.185
-193.523; 0; 0; 0.0852893; 12.1956
-193.953; 0; 0; 0.0852893; 12.2062
-194.907; 0; 0; 0.0852893; 12.2381
-195.39; 0; 0; 0.0852893; 12.2487
-195.873; 0; 0; 0.0852893; 12.2699
-196.344; 0; 0; 0.0854427; 12.2699
-196.757; 0; 0; 0.0854427; 12.3017
-197.244; 0; 0; 0.0854427; 12.323
-197.721; 0; 0; 0.0854427; 12.3336
-198.693; 0; 0; 0.0854427; 12.3548
-199.111; 0; 0; 0.0854427; 12.376
-200.073; 0; 0; 0.0854427; 12.4079
-200.536; 0; 0; 0.0854427; 12.4185
-201.015; 0; 0; 0.0854427; 12.4291
-201.506; 0; 0; 0.0854427; 12.4291
-201.919; 0; 0; 0.0854427; 12.4291
-202.468; 0; 0; 0.0854427; 12.4291
-202.946; 0; 0; 0.0854427; 12.4716
-203.848; 0; 0; 0.0854427; 12.4716
-204.266; 0; 0; 0.0854427; 12.4716
-205.207; 0; 0; 0.0854427; 12.5353
-205.687; 0; 0; 0.0854427; 12.5565
-206.171; 0; 0; 0.0854427; 12.5565
-206.659; 0; 0; 0.0854427; 12.5565
-207.152; 0; 0; 0.0854427; 12.5565
-207.618; 0; 0; 0.0854427; 12.6202
-208.106; 0; 0; 0.0854427; 12.6202
-208.596; 0; 0; 0.0854427; 12.6202
-209.011; 0; 0; 0.0854427; 12.6626
-209.493; 0; 0; 0.0854427; 12.6838
-209.962; 0; 0; 0.0854427; 12.6838
-210.924; 0; 0; 0.0854427; 12.6838
-211.337; 0; 0; 0.0854427; 12.7263
-212.298; 0; 0; 0.0854427; 12.7263
-212.775; 0; 0; 0.0854427; 12.7263
-213.26; 0; 0; 0.0854427; 12.7794
-213.738; 0; 0; 0.0854427; 12.7794
-214.227; 0; 0; 0.0854427; 12.7794
-214.658; 0; 0; 0.0854427; 12.8324
-215.123; 0; 0; 0.0854427; 12.8324
-216.087; 0; 0; 0.0854427; 12.8324
-216.556; 0; 0; 0.0854427; 12.8324
-216.977; 0; 0; 0.0854427; 12.8961
-217.467; 0; 0; 0.0854427; 12.9174
-217.937; 0; 0; 0.0854427; 12.928
-218.417; 0; 0; 0.0854427; 12.9492
-218.907; 0; 0; 0.0854427; 12.9492
-219.375; 0; 0; 0.0854427; 12.981
-219.797; 0; 0; 0.0854427; 12.981
-220.846; 0; 0; 0.0854427; 13.0235
-221.366; 0; 0; 0.0854427; 13.0235
-222.332; 0; 0; 0.0854427; 13.0553
-222.935; 0; 0; 0.0854427; 13.066
-223.378; 0; 0; 0.0854427; 13.066
-223.891; 0; 0; 0.0854427; 13.1084
-224.426; 0; 0; 0.0854427; 13.1084
-225.44; 0; 0; 0.0854427; 13.1084
-225.97; 0; 0; 0.0854427; 13.1084
-226.946; 0; 0; 0.0854427; 13.1509
-227.47; 0; 0; 0.0854427; 13.1509
-227.992; 0; 0; 0.0854427; 13.1509
-228.51; 0; 0; 0.0854427; 13.1509
-229.034; 0; 0; 0.0854427; 13.0978
-229.586; 0; 0; 0.0854427; 13.0978
-230.003; 0; 0; 0.0854427; 13.1296
-231.039; 0; 0; 0.0854427; 13.1509
-232.086; 0; 0; 0.0854427; 13.1615
-232.602; 0; 0; 0.0854427; 13.1933
-233.132; 0; 0; 0.0854427; 13.1933
-233.596; 0; 0; 0.0854427; 13.2252
-234.097; 0; 0; 0.0854427; 13.2358
-234.643; 0; 0; 0.0854427; 13.2464
-235.137; 0; 0; 0.0854427; 13.2782
-235.672; 0; 0; 0.0854427; 13.2889
-236.186; 0; 0; 0.0854427; 13.2889
-237.161; 0; 0; 0.0854427; 13.3313
-237.673; 0; 0; 0.0854427; 13.3313
-238.19; 0; 0; 0.0854427; 13.3632
-238.734; 0; 0; 0.0854427; 13.3632
-239.187; 0; 0; 0.0854427; 13.3632
-239.758; 0; 0; 0.0854427; 13.3632
-240.215; 0; 0; 0.0854427; 13.4056
-240.74; 0; 0; 0.0854427; 13.4375
-241.258; 0; 0; 0.0854427; 13.4375
-242.295; 0; 0; 0.0854427; 13.4587
-242.741; 0; 0; 0.0854427; 13.4799
-243.782; 0; 0; 0.0854427; 13.5224
-244.311; 0; 0; 0.0854427; 13.533
-244.817; 0; 0; 0.0854427; 13.5436
-245.339; 0; 0; 0.0854427; 13.5542
-245.872; 0; 0; 0.0854427; 13.5542
-246.388; 0; 0; 0.0854427; 13.586
-246.841; 0; 0; 0.0854427; 13.5967
-247.374; 0; 0; 0.0854427; 13.6073
-247.887; 0; 0; 0.0854427; 13.6179
-248.932; 0; 0; 0.0854427; 13.6497
-249.386; 0; 0; 0.0854427; 13.6603
-249.88; 0; 0; 0.0855961; 13.6816
-250.404; 0; 0; 0.0860563; 13.7028
-250.929; 0; 0; 0.0860563; 13.7134
-251.467; 0; 0; 0.0860563; 13.724
-252.52; 0; 0; 0.0862097; 13.7665
-253.031; 0; 0; 0.0866699; 13.7771
-253.989; 0; 0; 0.0872835; 13.7983
-254.519; 0; 0; 0.0877437; 13.8196
-255.027; 0; 0; 0.0886641; 13.8302
-255.55; 0; 0; 0.0892777; 13.8408
-256.007; 0; 0; 0.0906583; 13.862
-256.525; 0; 0; 0.0908117; 13.862
-257.054; 0; 0; 0.0921922; 13.8726
-257.599; 0; 0; 0.093266; 13.9045
-258.071; 0; 0; 0.0944932; 13.9151
-259.122; 0; 0; 0.0957204; 13.9469
-259.586; 0; 0; 0.0958738; 13.9469
-260.103; 0; 0; 0.0958738; 13.9682
-260.633; 0; 0; 0.0983282; 13.9894
-261.148; 0; 0; 0.0987884; 14
-261.708; 0; 0; 0.0995554; 14.0106
-262.2; 0; 0; 0.0995554; 14.0212
-263.308; 0; 0; 0.101089; 14.0637
-264.423; 0; 0; 0.102163; 14.0849
-264.992; 0; 0; 0.102623; 14.0955
-265.542; 0; 0; 0.102623; 14.0955
-266.115; 0; 0; 0.102623; 14.1061
-266.64; 0; 0; 0.103544; 14.1061
-267.158; 0; 0; 0.104311; 14.1486
-267.74; 0; 0; 0.105078; 14.1592
-268.294; 0; 0; 0.105691; 14.1804
-268.843; 0; 0; 0.106305; 14.1911
-269.322; 0; 0; 0.107379; 14.2123
-270.45; 0; 0; 0.109833; 14.2335
-271.009; 0; 0; 0.111367; 14.2547
-271.566; 0; 0; 0.113208; 14.2654
-272.124; 0; 0; 0.115202; 14.276
-272.69; 0; 0; 0.117963; 14.2972
-273.195; 0; 0; 0.119344; 14.3078
-274.307; 0; 0; 0.123639; 14.3396
-274.887; 0; 0; 0.126247; 14.3503
-275.995; 0; 0; 0.129928; 14.3715
-276.467; 0; 0; 0.131769; 14.3927
-277.022; 0; 0; 0.13315; 14.4033
-277.597; 0; 0; 0.134837; 14.4139
-278.138; 0; 0; 0.135604; 14.4352
-278.691; 0; 0; 0.137751; 14.4458
-279.203; 0; 0; 0.138518; 14.4564
-279.826; 0; 0; 0.138518; 14.467
-280.318; 0; 0; 0.140206; 14.4882
-280.889; 0; 0; 0.1422; 14.4989
-281.435; 0; 0; 0.143274; 14.5095
-282.556; 0; 0; 0.145728; 14.5519
-283.062; 0; 0; 0.146955; 14.5625
-283.609; 0; 0; 0.148489; 14.5732
-284.172; 0; 0; 0.149563; 14.5838
-284.733; 0; 0; 0.151251; 14.605
-285.302; 0; 0; 0.152324; 14.6156
-285.856; 0; 0; 0.154012; 14.6368
-286.415; 0; 0; 0.155085; 14.6475
-287.55; 0; 0; 0.157233; 14.6687
-288.023; 0; 0; 0.157847; 14.6899
-289.152; 0; 0; 0.159381; 14.7111
-289.704; 0; 0; 0.159841; 14.7324
-290.19; 0; 0; 0.160148; 14.743
-290.745; 0; 0; 0.160608; 14.7536
-291.317; 0; 0; 0.160915; 14.7748
-291.868; 0; 0; 0.160915; 14.7854
-292.427; 0; 0; 0.161068; 14.7961
-292.996; 0; 0; 0.161068; 14.8067
-293.545; 0; 0; 0.161068; 14.8173
-294.034; 0; 0; 0.161068; 14.8279
-295.157; 0; 0; 0.161068; 14.8704
-295.72; 0; 0; 0.161068; 14.881
-296.301; 0; 0; 0.161068; 14.8916
-296.836; 0; 0; 0.161068; 14.9128
-297.339; 0; 0; 0.161068; 14.9234
-297.912; 0; 0; 0.161068; 14.934
-298.456; 0; 0; 0.161068; 14.9447
-299.573; 0; 0; 0.161068; 14.9765
-300.13; 0; 0; 0.161221; 14.9977
-301.268; 0; 0; 0.161221; 15.019
-301.861; 0; 0; 0.161221; 15.0296
-302.462; 0; 0; 0.161221; 15.0508
-303.065; 0; 0; 0.161221; 15.0614
-303.662; 0; 0; 0.161221; 15.072
-304.186; 0; 0; 0.161221; 15.0826
-304.781; 0; 0; 0.161221; 15.1039
-305.374; 0; 0; 0.161221; 15.1145
-306.567; 0; 0; 0.161221; 15.1463
-307.161; 0; 0; 0.161221; 15.1569
-308.374; 0; 0; 0.161221; 15.1888
-308.913; 0; 0; 0.161221; 15.21
-309.531; 0; 0; 0.161221; 15.2206
-310.1; 0; 0; 0.161221; 15.2312
-310.709; 0; 0; 0.161221; 15.2525
-311.298; 0; 0; 0.161221; 15.2631
-311.831; 0; 0; 0.161221; 15.2737
-312.436; 0; 0; 0.161221; 15.2843
-313.652; 0; 0; 0.161221; 15.3161
-314.235; 0; 0; 0.161221; 15.3374
-315.44; 0; 0; 0.161221; 15.3692
-315.967; 0; 0; 0.161221; 15.3798
-316.556; 0; 0; 0.161221; 15.4011
-317.156; 0; 0; 0.161221; 15.4117
-317.759; 0; 0; 0.161221; 15.4223
-318.352; 0; 0; 0.161221; 15.4435
-318.987; 0; 0; 0.161221; 15.4541
-319.491; 0; 0; 0.161221; 15.4647
-320.074; 0; 0; 0.161221; 15.486
-320.679; 0; 0; 0.161221; 15.4966
-321.874; 0; 0; 0.161221; 15.5284
-322.418; 0; 0; 0.161221; 15.539
-323.598; 0; 0; 0.161221; 15.5709
-324.222; 0; 0; 0.161221; 15.5815
-324.803; 0; 0; 0.161221; 15.5921
-325.403; 0; 0; 0.161221; 15.6133
-326.007; 0; 0; 0.161221; 15.624
-326.529; 0; 0; 0.161221; 15.6346
-327.122; 0; 0; 0.161221; 15.6558
-327.736; 0; 0; 0.161221; 15.6664
-328.927; 0; 0; 0.161221; 15.6983
-330.125; 0; 0; 0.161221; 15.7195
-330.732; 0; 0; 0.161221; 15.7407
-331.264; 0; 0; 0.161221; 15.7513
-331.855; 0; 0; 0.161221; 15.7726
-332.495; 0; 0; 0.161221; 15.7832
-333.071; 0; 0; 0.161221; 15.7938
-334.192; 0; 0; 0.161221; 15.815
-335.395; 0; 0; 0.161221; 15.8469
-335.999; 0; 0; 0.161221; 15.8681
-336.58; 0; 0; 0.161221; 15.8787
-337.188; 0; 0; 0.161221; 15.8893
-337.791; 0; 0; 0.161221; 15.9105
-338.391; 0; 0; 0.161221; 15.9211
-338.921; 0; 0; 0.161221; 15.9424
-339.518; 0; 0; 0.161221; 15.953
-340.111; 0; 0; 0.161375; 15.9636
-340.709; 0; 0; 0.161682; 15.9848
-341.317; 0; 0; 0.161988; 15.9954
-341.865; 0; 0; 0.162142; 16.0061
-343.136; 0; 0; 0.162449; 16.0379
-343.777; 0; 0; 0.162449; 16.0591
-344.446; 0; 0; 0.162602; 16.0697
-345.708; 0; 0; 0.162602; 16.1016
-346.265; 0; 0; 0.162602; 16.1122
-347.547; 0; 0; 0.163216; 16.144
-348.193; 0; 0; 0.163369; 16.1547
-348.828; 0; 0; 0.163369; 16.1547
-349.376; 0; 0; 0.163829; 16.1865
-350.036; 0; 0; 0.163983; 16.1971
-350.671; 0; 0; 0.165363; 16.2183
-351.307; 0; 0; 0.16567; 16.229
-351.96; 0; 0; 0.166284; 16.2396
-353.254; 0; 0; 0.167511; 16.2608
-353.857; 0; 0; 0.167971; 16.282
-355.068; 0; 0; 0.169045; 16.3139
-355.698; 0; 0; 0.169351; 16.3245
-356.337; 0; 0; 0.169658; 16.3351
-356.987; 0; 0; 0.170272; 16.3563
-357.559; 0; 0; 0.170885; 16.3669
-358.828; 0; 0; 0.172113; 16.3988
-359.46; 0; 0; 0.172573; 16.42
-360.753; 0; 0; 0.173186; 16.4519
-361.393; 0; 0; 0.173493; 16.4625
-362.026; 0; 0; 0.1738; 16.4731
-362.616; 0; 0; 0.174107; 16.4943
-363.25; 0; 0; 0.17426; 16.5049
-363.866; 0; 0; 0.174567; 16.5155
-364.51; 0; 0; 0.17472; 16.5368
-365.711; 0; 0; 0.175181; 16.558
-366.351; 0; 0; 0.175334; 16.5792
-367.635; 0; 0; 0.175641; 16.6111
-368.243; 0; 0; 0.175948; 16.6217
-368.881; 0; 0; 0.176254; 16.6323
-369.522; 0; 0; 0.176254; 16.6323
-370.094; 0; 0; 0.177175; 16.6641
-370.743; 0; 0; 0.177788; 16.6748
-371.394; 0; 0; 0.178249; 16.696
-372.025; 0; 0; 0.178709; 16.7172
-373.244; 0; 0; 0.179322; 16.7384
-374.511; 0; 0; 0.179476; 16.749
-375.142; 0; 0; 0.179476; 16.7809
-375.78; 0; 0; 0.179476; 16.7915
-376.423; 0; 0; 0.179476; 16.8127
-377.082; 0; 0; 0.179476; 16.834
-377.707; 0; 0; 0.179476; 16.834
-378.271; 0; 0; 0.179476; 16.834
-378.908; 0; 0; 0.179476; 16.8552
-380.197; 0; 0; 0.179476; 16.9083
-380.835; 0; 0; 0.179476; 16.9295
-382.04; 0; 0; 0.179936; 16.9613
-382.657; 0; 0; 0.180089; 16.9719
-383.322; 0; 0; 0.180243; 16.9826
-383.992; 0; 0; 0.18055; 17.0038
-384.657; 0; 0; 0.180856; 17.0144
-385.365; 0; 0; 0.181163; 17.0356
-386.015; 0; 0; 0.181317; 17.0462
-386.619; 0; 0; 0.181623; 17.0675
-387.398; 0; 0; 0.181623; 17.0675
-387.91; 0; 0; 0.181623; 17.0675
-389.263; 0; 0; 0.182084; 17.1312
-389.957; 0; 0; 0.182084; 17.1312
-390.616; 0; 0; 0.182237; 17.1524
-391.303; 0; 0; 0.18239; 17.163
-391.964; 0; 0; 0.18239; 17.163
-392.67; 0; 0; 0.18239; 17.1736
-393.257; 0; 0; 0.18239; 17.2161
-394.012; 0; 0; 0.18239; 17.2373
-395.309; 0; 0; 0.18239; 17.2691
-395.979; 0; 0; 0.18239; 17.2798
-397.348; 0; 0; 0.18239; 17.3116
-397.915; 0; 0; 0.18239; 17.3222
-398.613; 0; 0; 0.18239; 17.3434
-399.295; 0; 0; 0.18239; 17.3541
-399.977; 0; 0; 0.18239; 17.3753
-400.65; 0; 0; 0.18239; 17.3753
-401.318; 0; 0; 0.18239; 17.3965
-401.994; 0; 0; 0.18239; 17.4071
-402.672; 0; 0; 0.18239; 17.4284
-404.067; 0; 0; 0.182697; 17.4602
-404.648; 0; 0; 0.183004; 17.4708
-406.049; 0; 0; 0.183464; 17.5027
-406.603; 0; 0; 0.183771; 17.5133
-407.27; 0; 0; 0.183924; 17.5239
-407.957; 0; 0; 0.184078; 17.5345
-408.625; 0; 0; 0.184231; 17.5451
-409.305; 0; 0; 0.184231; 17.5769
-409.994; 0; 0; 0.184231; 17.5876
-410.678; 0; 0; 0.184384; 17.5982
-411.964; 0; 0; 0.184384; 17.6194
-412.717; 0; 0; 0.184384; 17.63
-413.323; 0; 0; 0.184384; 17.6512
-414.006; 0; 0; 0.184538; 17.6619
-414.664; 0; 0; 0.184538; 17.6831
-415.263; 0; 0; 0.184538; 17.6937
-415.968; 0; 0; 0.184538; 17.7043
-416.618; 0; 0; 0.184538; 17.7149
-417.316; 0; 0; 0.184538; 17.7362
-418.68; 0; 0; 0.184845; 17.768
-419.375; 0; 0; 0.184845; 17.7786
-420.633; 0; 0; 0.185612; 17.7998
-421.299; 0; 0; 0.185612; 17.8105
-421.892; 0; 0; 0.185918; 17.8317
-422.65; 0; 0; 0.186072; 17.8423
-423.257; 0; 0; 0.186225; 17.8635
-423.925; 0; 0; 0.186379; 17.8741
-424.614; 0; 0; 0.186839; 17.8954
-425.969; 0; 0; 0.187146; 17.9272
-427.33; 0; 0; 0.187913; 17.9378
-428.017; 0; 0; 0.188219; 17.9591
-428.603; 0; 0; 0.18868; 17.9591
-429.308; 0; 0; 0.189447; 17.9909
-430.001; 0; 0; 0.189907; 18.0015
-430.743; 0; 0; 0.19006; 18.0121
-431.449; 0; 0; 0.190367; 18.0334
-432.086; 0; 0; 0.190674; 18.044
-432.82; 0; 0; 0.191287; 18.0652
-433.54; 0; 0; 0.191594; 18.0758
-434.976; 0; 0; 0.192208; 18.1077
-436.399; 0; 0; 0.192975; 18.1183
-437.11; 0; 0; 0.192975; 18.1183
-437.744; 0; 0; 0.192975; 18.1183
-438.463; 0; 0; 0.193742; 18.1395
-439.189; 0; 0; 0.194049; 18.182
-439.9; 0; 0; 0.194049; 18.182
-441.258; 0; 0; 0.194049; 18.1926
-442.002; 0; 0; 0.194202; 18.235
-443.429; 0; 0; 0.194355; 18.2563
-444.132; 0; 0; 0.194355; 18.2775
-444.864; 0; 0; 0.194355; 18.2987
-445.584; 0; 0; 0.194509; 18.3093
-446.23; 0; 0; 0.194662; 18.3306
-446.948; 0; 0; 0.194662; 18.3412
-447.578; 0; 0; 0.194662; 18.3412
-448.267; 0; 0; 0.194662; 18.3624
-448.995; 0; 0; 0.194816; 18.373
-450.441; 0; 0; 0.194816; 18.4048
-451.865; 0; 0; 0.194816; 18.4261
-452.6; 0; 0; 0.194816; 18.4473
-453.312; 0; 0; 0.194816; 18.4579
-454.026; 0; 0; 0.194816; 18.4685
-454.771; 0; 0; 0.194816; 18.4685
-455.396; 0; 0; 0.194816; 18.4685
-456.829; 0; 0; 0.194816; 18.4791
-457.546; 0; 0; 0.194816; 18.4791
-458.9; 0; 0; 0.194816; 18.4791
-459.609; 0; 0; 0.194816; 18.4261
-460.342; 0; 0; 0.194816; 18.4473
-461.072; 0; 0; 0.194816; 18.4685
-461.776; 0; 0; 0.194816; 18.4791
-462.508; 0; 0; 0.194816; 18.5004
-463.208; 0; 0; 0.194816; 18.511
-463.856; 0; 0; 0.194816; 18.5216
-464.578; 0; 0; 0.194969; 18.5322
-465.295; 0; 0; 0.194969; 18.5428
-465.913; 0; 0; 0.194969; 18.5534
-467.447; 0; 0; 0.194969; 18.5853
-468.071; 0; 0; 0.194969; 18.5959
-468.805; 0; 0; 0.194969; 18.6171
-469.506; 0; 0; 0.194969; 18.6277
-470.228; 0; 0; 0.194969; 18.6384
-471.596; 0; 0; 0.194969; 18.6702
-472.285; 0; 0; 0.194969; 18.6808
-473.74; 0; 0; 0.194969; 18.6914
-474.397; 0; 0; 0.194969; 18.6914
-475.101; 0; 0; 0.194969; 18.7233
-475.898; 0; 0; 0.194969; 18.7551
-476.547; 0; 0; 0.194969; 18.7657
-477.263; 0; 0; 0.194969; 18.7763
-477.971; 0; 0; 0.194969; 18.7976
-479.434; 0; 0; 0.194969; 18.8188
-480.154; 0; 0; 0.194969; 18.84
-481.496; 0; 0; 0.194969; 18.8613
-482.222; 0; 0; 0.194969; 18.8719
-483.013; 0; 0; 0.194969; 18.8931
-483.553; 0; 0; 0.194969; 18.8931
-484.365; 0; 0; 0.194969; 18.9143
-485.004; 0; 0; 0.194969; 18.9249
-485.713; 0; 0; 0.194969; 18.9356
-487.173; 0; 0; 0.194969; 18.9674
-487.874; 0; 0; 0.194969; 18.9886
-489.32; 0; 0; 0.194969; 19.0099
-490.149; 0; 0; 0.194969; 19.0205
-490.937; 0; 0; 0.194969; 19.0205
-491.61; 0; 0; 0.194969; 19.0417
-492.338; 0; 0; 0.194969; 19.0629
-493.121; 0; 0; 0.194969; 19.0842
-493.857; 0; 0; 0.194969; 19.0948
-495.294; 0; 0; 0.194969; 19.116
-496.045; 0; 0; 0.194969; 19.1372
-497.59; 0; 0; 0.194969; 19.1691
-498.325; 0; 0; 0.194969; 19.1797
-498.998; 0; 0; 0.194969; 19.1903
-499.752; 0; 0; 0.194969; 19.2115
-500.512; 0; 0; 0.194969; 19.2221
-501.293; 0; 0; 0.194969; 19.2434
-502.047; 0; 0; 0.194969; 19.254
-502.705; 0; 0; 0.194969; 19.2752
-503.582; 0; 0; 0.194969; 19.2858
-504.978; 0; 0; 0.194969; 19.307
-505.739; 0; 0; 0.194969; 19.3283
-507.261; 0; 0; 0.194969; 19.3495
-508.053; 0; 0; 0.194969; 19.3495
-508.759; 0; 0; 0.194969; 19.3813
-509.548; 0; 0; 0.194969; 19.392
-510.2; 0; 0; 0.194969; 19.392
-511.056; 0; 0; 0.194969; 19.4238
-511.629; 0; 0; 0.194969; 19.4344
-512.488; 0; 0; 0.194969; 19.4556
-513.247; 0; 0; 0.194969; 19.4663
-513.898; 0; 0; 0.194969; 19.4769
-515.42; 0; 0; 0.194969; 19.5087
-516.216; 0; 0; 0.194969; 19.5193
-516.943; 0; 0; 0.194969; 19.5299
-517.625; 0; 0; 0.194969; 19.5406
-518.481; 0; 0; 0.194969; 19.5618
-519.224; 0; 0; 0.194969; 19.5618
-519.901; 0; 0; 0.194969; 19.583
-521.311; 0; 0; 0.194969; 19.6149
-522.184; 0; 0; 0.194969; 19.6255
-523.598; 0; 0; 0.194969; 19.6573
-524.345; 0; 0; 0.194969; 19.6679
-525.128; 0; 0; 0.194969; 19.6785
-525.887; 0; 0; 0.194969; 19.6998
-526.656; 0; 0; 0.194969; 19.7104
-527.308; 0; 0; 0.194969; 19.721
-528.051; 0; 0; 0.194969; 19.7422
-528.818; 0; 0; 0.194969; 19.7528
-529.588; 0; 0; 0.194969; 19.7635
-530.341; 0; 0; 0.194969; 19.7741
-531.115; 0; 0; 0.194969; 19.7953
-532.619; 0; 0; 0.194969; 19.8165
-533.305; 0; 0; 0.194969; 19.8378
-534.047; 0; 0; 0.194969; 19.8378
-534.802; 0; 0; 0.194969; 19.859
-535.581; 0; 0; 0.194969; 19.8696
-536.246; 0; 0; 0.194969; 19.8908
-537.77; 0; 0; 0.194969; 19.9227
-538.512; 0; 0; 0.194969; 19.9333
-539.971; 0; 0; 0.194969; 19.9545
-540.783; 0; 0; 0.194969; 19.9651
-541.57; 0; 0; 0.194969; 19.9864
-542.236; 0; 0; 0.194969; 19.9864
-543.028; 0; 0; 0.194969; 20.0076
-543.831; 0; 0; 0.194969; 20.0182
-544.603; 0; 0; 0.194969; 20.0394
-545.415; 0; 0; 0.194969; 20.05
-546.219; 0; 0; 0.194969; 20.0606
-547.714; 0; 0; 0.194969; 20.0925
-548.538; 0; 0; 0.194969; 20.1031
-550.01; 0; 0; 0.194969; 20.1137
-550.881; 0; 0; 0.194969; 20.1349
-551.641; 0; 0; 0.194969; 20.1562
-552.405; 0; 0; 0.194969; 20.1668
-553.205; 0; 0; 0.194969; 20.1774
-554.02; 0; 0; 0.194969; 20.1986
-554.894; 0; 0; 0.194969; 20.2092
-556.415; 0; 0; 0.194969; 20.2305
-557.121; 0; 0; 0.194969; 20.2411
-558.718; 0; 0; 0.194969; 20.2729
-559.521; 0; 0; 0.194969; 20.2835
-560.34; 0; 0; 0.194969; 20.2942
-561.03; 0; 0; 0.194969; 20.3154
-561.842; 0; 0; 0.194969; 20.326
-562.595; 0; 0; 0.194969; 20.3472
-563.426; 0; 0; 0.194969; 20.3578
-564.226; 0; 0; 0.194969; 20.3685
-565.006; 0; 0; 0.195122; 20.3791
-565.744; 0; 0; 0.196196; 20.4003
-566.626; 0; 0; 0.19681; 20.4109
-568.129; 0; 0; 0.198957; 20.4428
-568.94; 0; 0; 0.199571; 20.4534
-569.604; 0; 0; 0.199878; 20.4534
-570.531; 0; 0; 0.201565; 20.4852
-571.226; 0; 0; 0.202332; 20.4958
-572.007; 0; 0; 0.202946; 20.5171
-573.637; 0; 0; 0.203866; 20.5383
-574.41; 0; 0; 0.204326; 20.5595
-575.924; 0; 0; 0.204326; 20.5807
-576.826; 0; 0; 0.204326; 20.602
-577.521; 0; 0; 0.20448; 20.6126
-578.33; 0; 0; 0.20448; 20.6232
-579.138; 0; 0; 0.20448; 20.6444
-579.835; 0; 0; 0.20448; 20.655
-580.62; 0; 0; 0.20448; 20.6763
-581.449; 0; 0; 0.20448; 20.6763
-583.039; 0; 0; 0.20448; 20.7187
-583.821; 0; 0; 0.20448; 20.7293
-585.331; 0; 0; 0.20448; 20.7612
-586.131; 0; 0; 0.20448; 20.7718
-586.889; 0; 0; 0.20448; 20.793
-587.688; 0; 0; 0.20448; 20.8036
-588.51; 0; 0; 0.20448; 20.8143
-589.314; 0; 0; 0.20448; 20.8249
-590.012; 0; 0; 0.20448; 20.8461
-590.831; 0; 0; 0.20448; 20.8673
-591.607; 0; 0; 0.20448; 20.8779
-593.229; 0; 0; 0.20448; 20.8992
-594.823; 0; 0; 0.20448; 20.9416
-595.522; 0; 0; 0.20448; 20.9416
-596.412; 0; 0; 0.20448; 20.9628
-597.129; 0; 0; 0.20448; 20.9841
-597.917; 0; 0; 0.20448; 20.9947
-598.747; 0; 0; 0.20448; 21.0053
-600.437; 0; 0; 0.20448; 21.0371
-602.026; 0; 0; 0.20448; 21.0584
-602.851; 0; 0; 0.20448; 21.0796
-603.713; 0; 0; 0.20448; 21.0902
-604.532; 0; 0; 0.204173; 21.1008
-605.368; 0; 0; 0.202332; 21.1221
-606.118; 0; 0; 0.200338; 21.1327
-606.961; 0; 0; 0.198804; 21.1433
-607.798; 0; 0; 0.195276; 21.1645
-608.625; 0; 0; 0.192361; 21.1751
-610.227; 0; 0; 0.187913; 21.207
-611.069; 0; 0; 0.185305; 21.2282
-611.891; 0; 0; 0.184384; 21.2282
-612.723; 0; 0; 0.183464; 21.2388
-613.617; 0; 0; 0.18055; 21.2707
-614.406; 0; 0; 0.179322; 21.2813
-615.214; 0; 0; 0.178249; 21.2919
-616.061; 0; 0; 0.177328; 21.3131
-617.674; 0; 0; 0.175487; 21.345
-618.514; 0; 0; 0.174567; 21.3556
-620.188; 0; 0; 0.172113; 21.3874
-621.026; 0; 0; 0.171039; 21.398
-621.751; 0; 0; 0.169965; 21.4086
-622.6; 0; 0; 0.167357; 21.4299
-623.448; 0; 0; 0.165056; 21.4405
-624.275; 0; 0; 0.159841; 21.4511
-625.115; 0; 0; 0.154932; 21.4723
-626.694; 0; 0; 0.14312; 21.4936
-628.378; 0; 0; 0.127014; 21.5254
-630.059; 0; 0; 0.111981; 21.5466
-630.792; 0; 0; 0.104924; 21.5679
-631.725; 0; 0; 0.0998621; 21.5785
-632.457; 0; 0; 0.0920388; 21.5997
-633.302; 0; 0; 0.0894311; 21.6103
-634.129; 0; 0; 0.0869767; 21.6103
-634.979; 0; 0; 0.0800738; 21.6315
-636.666; 0; 0; 0.0720971; 21.6528
-637.495; 0; 0; 0.0690291; 21.674
-638.24; 0; 0; 0.067035; 21.6952
-639.079; 0; 0; 0.0642738; 21.7058
-639.935; 0; 0; 0.0613592; 21.7164
-640.765; 0; 0; 0.0590583; 21.7271
-641.514; 0; 0; 0.0572175; 21.7377
-642.325; 0; 0; 0.0553767; 21.7483
-643.177; 0; 0; 0.0524621; 21.7695
-644.839; 0; 0; 0.0437185; 21.7907
-645.678; 0; 0; 0.0400369; 21.8014
-647.259; 0; 0; 0.0230097; 21.8332
-648.123; 0; 0; 0.0164136; 21.8438
-648.95; 0; 0; 0.0078233; 21.865
-649.788; 0; 0; 0.62433; 21.8757
-650.638; 0; 0; 0.621876; 21.8757
-651.459; 0; 0; 0.621876; 21.8757
-652.207; 0; 0; 0.621876; 21.9075
-653.897; 0; 0; 0.580458; 21.9393
-654.726; 0; 0; 0.567113; 21.95
-656.4; 0; 0; 0.551159; 21.9818
-657.247; 0; 0; 0.54579; 21.9924
-657.995; 0; 0; 0.53766; 21.9924
-658.887; 0; 0; 0.519406; 22.0243
-659.751; 0; 0; 0.504833; 22.0349
-660.64; 0; 0; 0.502225; 22.0455
-661.498; 0; 0; 0.493788; 22.0561
-663.177; 0; 0; 0.47492; 22.0773
-664.02; 0; 0; 0.470165; 22.0986
-664.9; 0; 0; 0.46587; 22.1092
-665.801; 0; 0; 0.4582; 22.1198
-666.681; 0; 0; 0.453291; 22.1304
-668.412; 0; 0; 0.450684; 22.1516
-669.188; 0; 0; 0.445621; 22.1622
-670.938; 0; 0; 0.442247; 22.1835
-671.829; 0; 0; 0.440252; 22.1941
-672.713; 0; 0; 0.440252; 22.1941
-673.495; 0; 0; 0.440252; 22.2047
-674.468; 0; 0; 0.43519; 22.2153
-675.249; 0; 0; 0.433963; 22.2365
-676.112; 0; 0; 0.433503; 22.2365
-676.996; 0; 0; 0.432736; 22.2472
-678.754; 0; 0; 0.431202; 22.2684
-680.434; 0; 0; 0.430435; 22.279
-681.301; 0; 0; 0.430282; 22.2896
-682.187; 0; 0; 0.430282; 22.3002
-683.047; 0; 0; 0.429668; 22.3002
-683.94; 0; 0; 0.429515; 22.3108
-684.748; 0; 0; 0.429361; 22.3321
-685.622; 0; 0; 0.429361; 22.3321
-686.483; 0; 0; 0.429361; 22.3427
-687.392; 0; 0; 0.429361; 22.3427
-689.128; 0; 0; 0.429361; 22.3639
-690.76; 0; 0; 0.429361; 22.3851
-691.736; 0; 0; 0.429361; 22.3958
-692.519; 0; 0; 0.429361; 22.3958
-693.395; 0; 0; 0.429361; 22.4064
-694.297; 0; 0; 0.429361; 22.4064
-695.054; 0; 0; 0.429361; 22.4276
-695.928; 0; 0; 0.429361; 22.4382
-696.792; 0; 0; 0.429361; 22.4382
-697.707; 0; 0; 0.429361; 22.4488
-698.592; 0; 0; 0.429361; 22.4594
-700.324; 0; 0; 0.429361; 22.4807
-701.196; 0; 0; 0.429361; 22.4913
-701.99; 0; 0; 0.429361; 22.5019
-702.872; 0; 0; 0.429361; 22.5125
-703.73; 0; 0; 0.429361; 22.5125
-705.498; 0; 0; 0.429361; 22.5337
-707.134; 0; 0; 0.429361; 22.555
-708.035; 0; 0; 0.429361; 22.5656
-708.922; 0; 0; 0.429361; 22.5762
-709.814; 0; 0; 0.429361; 22.5974
-710.672; 0; 0; 0.429361; 22.5974
-711.588; 0; 0; 0.429361; 22.6186
-712.441; 0; 0; 0.429361; 22.6186
-713.197; 0; 0; 0.429361; 22.6399
-714.97; 0; 0; 0.429361; 22.6611
-716.735; 0; 0; 0.429361; 22.6717
-717.498; 0; 0; 0.429361; 22.7036
-718.361; 0; 0; 0.429361; 22.7036
-719.249; 0; 0; 0.429361; 22.7248
-720.127; 0; 0; 0.429361; 22.7354
-720.998; 0; 0; 0.429361; 22.7354
-721.886; 0; 0; 0.429361; 22.746
-722.761; 0; 0; 0.429361; 22.7779
-723.535; 0; 0; 0.429361; 22.7885
-724.436; 0; 0; 0.429361; 22.7991
-725.284; 0; 0; 0.429361; 22.8097
-727.05; 0; 0; 0.429361; 22.8415
-727.813; 0; 0; 0.429361; 22.8522
-728.703; 0; 0; 0.429361; 22.8628
-729.594; 0; 0; 0.429361; 22.8734
-730.453; 0; 0; 0.429361; 22.884
-731.357; 0; 0; 0.429361; 22.9052
-732.212; 0; 0; 0.429361; 22.9158
-733.134; 0; 0; 0.429361; 22.9265
-734.768; 0; 0; 0.429361; 22.9477
-735.635; 0; 0; 0.429361; 22.9689
-737.495; 0; 0; 0.429361; 23.0008
-738.406; 0; 0; 0.429361; 23.0008
-739.204; 0; 0; 0.429361; 23.0114
-740.129; 0; 0; 0.429361; 23.0326
-741.033; 0; 0; 0.429361; 23.0538
-742.004; 0; 0; 0.429361; 23.0644
-742.894; 0; 0; 0.429361; 23.0751
-743.815; 0; 0; 0.429361; 23.0857
-744.73; 0; 0; 0.429361; 23.1069
-745.642; 0; 0; 0.429361; 23.1175
-747.392; 0; 0; 0.429361; 23.1387
-749.214; 0; 0; 0.429361; 23.16
-750.116; 0; 0; 0.429361; 23.1812
-750.926; 0; 0; 0.429361; 23.1918
-751.844; 0; 0; 0.429361; 23.2024
-752.773; 0; 0; 0.429361; 23.213
-753.684; 0; 0; 0.429361; 23.2237
-754.631; 0; 0; 0.429821; 23.2343
-755.526; 0; 0; 0.430742; 23.2555
-757.363; 0; 0; 0.432736; 23.2661
-758.184; 0; 0; 0.43427; 23.2661
-760.015; 0; 0; 0.437185; 23.3086
-760.922; 0; 0; 0.438872; 23.3192
-761.848; 0; 0; 0.438872; 23.3298
-762.645; 0; 0; 0.439639; 23.3298
-763.565; 0; 0; 0.44332; 23.3722
-764.501; 0; 0; 0.444701; 23.3829
-765.42; 0; 0; 0.445315; 23.3935
-766.338; 0; 0; 0.446235; 23.3935
-768.181; 0; 0; 0.452524; 23.4359
-768.972; 0; 0; 0.454212; 23.4465
-770.816; 0; 0; 0.458507; 23.4678
-771.745; 0; 0; 0.459581; 23.4784
-772.658; 0; 0; 0.461421; 23.489
-773.456; 0; 0; 0.463876; 23.5102
-774.377; 0; 0; 0.465717; 23.5315
-775.337; 0; 0; 0.467864; 23.5421
-776.219; 0; 0; 0.469398; 23.5527
-777.145; 0; 0; 0.470165; 23.5633
-778.091; 0; 0; 0.472466; 23.5845
-779.931; 0; 0; 0.475534; 23.6058
-780.721; 0; 0; 0.478449; 23.6164
-781.658; 0; 0; 0.479983; 23.627
-782.563; 0; 0; 0.483971; 23.6376
-783.483; 0; 0; 0.48888; 23.6588
-784.398; 0; 0; 0.489647; 23.6694
-785.311; 0; 0; 0.492868; 23.6907
-786.141; 0; 0; 0.498851; 23.7013
-787.032; 0; 0; 0.501612; 23.7119
-787.97; 0; 0; 0.505447; 23.7225
-788.866; 0; 0; 0.508668; 23.7331
-790.71; 0; 0; 0.518025; 23.765
-791.636; 0; 0; 0.527076; 23.7756
-792.457; 0; 0; 0.531678; 23.7862
-793.372; 0; 0; 0.537814; 23.8074
-794.311; 0; 0; 0.543489; 23.818
-795.237; 0; 0; 0.549932; 23.8287
-796.138; 0; 0; 0.554687; 23.8393
-796.94; 0; 0; 0.557909; 23.8605
-798.762; 0; 0; 0.566959; 23.8817
-800.609; 0; 0; 0.574783; 23.8923
-801.516; 0; 0; 0.582146; 23.9136
-802.449; 0; 0; 0.586901; 23.9242
-803.249; 0; 0; 0.589202; 23.9242
-804.158; 0; 0; 0.593957; 23.9348
-805.092; 0; 0; 0.597639; 23.9348
-806.007; 0; 0; 0.600093; 23.9454
-806.941; 0; 0; 0.603775; 23.956
-807.739; 0; 0; 0.605769; 23.956
-808.668; 0; 0; 0.60807; 23.956
-810.504; 0; 0; 0.611445; 23.9666
-811.421; 0; 0; 0.612825; 23.9666
-812.337; 0; 0; 0.613592; 23.9666
-813.268; 0; 0; 0.614666; 23.9773
-814.174; 0; 0; 0.615586; 23.9773
-814.981; 0; 0; 0.61574; 23.9773
-815.921; 0; 0; 0.616507; 23.9773
-817.653; 0; 0; 0.617427; 23.9773
-818.676; 0; 0; 0.617734; 23.9773
-820.373; 0; 0; 0.617734; 23.9773
-821.319; 0; 0; 0.617734; 23.9773
-822.214; 0; 0; 0.61712; 23.9773
-823.162; 0; 0; 0.615433; 23.9773
-824.069; 0; 0; 0.612979; 23.9666
-824.991; 0; 0; 0.609451; 23.9666
-825.912; 0; 0; 0.607456; 23.956
-826.71; 0; 0; 0.605309; 23.956
-827.652; 0; 0; 0.603008; 23.956
-829.496; 0; 0; 0.592577; 23.9348
-831.229; 0; 0; 0.584907; 23.9136
-832.124; 0; 0; 0.578771; 23.903
-833.049; 0; 0; 0.574936; 23.903
-833.973; 0; 0; 0.568493; 23.8817
-834.884; 0; 0; 0.564505; 23.8817
-835.801; 0; 0; 0.557449; 23.8605
-836.733; 0; 0; 0.55346; 23.8499
-837.525; 0; 0; 0.547938; 23.8393
-838.451; 0; 0; 0.54533; 23.8287
-839.389; 0; 0; 0.5372; 23.818
-840.274; 0; 0; 0.530757; 23.7968
-842.15; 0; 0; 0.521553; 23.7756
-842.96; 0; 0; 0.518639; 23.765
-843.927; 0; 0; 0.514037; 23.7544
-844.778; 0; 0; 0.511429; 23.7437
-845.703; 0; 0; 0.509282; 23.7331
-847.541; 0; 0; 0.501919; 23.7119
-848.447; 0; 0; 0.500691; 23.7013
-850.171; 0; 0; 0.496396; 23.6801
-851.111; 0; 0; 0.494095; 23.6588
-852.015; 0; 0; 0.493021; 23.6482
-852.902; 0; 0; 0.491641; 23.6376
-853.724; 0; 0; 0.491027; 23.6376
-854.659; 0; 0; 0.489493; 23.6164
-855.563; 0; 0; 0.487959; 23.6058
-857.405; 0; 0; 0.485965; 23.5845
-859.25; 0; 0; 0.48213; 23.5527
-860.171; 0; 0; 0.480903; 23.5421
-860.981; 0; 0; 0.479522; 23.5315
-861.933; 0; 0; 0.477988; 23.5102
-862.828; 0; 0; 0.477221; 23.4996
-863.754; 0; 0; 0.476454; 23.4784
-864.678; 0; 0; 0.474767; 23.4678
-865.48; 0; 0; 0.473847; 23.4678
-866.384; 0; 0; 0.47308; 23.4465
-868.222; 0; 0; 0.470165; 23.4147
-869.151; 0; 0; 0.468785; 23.4041
-870.984; 0; 0; 0.466944; 23.3829
-871.795; 0; 0; 0.465717; 23.3616
-872.737; 0; 0; 0.464796; 23.351
-873.642; 0; 0; 0.464489; 23.3298
-874.551; 0; 0; 0.464183; 23.3298
-875.488; 0; 0; 0.462495; 23.3086
-876.292; 0; 0; 0.462495; 23.2979
-877.195; 0; 0; 0.462495; 23.2767
-878.108; 0; 0; 0.462495; 23.2661
-879.967; 0; 0; 0.462342; 23.2343
-881.812; 0; 0; 0.462342; 23.213
-882.716; 0; 0; 0.462342; 23.2024
-883.624; 0; 0; 0.462342; 23.1812
-884.452; 0; 0; 0.462188; 23.1706
-885.369; 0; 0; 0.461882; 23.1494
-886.199; 0; 0; 0.461728; 23.1387
-887.211; 0; 0; 0.461575; 23.1281
-888.041; 0; 0; 0.461268; 23.1175
-889.861; 0; 0; 0.460808; 23.0963
-890.782; 0; 0; 0.460501; 23.0751
-892.615; 0; 0; 0.459274; 23.0432
-893.546; 0; 0; 0.45866; 23.0326
-894.33; 0; 0; 0.458047; 23.022
-895.265; 0; 0; 0.456819; 23.0008
-896.134; 0; 0; 0.456206; 22.9901
-897.025; 0; 0; 0.455439; 22.9795
-897.896; 0; 0; 0.454519; 22.9689
-898.661; 0; 0; 0.454212; 22.9583
-899.547; 0; 0; 0.453598; 22.9371
-900.419; 0; 0; 0.452831; 22.9265
-902.181; 0; 0; 0.451757; 22.9052
-903.936; 0; 0; 0.449303; 22.8734
-904.823; 0; 0; 0.448536; 22.8628
-905.612; 0; 0; 0.448229; 22.8522
-906.479; 0; 0; 0.447922; 22.8415
-907.355; 0; 0; 0.446849; 22.8203
-908.223; 0; 0; 0.446235; 22.8097
-909.121; 0; 0; 0.445928; 22.7885
-909.945; 0; 0; 0.445468; 22.7779
-910.767; 0; 0; 0.445008; 22.7672
-911.65; 0; 0; 0.444548; 22.7566
-912.55; 0; 0; 0.443934; 22.746
-913.392; 0; 0; 0.443474; 22.7248
-915.168; 0; 0; 0.442553; 22.7036
-916.066; 0; 0; 0.442247; 22.6823
-916.826; 0; 0; 0.44194; 22.6717
-917.712; 0; 0; 0.441786; 22.6611
-918.572; 0; 0; 0.44148; 22.6505
-920.344; 0; 0; 0.441173; 22.6186
-921.093; 0; 0; 0.441019; 22.608
-922.864; 0; 0; 0.440866; 22.5762
-923.742; 0; 0; 0.440713; 22.5762
-924.622; 0; 0; 0.440559; 22.555
-925.511; 0; 0; 0.440559; 22.5337
-926.386; 0; 0; 0.440406; 22.5337
-927.253; 0; 0; 0.440252; 22.5125
-928.067; 0; 0; 0.440252; 22.5019
-928.943; 0; 0; 0.440252; 22.4807
-930.681; 0; 0; 0.440099; 22.4594
-931.575; 0; 0; 0.440099; 22.4488
-933.197; 0; 0; 0.440099; 22.4276
-934.104; 0; 0; 0.440099; 22.4064
-934.961; 0; 0; 0.440099; 22.3958
-935.831; 0; 0; 0.440099; 22.3851
-936.741; 0; 0; 0.440099; 22.3639
-937.591; 0; 0; 0.440099; 22.3533
-938.391; 0; 0; 0.440099; 22.3427
-939.27; 0; 0; 0.440099; 22.3321
-940.12; 0; 0; 0.440099; 22.3215
-941.891; 0; 0; 0.440099; 22.3002
-942.742; 0; 0; 0.440099; 22.3002
-943.513; 0; 0; 0.440099; 22.3002
-944.438; 0; 0; 0.440099; 22.3002
-945.319; 0; 0; 0.440099; 22.3002
-946.189; 0; 0; 0.440406; 22.2259
-947.067; 0; 0; 0.440713; 22.2153
-947.939; 0; 0; 0.441173; 22.1941
-949.602; 0; 0; 0.442247; 22.1729
-950.463; 0; 0; 0.442707; 22.1622
-952.238; 0; 0; 0.443014; 22.1516
-953.12; 0; 0; 0.443934; 22.1198
-953.885; 0; 0; 0.444394; 22.1092
-954.75; 0; 0; 0.444854; 22.0879
-955.641; 0; 0; 0.445315; 22.0773
-956.54; 0; 0; 0.445775; 22.0667
-957.4; 0; 0; 0.446235; 22.0455
-958.301; 0; 0; 0.446542; 22.0349
-959.962; 0; 0; 0.447155; 22.0136
-960.834; 0; 0; 0.447462; 22.003
-961.676; 0; 0; 0.447769; 21.9818
-962.498; 0; 0; 0.447922; 21.9712
-963.373; 0; 0; 0.448229; 21.9606
-964.161; 0; 0; 0.448536; 21.9393
-964.913; 0; 0; 0.448536; 21.9393
-966.618; 0; 0; 0.449303; 21.9075
-967.441; 0; 0; 0.449917; 21.8969
-969.116; 0; 0; 0.450837; 21.865
-969.961; 0; 0; 0.451757; 21.8544
-970.708; 0; 0; 0.452218; 21.8544
-971.527; 0; 0; 0.453752; 21.8226
-972.373; 0; 0; 0.454672; 21.812
-973.209; 0; 0; 0.455899; 21.8014
-974.055; 0; 0; 0.457126; 21.7907
-974.914; 0; 0; 0.45912; 21.7695
-975.642; 0; 0; 0.460348; 21.7589
-976.466; 0; 0; 0.461728; 21.7483
-977.32; 0; 0; 0.463569; 21.7377
-978.967; 0; 0; 0.466023; 21.7058
-979.719; 0; 0; 0.46679; 21.6952
-980.647; 0; 0; 0.467711; 21.6846
-981.506; 0; 0; 0.468785; 21.6634
-982.243; 0; 0; 0.469552; 21.6528
-983.1; 0; 0; 0.469858; 21.6421
-983.919; 0; 0; 0.470472; 21.6315
-984.655; 0; 0; 0.470779; 21.6209
-986.333; 0; 0; 0.471392; 21.5997
-987.165; 0; 0; 0.471546; 21.5785
-988.853; 0; 0; 0.47308; 21.5466
-989.695; 0; 0; 0.47308; 21.5466
-990.515; 0; 0; 0.47308; 21.536
-991.368; 0; 0; 0.473233; 21.5254
-992.134; 0; 0; 0.473233; 21.4936
-992.961; 0; 0; 0.473233; 21.4723
-993.834; 0; 0; 0.473233; 21.4617
-995.469; 0; 0; 0.473386; 21.4405
-996.219; 0; 0; 0.473386; 21.4299
-997.885; 0; 0; 0.47354; 21.398
-998.731; 0; 0; 0.47354; 21.3874
-999.549; 0; 0; 0.47354; 21.3768
-1000.41; 0; 0; 0.47354; 21.3662
-1001.23; 0; 0; 0.47354; 21.345
-1001.97; 0; 0; 0.47354; 21.3343
-1002.83; 0; 0; 0.47354; 21.3237
-1004.48; 0; 0; 0.47354; 21.2919
-1005.36; 0; 0; 0.47354; 21.2813
-1006.9; 0; 0; 0.47354; 21.26
-1007.76; 0; 0; 0.47354; 21.26
-1008.58; 0; 0; 0.47354; 21.2388
-1009.43; 0; 0; 0.47354; 21.2388
-1010.29; 0; 0; 0.47354; 21.1964
-1011.02; 0; 0; 0.47354; 21.1857
-1011.95; 0; 0; 0.47354; 21.1645
-1013.53; 0; 0; 0.47354; 21.1539
-1015.12; 0; 0; 0.47354; 21.1221
-1016.05; 0; 0; 0.47354; 21.1114
-1016.89; 0; 0; 0.47354; 21.0902
-1017.64; 0; 0; 0.47354; 21.0796
-1018.48; 0; 0; 0.47354; 21.069
-1019.34; 0; 0; 0.47354; 21.0478
-1020.16; 0; 0; 0.47354; 21.0478
-1021.84; 0; 0; 0.47354; 21.0053
-1023.32; 0; 0; 0.47354; 20.9841
-1024.15; 0; 0; 0.47354; 20.9841
-1024.92; 0; 0; 0.47354; 20.9628
-1025.73; 0; 0; 0.47354; 20.9628
-1026.5; 0; 0; 0.47354; 20.931
-1027.21; 0; 0; 0.47354; 20.931
-1028.01; 0; 0; 0.47354; 20.931
-1028.82; 0; 0; 0.47354; 20.931
-1030.43; 0; 0; 0.47354; 20.8885
-1031.21; 0; 0; 0.47354; 20.8567
-1032.01; 0; 0; 0.47354; 20.8355
-1032.72; 0; 0; 0.47354; 20.8355
-1033.51; 0; 0; 0.47354; 20.8143
-1034.31; 0; 0; 0.47354; 20.8036
-1035.92; 0; 0; 0.47354; 20.793
-1036.62; 0; 0; 0.47354; 20.793
-1038.23; 0; 0; 0.47354; 20.74
-1039.04; 0; 0; 0.47354; 20.7187
-1039.86; 0; 0; 0.47354; 20.6975
-1040.61; 0; 0; 0.47354; 20.6975
-1041.33; 0; 0; 0.47354; 20.6975
-1042.22; 0; 0; 0.47354; 20.6975
-1042.94; 0; 0; 0.47354; 20.6869
-1043.72; 0; 0; 0.472466; 20.6338
-1045.21; 0; 0; 0.471852; 20.6232
-1046.14; 0; 0; 0.470012; 20.602
-1046.82; 0; 0; 0.469552; 20.5807
-1047.61; 0; 0; 0.468938; 20.5701
-1048.42; 0; 0; 0.468324; 20.5701
-1049.21; 0; 0; 0.467711; 20.5595
-1050.01; 0; 0; 0.466177; 20.5277
-1050.83; 0; 0; 0.46541; 20.5277
-1052.41; 0; 0; 0.461575; 20.4958
-1053.14; 0; 0; 0.460041; 20.4746
-1054.73; 0; 0; 0.456819; 20.4428
-1055.53; 0; 0; 0.454365; 20.4428
-1056.33; 0; 0; 0.452218; 20.4215
-1057.01; 0; 0; 0.451144; 20.4109
-1057.84; 0; 0; 0.450223; 20.4003
-1058.61; 0; 0; 0.448996; 20.3791
-1059.43; 0; 0; 0.447616; 20.3685
-1060.21; 0; 0; 0.446849; 20.3578
-1061.01; 0; 0; 0.446082; 20.3366
-1062.51; 0; 0; 0.444548; 20.3154
-1063.32; 0; 0; 0.443627; 20.3048
-1064.13; 0; 0; 0.44286; 20.2835
-1064.92; 0; 0; 0.441786; 20.2729
-1065.72; 0; 0; 0.440866; 20.2517
-1066.41; 0; 0; 0.440406; 20.2411
-1067.2; 0; 0; 0.440099; 20.2305
-1068.83; 0; 0; 0.439792; 20.2092
-1069.62; 0; 0; 0.439792; 20.188
-1071.15; 0; 0; 0.439792; 20.1668
-1072.04; 0; 0; 0.439639; 20.1456
-1072.74; 0; 0; 0.439639; 20.1349
-1073.52; 0; 0; 0.439639; 20.1349
-1074.32; 0; 0; 0.439639; 20.1137
-1075.04; 0; 0; 0.439639; 20.0925
-1075.93; 0; 0; 0.439639; 20.0819
-1077.42; 0; 0; 0.439639; 20.0606
-1078.22; 0; 0; 0.439639; 20.05
-1079.84; 0; 0; 0.439639; 20.0182
-1080.61; 0; 0; 0.439639; 20.0076
-1081.39; 0; 0; 0.439639; 19.9864
-1082.13; 0; 0; 0.439639; 19.9757
-1082.89; 0; 0; 0.439639; 19.9545
-1083.57; 0; 0; 0.439639; 19.9545
-1084.33; 0; 0; 0.439639; 19.9333
-1085.08; 0; 0; 0.439639; 19.9227
-1086.52; 0; 0; 0.439639; 19.8908
-1087.29; 0; 0; 0.439639; 19.8802
-1088.03; 0; 0; 0.439639; 19.859
-1088.78; 0; 0; 0.439639; 19.8484
-1089.56; 0; 0; 0.439639; 19.8378
-1090.33; 0; 0; 0.439639; 19.8271
-1091.06; 0; 0; 0.439639; 19.8059
-1091.75; 0; 0; 0.439639; 19.7953
-1092.52; 0; 0; 0.439639; 19.7847
-1094.03; 0; 0; 0.439639; 19.7528
-1095.43; 0; 0; 0.439639; 19.7422
-1096.19; 0; 0; 0.439639; 19.721
-1096.97; 0; 0; 0.439639; 19.7104
-1097.7; 0; 0; 0.439639; 19.6998
-1098.48; 0; 0; 0.439639; 19.6785
-1099.25; 0; 0; 0.439639; 19.6679
-1099.99; 0; 0; 0.439639; 19.6467
-1101.43; 0; 0; 0.439639; 19.6255
-1102.18; 0; 0; 0.439639; 19.6149
-1103.62; 0; 0; 0.439639; 19.583
-1104.48; 0; 0; 0.439639; 19.5724
-1105.12; 0; 0; 0.439639; 19.5618
-1105.86; 0; 0; 0.439639; 19.5512
-1106.64; 0; 0; 0.439639; 19.5406
-1107.42; 0; 0; 0.439639; 19.5299
-1108.16; 0; 0; 0.439639; 19.5193
-1108.93; 0; 0; 0.439639; 19.4875
-1109.68; 0; 0; 0.439639; 19.4769
-1110.46; 0; 0; 0.439639; 19.4556
-1111.13; 0; 0; 0.439639; 19.445
-1111.88; 0; 0; 0.439639; 19.4344
-1112.63; 0; 0; 0.439639; 19.4238
-1114.16; 0; 0; 0.439639; 19.4026
-1114.81; 0; 0; 0.439639; 19.3813
-1115.58; 0; 0; 0.439639; 19.3707
-1116.36; 0; 0; 0.439639; 19.3495
-1117.1; 0; 0; 0.439639; 19.3389
-1117.87; 0; 0; 0.439639; 19.3283
-1118.61; 0; 0; 0.439639; 19.307
-1119.37; 0; 0; 0.439639; 19.2964
-1120.83; 0; 0; 0.439639; 19.2752
-1121.61; 0; 0; 0.439639; 19.2646
-1123.1; 0; 0; 0.439639; 19.2327
-1123.76; 0; 0; 0.439639; 19.2221
-1124.52; 0; 0; 0.439639; 19.2115
-1125.29; 0; 0; 0.439639; 19.2009
-1126.05; 0; 0; 0.439639; 19.1903
-1126.79; 0; 0; 0.439639; 19.1691
-1127.56; 0; 0; 0.439639; 19.1585
-1128.22; 0; 0; 0.439639; 19.1478
-1129.73; 0; 0; 0.439639; 19.116
-1130.5; 0; 0; 0.439639; 19.1054
-1131.92; 0; 0; 0.439639; 19.0842
-1132.79; 0; 0; 0.439639; 19.0629
-1133.44; 0; 0; 0.439639; 19.0523
-1134.19; 0; 0; 0.439639; 19.0311
-1134.97; 0; 0; 0.439639; 19.0205
-1135.73; 0; 0; 0.439639; 19.0205
-1137.16; 0; 0; 0.439639; 18.9886
-1137.87; 0; 0; 0.439639; 18.9674
-1139.22; 0; 0; 0.439639; 18.9462
-1139.94; 0; 0; 0.439639; 18.9249
-1140.68; 0; 0; 0.439639; 18.9143
-1141.38; 0; 0; 0.439639; 18.8931
-1142.12; 0; 0; 0.439639; 18.8825
-1142.75; 0; 0; 0.439639; 18.8825
-1143.45; 0; 0; 0.439639; 18.8613
-1144.18; 0; 0; 0.439639; 18.8506
-1144.9; 0; 0; 0.439639; 18.84
-1146.34; 0; 0; 0.439639; 18.8082
-1147.06; 0; 0; 0.439639; 18.787
-1148.44; 0; 0; 0.439639; 18.7657
-1149.12; 0; 0; 0.439639; 18.7551
-1149.85; 0; 0; 0.439639; 18.7445
-1150.58; 0; 0; 0.439639; 18.7233
-1151.2; 0; 0; 0.439639; 18.7127
-1151.94; 0; 0; 0.439639; 18.702
-1152.66; 0; 0; 0.439639; 18.6808
-1154.09; 0; 0; 0.439639; 18.6596
-1155.44; 0; 0; 0.439639; 18.6384
-1156.26; 0; 0; 0.439639; 18.6171
-1156.89; 0; 0; 0.439639; 18.5959
-1157.58; 0; 0; 0.439639; 18.5959
-1158.32; 0; 0; 0.439639; 18.5853
-1158.94; 0; 0; 0.439639; 18.5641
-1159.74; 0; 0; 0.439639; 18.5428
-1160.39; 0; 0; 0.439639; 18.5322
-1161.1; 0; 0; 0.439639; 18.5322
-1161.82; 0; 0; 0.439639; 18.511
-1162.58; 0; 0; 0.439639; 18.4898
-1163.98; 0; 0; 0.439639; 18.4685
-1164.69; 0; 0; 0.439639; 18.4579
-1165.41; 0; 0; 0.439639; 18.4473
-1166.05; 0; 0; 0.439639; 18.4261
-1166.79; 0; 0; 0.439639; 18.4155
-1167.5; 0; 0; 0.439639; 18.3942
-1168.23; 0; 0; 0.439639; 18.3836
-1168.93; 0; 0; 0.439639; 18.3836
-1170.27; 0; 0; 0.439639; 18.3624
-1171; 0; 0; 0.439792; 18.3624
-1172.46; 0; 0; 0.445008; 18.3093
-1173.16; 0; 0; 0.447462; 18.2881
-1173.88; 0; 0; 0.451451; 18.2775
-1174.53; 0; 0; 0.454058; 18.2669
-1175.24; 0; 0; 0.458814; 18.2456
-1175.96; 0; 0; 0.461575; 18.235
-1176.69; 0; 0; 0.462495; 18.2244
-1178.03; 0; 0; 0.470779; 18.2032
-1179.44; 0; 0; 0.476301; 18.1607
-1180.16; 0; 0; 0.479062; 18.1607
-1180.9; 0; 0; 0.481363; 18.1395
-1181.61; 0; 0; 0.482897; 18.1289
-1182.25; 0; 0; 0.484278; 18.1183
-1183.05; 0; 0; 0.485965; 18.1077
-1183.68; 0; 0; 0.487039; 18.097
-1184.42; 0; 0; 0.48888; 18.0758
-1185.76; 0; 0; 0.492561; 18.0546
-1187.2; 0; 0; 0.496089; 18.0334
-1187.92; 0; 0; 0.498697; 18.0121
-1188.65; 0; 0; 0.500998; 18.0015
-1189.34; 0; 0; 0.502686; 17.9909
-1189.99; 0; 0; 0.50468; 17.9803
-1190.68; 0; 0; 0.507134; 17.9591
-1191.35; 0; 0; 0.508208; 17.9484
-1192.05; 0; 0; 0.509435; 17.9378
-1192.65; 0; 0; 0.510509; 17.9272
-1194.01; 0; 0; 0.511276; 17.906
-1195.36; 0; 0; 0.511889; 17.8741
-1195.96; 0; 0; 0.51235; 17.8635
-1196.63; 0; 0; 0.512503; 17.8529
-1197.34; 0; 0; 0.512503; 17.8423
-1198; 0; 0; 0.512503; 17.8317
-1199.36; 0; 0; 0.512503; 17.7998
-1200.04; 0; 0; 0.512503; 17.7892
-1201.3; 0; 0; 0.512503; 17.7574
-1202.01; 0; 0; 0.512503; 17.7574
-1202.68; 0; 0; 0.512503; 17.7255
-1203.43; 0; 0; 0.512503; 17.7149
-1204.03; 0; 0; 0.512503; 17.7043
-1204.62; 0; 0; 0.512503; 17.6937
-1205.3; 0; 0; 0.512503; 17.6831
-1205.98; 0; 0; 0.512503; 17.6619
-1207.34; 0; 0; 0.512503; 17.6406
-1207.94; 0; 0; 0.512503; 17.63
-1209.29; 0; 0; 0.512503; 17.6194
-1209.98; 0; 0; 0.512503; 17.5876
-1210.65; 0; 0; 0.512656; 17.5769
-1211.25; 0; 0; 0.512656; 17.5663
-1212; 0; 0; 0.512656; 17.5451
-1212.61; 0; 0; 0.512656; 17.5345
-1213.3; 0; 0; 0.512656; 17.5239
-1214.65; 0; 0; 0.512656; 17.5027
-1216; 0; 0; 0.512656; 17.4708
-1216.71; 0; 0; 0.512656; 17.4602
-1217.37; 0; 0; 0.512656; 17.439
-1218.05; 0; 0; 0.512656; 17.4284
-1218.66; 0; 0; 0.512656; 17.4177
-1219.34; 0; 0; 0.512656; 17.4071
-1220; 0; 0; 0.512656; 17.3965
-1221.27; 0; 0; 0.512656; 17.3753
-1222.64; 0; 0; 0.512656; 17.3434
-1223.32; 0; 0; 0.512656; 17.3328
-1224.01; 0; 0; 0.512656; 17.3222
-1224.69; 0; 0; 0.512656; 17.301
-1225.38; 0; 0; 0.512656; 17.2904
-1226.04; 0; 0; 0.512656; 17.2691
-1226.64; 0; 0; 0.512656; 17.2585
-1227.31; 0; 0; 0.512656; 17.2479
-1228; 0; 0; 0.512656; 17.2373
-1228.67; 0; 0; 0.512656; 17.2161
-1229.36; 0; 0; 0.512656; 17.2055
-1230.62; 0; 0; 0.512656; 17.1842
-1231.31; 0; 0; 0.512656; 17.1736
-1232.01; 0; 0; 0.512656; 17.1524
-1232.66; 0; 0; 0.51281; 17.1524
-1233.26; 0; 0; 0.512963; 17.1418
-1234.71; 0; 0; 0.512963; 17.0993
-1235.31; 0; 0; 0.512963; 17.0887
-1236.59; 0; 0; 0.512963; 17.0569
-1237.35; 0; 0; 0.512963; 17.0462
-1237.95; 0; 0; 0.512963; 17.025
-1238.62; 0; 0; 0.512963; 17.0144
-1239.31; 0; 0; 0.512963; 17.0038
-1239.95; 0; 0; 0.512963; 16.9826
-1240.58; 0; 0; 0.512963; 16.9826
-1241.25; 0; 0; 0.512963; 16.9719
-1242.42; 0; 0; 0.512963; 16.9401
-1243.07; 0; 0; 0.512963; 16.9189
-1244.33; 0; 0; 0.512963; 16.887
-1244.98; 0; 0; 0.512963; 16.887
-1245.55; 0; 0; 0.512963; 16.887
-1246.17; 0; 0; 0.512963; 16.8552
-1246.82; 0; 0; 0.512963; 16.8446
-1247.44; 0; 0; 0.512963; 16.834
-1248.08; 0; 0; 0.512963; 16.8233
-1248.72; 0; 0; 0.512963; 16.8021
-1249.38; 0; 0; 0.512963; 16.7915
-1250.65; 0; 0; 0.512963; 16.7703
-1251.87; 0; 0; 0.512963; 16.7384
-1252.49; 0; 0; 0.512963; 16.7278
-1253.14; 0; 0; 0.512963; 16.7066
-1253.69; 0; 0; 0.512963; 16.7066
-1254.34; 0; 0; 0.512963; 16.696
-1254.98; 0; 0; 0.512963; 16.696
-1255.61; 0; 0; 0.512963; 16.6748
-1256.9; 0; 0; 0.512963; 16.6323
-1257.48; 0; 0; 0.512963; 16.6217
-1258.85; 0; 0; 0.512963; 16.6111
-1259.39; 0; 0; 0.512963; 16.6005
-1260.02; 0; 0; 0.512963; 16.5686
-1260.57; 0; 0; 0.512963; 16.5686
-1261.22; 0; 0; 0.512963; 16.558
-1262.5; 0; 0; 0.512963; 16.5155
-1263.77; 0; 0; 0.512963; 16.4943
-1264.44; 0; 0; 0.512963; 16.4943
-1265.05; 0; 0; 0.512963; 16.4731
-1265.7; 0; 0; 0.512963; 16.4519
-1266.9; 0; 0; 0.512963; 16.4306
-1268.09; 0; 0; 0.512963; 16.3988
-1268.81; 0; 0; 0.512963; 16.3882
-1269.46; 0; 0; 0.512963; 16.3669
-1270.02; 0; 0; 0.512963; 16.3563
-1270.65; 0; 0; 0.512963; 16.3457
-1271.3; 0; 0; 0.512963; 16.3351
-1271.93; 0; 0; 0.512963; 16.3139
-1272.57; 0; 0; 0.512963; 16.3033
-1273.22; 0; 0; 0.512963; 16.2926
-1274.41; 0; 0; 0.512963; 16.2714
-1275.06; 0; 0; 0.512963; 16.2714
-1275.78; 0; 0; 0.512963; 16.2502
-1276.26; 0; 0; 0.512963; 16.229
-1276.96; 0; 0; 0.512963; 16.2183
-1277.6; 0; 0; 0.512963; 16.1971
-1278.16; 0; 0; 0.512963; 16.1759
-1279.44; 0; 0; 0.512963; 16.1547
-1280.11; 0; 0; 0.512963; 16.1547
-1281.29; 0; 0; 0.512963; 16.144
-1281.94; 0; 0; 0.512963; 16.1016
-1282.58; 0; 0; 0.512963; 16.091
-1283.22; 0; 0; 0.512963; 16.0697
-1283.87; 0; 0; 0.51281; 16.0697
-1284.43; 0; 0; 0.512196; 16.0485
-1285.05; 0; 0; 0.511889; 16.0273
-1285.7; 0; 0; 0.511122; 16.0167
-1286.34; 0; 0; 0.510355; 16.0061
-1287.54; 0; 0; 0.508821; 15.9848
-1288.67; 0; 0; 0.506981; 15.953
-1289.34; 0; 0; 0.505753; 15.9424
-1289.86; 0; 0; 0.504986; 15.9318
-1290.47; 0; 0; 0.504219; 15.9105
-1291.09; 0; 0; 0.502839; 15.8999
-1291.6; 0; 0; 0.502225; 15.8893
-1292.28; 0; 0; 0.500845; 15.8681
-1292.79; 0; 0; 0.499771; 15.8575
-1293.39; 0; 0; 0.498851; 15.8469
-1294.61; 0; 0; 0.49655; 15.815
-1295.79; 0; 0; 0.494095; 15.7938
-1296.32; 0; 0; 0.494095; 15.7938
-1296.99; 0; 0; 0.492561; 15.7619
-1297.59; 0; 0; 0.491487; 15.7513
-1298.12; 0; 0; 0.490567; 15.7301
-1298.73; 0; 0; 0.489493; 15.7301
-1299.24; 0; 0; 0.488726; 15.7089
-1299.92; 0; 0; 0.488113; 15.6983
-1301.06; 0; 0; 0.486272; 15.677
-1301.64; 0; 0; 0.484891; 15.6558
-1302.83; 0; 0; 0.483357; 15.624
-1303.44; 0; 0; 0.48259; 15.6133
-1303.97; 0; 0; 0.48167; 15.6133
-1304.57; 0; 0; 0.481056; 15.5921
-1305.24; 0; 0; 0.480289; 15.5815
-1305.77; 0; 0; 0.479676; 15.5603
-1306.37; 0; 0; 0.478602; 15.5497
-1306.88; 0; 0; 0.477528; 15.539
-1308.09; 0; 0; 0.475534; 15.5072
-1309.3; 0; 0; 0.473386; 15.486
-1309.89; 0; 0; 0.472466; 15.4754
-1310.49; 0; 0; 0.472006; 15.4647
-1311.03; 0; 0; 0.471392; 15.4541
-1311.63; 0; 0; 0.471392; 15.4541
-1312.22; 0; 0; 0.470165; 15.4329
-1312.83; 0; 0; 0.469398; 15.4117
-1313.42; 0; 0; 0.468631; 15.3904
-1313.94; 0; 0; 0.467711; 15.3798
-1315.15; 0; 0; 0.46587; 15.348
-1315.75; 0; 0; 0.465103; 15.3374
-1316.36; 0; 0; 0.464183; 15.3268
-1316.92; 0; 0; 0.463569; 15.3161
-1317.52; 0; 0; 0.462802; 15.3055
-1318.12; 0; 0; 0.462035; 15.2843
-1318.64; 0; 0; 0.461728; 15.2737
-1319.87; 0; 0; 0.460961; 15.2418
-1320.46; 0; 0; 0.460808; 15.2312
-1321.59; 0; 0; 0.460348; 15.21
-1322.26; 0; 0; 0.459887; 15.1994
-1322.79; 0; 0; 0.459274; 15.1782
-1323.39; 0; 0; 0.458967; 15.1675
-1323.99; 0; 0; 0.458353; 15.1569
-1324.59; 0; 0; 0.4582; 15.1463
-1325.18; 0; 0; 0.45774; 15.1251
-1325.79; 0; 0; 0.457586; 15.1145
-1326.92; 0; 0; 0.45728; 15.0933
-1327.52; 0; 0; 0.456973; 15.072
-1328.12; 0; 0; 0.456819; 15.0614
-1328.79; 0; 0; 0.456666; 15.0508
-1329.25; 0; 0; 0.456666; 15.0402
-1329.84; 0; 0; 0.456513; 15.0296
-1330.45; 0; 0; 0.456359; 15.0083
-1331.57; 0; 0; 0.456206; 14.9871
-1332.13; 0; 0; 0.456052; 14.9765
-1333.18; 0; 0; 0.455899; 14.9447
-1333.81; 0; 0; 0.455746; 14.9234
-1334.3; 0; 0; 0.455592; 14.9128
-1334.86; 0; 0; 0.455592; 14.9022
-1335.41; 0; 0; 0.455592; 14.8916
-1335.91; 0; 0; 0.455592; 14.881
-1336.53; 0; 0; 0.455592; 14.8704
-1337.03; 0; 0; 0.455592; 14.8491
-1337.58; 0; 0; 0.455592; 14.8385
-1338.69; 0; 0; 0.455592; 14.8173
-1339.81; 0; 0; 0.455592; 14.8173
-1340.31; 0; 0; 0.455592; 14.7642
-1340.93; 0; 0; 0.455592; 14.7536
-1341.42; 0; 0; 0.455592; 14.743
-1342; 0; 0; 0.455592; 14.7324
-1342.54; 0; 0; 0.455592; 14.7218
-1343.04; 0; 0; 0.455592; 14.7005
-1343.66; 0; 0; 0.455592; 14.6899
-1344.15; 0; 0; 0.455592; 14.6793
-1344.73; 0; 0; 0.455592; 14.6581
-1345.27; 0; 0; 0.455592; 14.6475
-1346.41; 0; 0; 0.455592; 14.6156
-1347.46; 0; 0; 0.455592; 14.5944
-1348.01; 0; 0; 0.455592; 14.5838
-1348.58; 0; 0; 0.455592; 14.5625
-1349.14; 0; 0; 0.455592; 14.5519
-1349.71; 0; 0; 0.455592; 14.5413
-1350.19; 0; 0; 0.455592; 14.5201
-1350.82; 0; 0; 0.455592; 14.5095
-1351.3; 0; 0; 0.455592; 14.4989
-1352.43; 0; 0; 0.455592; 14.467
-1353.53; 0; 0; 0.455592; 14.4458
-1354.02; 0; 0; 0.455592; 14.4352
-1354.59; 0; 0; 0.455592; 14.4246
-1355.15; 0; 0; 0.455592; 14.4139
-1355.78; 0; 0; 0.455592; 14.3927
-1356.75; 0; 0; 0.456052; 14.3715
-1357.94; 0; 0; 0.456666; 14.329
-1358.44; 0; 0; 0.456819; 14.329
-1359.01; 0; 0; 0.457126; 14.3078
-1359.56; 0; 0; 0.45728; 14.2866
-1360.12; 0; 0; 0.457433; 14.2866
-1360.69; 0; 0; 0.45774; 14.2654
-1361.18; 0; 0; 0.45774; 14.2547
-1361.73; 0; 0; 0.457893; 14.2441
-1362.86; 0; 0; 0.458047; 14.2123
-1363.42; 0; 0; 0.4582; 14.2017
-1363.91; 0; 0; 0.458353; 14.1804
-1364.47; 0; 0; 0.458507; 14.1698
-1365.03; 0; 0; 0.458507; 14.1592
-1365.56; 0; 0; 0.458507; 14.1486
-1366.12; 0; 0; 0.458507; 14.1274
-1367.25; 0; 0; 0.45866; 14.0955
-1367.83; 0; 0; 0.45866; 14.0849
-1368.86; 0; 0; 0.45866; 14.0637
-1369.43; 0; 0; 0.45866; 14.0425
-1370.01; 0; 0; 0.45866; 14.0318
-1370.54; 0; 0; 0.45866; 14.0106
-1371; 0; 0; 0.45866; 14
-1371.53; 0; 0; 0.45866; 13.9894
-1372.04; 0; 0; 0.45866; 13.9894
-1372.56; 0; 0; 0.45866; 13.9788
-1373.09; 0; 0; 0.45866; 13.9575
-1373.6; 0; 0; 0.45866; 13.9363
-1374.58; 0; 0; 0.45866; 13.9151
-1375.11; 0; 0; 0.45866; 13.9045
-1375.61; 0; 0; 0.45866; 13.8832
-1376.13; 0; 0; 0.45866; 13.862
-1376.65; 0; 0; 0.45866; 13.8514
-1377.18; 0; 0; 0.45866; 13.8408
-1377.64; 0; 0; 0.45866; 13.8302
-1378.7; 0; 0; 0.45866; 13.7983
-1379.2; 0; 0; 0.45866; 13.7877
-1380.25; 0; 0; 0.45866; 13.7559
-1380.76; 0; 0; 0.45866; 13.7453
-1381.2; 0; 0; 0.458814; 13.7346
-1381.75; 0; 0; 0.458814; 13.724
-1382.25; 0; 0; 0.458814; 13.7028
-1382.8; 0; 0; 0.458814; 13.6922
-1383.75; 0; 0; 0.458814; 13.6603
-1384.27; 0; 0; 0.45912; 13.6497
-1385.3; 0; 0; 0.460041; 13.6285
-1385.83; 0; 0; 0.460961; 13.6073
-1386.34; 0; 0; 0.461575; 13.5967
-1386.86; 0; 0; 0.462188; 13.586
-1387.39; 0; 0; 0.463109; 13.5754
-1387.85; 0; 0; 0.463569; 13.5648
-1388.89; 0; 0; 0.464643; 13.533
-1389.4; 0; 0; 0.465103; 13.5224
-1390.38; 0; 0; 0.465563; 13.5011
-1390.89; 0; 0; 0.465717; 13.4799
-1391.42; 0; 0; 0.465717; 13.4693
-1391.93; 0; 0; 0.46587; 13.4587
-1392.46; 0; 0; 0.46587; 13.4481
-1392.99; 0; 0; 0.46587; 13.4375
-1393.48; 0; 0; 0.46587; 13.4162
-1393.93; 0; 0; 0.46587; 13.4056
-1394.49; 0; 0; 0.46587; 13.395
-1395.52; 0; 0; 0.46587; 13.3632
-1396.04; 0; 0; 0.46587; 13.3419
-1397; 0; 0; 0.46587; 13.3207
-1397.51; 0; 0; 0.46587; 13.3101
-1398.03; 0; 0; 0.46587; 13.2995
-1398.55; 0; 0; 0.46587; 13.2782
-1399.08; 0; 0; 0.46587; 13.2676
-1399.6; 0; 0; 0.46587; 13.257
-1400.59; 0; 0; 0.46587; 13.2358
-1401.63; 0; 0; 0.46587; 13.2039
-1402.13; 0; 0; 0.46587; 13.1827
-1402.67; 0; 0; 0.46587; 13.1721
-1403.13; 0; 0; 0.46587; 13.1615
-1403.63; 0; 0; 0.46587; 13.1509
-1404.15; 0; 0; 0.46587; 13.1403
-1404.69; 0; 0; 0.46587; 13.119
-1405.2; 0; 0; 0.46587; 13.0978
-1405.71; 0; 0; 0.46587; 13.0872
-1406.24; 0; 0; 0.46587; 13.0766
-1406.75; 0; 0; 0.466944; 13.066
-1407.74; 0; 0; 0.47492; 13.0341
-1408.77; 0; 0; 0.487652; 13.0129
-1409.26; 0; 0; 0.493788; 12.9917
-1409.68; 0; 0; 0.501458; 12.981
-1410.17; 0; 0; 0.511276; 12.9704
-1410.64; 0; 0; 0.516491; 12.9598
-1411.11; 0; 0; 0.524315; 12.9492
-1412.08; 0; 0; 0.533212; 12.928
-1413.04; 0; 0; 0.538734; 12.9174
-1413.5; 0; 0; 0.538734; 12.9174
-1413.94; 0; 0; 0.538734; 12.8855
-1414.41; 0; 0; 0.538734; 12.8855
-1414.89; 0; 0; 0.544256; 12.8855
-1415.38; 0; 0; 0.545637; 12.8324
-1415.79; 0; 0; 0.545177; 12.8324
-1416.27; 0; 0; 0.540575; 12.8218
-1416.75; 0; 0; 0.540575; 12.8112
-1417.22; 0; 0; 0.537047; 12.79
-1418.14; 0; 0; 0.522934; 12.7581
-1418.65; 0; 0; 0.518025; 12.7369
-1419.09; 0; 0; 0.515111; 12.7263
-1419.57; 0; 0; 0.51327; 12.7263
-1420.05; 0; 0; 0.51327; 12.7263
-1420.52; 0; 0; 0.505293; 12.7263
-1421.43; 0; 0; 0.495936; 12.6732
-1421.9; 0; 0; 0.493175; 12.6626
-1422.86; 0; 0; 0.486425; 12.6202
-1423.35; 0; 0; 0.481977; 12.6096
-1423.82; 0; 0; 0.480596; 12.5989
-1424.3; 0; 0; 0.477528; 12.5883
-1424.8; 0; 0; 0.475381; 12.5671
-1425.22; 0; 0; 0.47354; 12.5565
-1425.69; 0; 0; 0.471085; 12.5459
-1426.18; 0; 0; 0.469705; 12.5353
-1427.13; 0; 0; 0.465563; 12.5034
-1427.56; 0; 0; 0.464489; 12.4928
-1428.5; 0; 0; 0.462649; 12.461
-1428.99; 0; 0; 0.462342; 12.4503
-1429.46; 0; 0; 0.461728; 12.4397
-1429.96; 0; 0; 0.464183; 12.4185
-1430.42; 0; 0; 0.467711; 12.4079
-1430.9; 0; 0; 0.477375; 12.3973
-1431.82; 0; 0; 0.493788; 12.376
-1432.29; 0; 0; 0.5056; 12.3548
-1433.26; 0; 0; 0.520019; 12.3336
-1433.67; 0; 0; 0.521247; 12.3336
-1434.16; 0; 0; 0.52186; 12.3124
-1434.64; 0; 0; 0.52186; 12.3017
-1435.1; 0; 0; 0.52186; 12.2911
-1435.6; 0; 0; 0.52186; 12.2805
-1436.58; 0; 0; 0.524928; 12.2487
-1437.03; 0; 0; 0.531831; 12.2381
-1437.94; 0; 0; 0.553767; 12.2168
-1438.42; 0; 0; 0.562664; 12.2062
-1438.89; 0; 0; 0.572328; 12.185
-1439.31; 0; 0; 0.579231; 12.1744
-1439.79; 0; 0; 0.593497; 12.1638
-1440.27; 0; 0; 0.606076; 12.1531
-1440.76; 0; 0; 0.61574; 12.1319
-1441.71; 0; 0; 0.015033; 12.1107
-1442.65; 0; 0; 0.0375825; 12.0895
-1443.07; 0; 0; 0.0415709; 12.0895
-1443.56; 0; 0; 0.0415709; 12.0788
-1444.05; 0; 0; 0.045866; 12.0788
-1444.52; 0; 0; 0.048167; 12.047
-1445.02; 0; 0; 0.0492408; 12.0364
-1445.43; 0; 0; 0.0500078; 12.0258
-1446.4; 0; 0; 0.0552233; 12.0045
-1446.82; 0; 0; 0.0613592; 11.9833
-1447.72; 0; 0; 0.0875903; 11.9515
-1448.14; 0; 0; 0.0935728; 11.9409
-1448.6; 0; 0; 0.100322; 11.9302
-1449.03; 0; 0; 0.106305; 11.9196
-1449.86; 0; 0; 0.109373; 11.8984
-1450.3; 0; 0; 0.109219; 11.8878
-1451.13; 0; 0; 0.10385; 11.8559
-1451.57; 0; 0; 0.100629; 11.8453
-1452.01; 0; 0; 0.098635; 11.8241
-1452.43; 0; 0; 0.0990952; 11.8135
-1452.87; 0; 0; 0.101396; 11.7923
-1453.31; 0; 0; 0.104311; 11.7923
-1453.74; 0; 0; 0.105384; 11.7817
-1454.13; 0; 0; 0.106151; 11.771
-1454.58; 0; 0; 0.104771; 11.7498
-1455.02; 0; 0; 0.100016; 11.7392
-1455.45; 0; 0; 0.0912719; 11.7392
-1456.29; 0; 0; 0.0803806; 11.7286
-1456.74; 0; 0; 0.0693359; 11.7074
-1457.18; 0; 0; 0.0641204; 11.7074
-1457.62; 0; 0; 0.0592117; 11.6967
-1458.03; 0; 0; 0.0553767; 11.6967
-1458.48; 0; 0; 0.0526155; 11.6861
-1458.92; 0; 0; 0.0484738; 11.6861
-1459.38; 0; 0; 0.0457126; 11.6755
-1459.81; 0; 0; 0.0444854; 11.6755
-1460.64; 0; 0; 0.0389631; 11.6649
-1461.02; 0; 0; 0.0380427; 11.6649
-1461.52; 0; 0; 0.0374291; 11.6649
-1461.91; 0; 0; 0.0385029; 11.6649
-1462.35; 0; 0; 0.0437185; 11.6649
-1462.78; 0; 0; 0.048934; 11.6649
-1463.23; 0; 0; 0.0587515; 11.6649
-1464.1; 0; 0; 0.0763922; 11.6755
-1464.54; 0; 0; 0.0883573; 11.6861
-1465.36; 0; 0; 0.093266; 11.6861
-1465.8; 0; 0; 0.093266; 11.6967
-1466.24; 0; 0; 0.107685; 11.7074
-1466.67; 0; 0; 0.117503; 11.718
-1467.12; 0; 0; 0.115969; 11.718
-1467.5; 0; 0; 0.11152; 11.7286
-1467.94; 0; 0; 0.103697; 11.7286
-1468.39; 0; 0; 0.0954136; 11.7392
-1468.81; 0; 0; 0.0874369; 11.7392
-1469.26; 0; 0; 0.078233; 11.7498
-1470.16; 0; 0; 0.0734777; 11.7498
-1470.6; 0; 0; 0.0610524; 11.7604
-1470.97; 0; 0; 0.0599786; 11.7604
-1471.42; 0; 0; 0.0526155; 11.7604
-1471.87; 0; 0; 0.0518486; 11.7604
-1472.31; 0; 0; 0.0469398; 11.7604
-1472.74; 0; 0; 0.0437185; 11.7604
-1473.11; 0; 0; 0.0420311; 11.7604
-1473.56; 0; 0; 0.0406505; 11.7604
-1474.45; 0; 0; 0.0369689; 11.7604
-1474.88; 0; 0; 0.0358952; 11.7604
-1475.74; 0; 0; 0.0337476; 11.7604
-1476.15; 0; 0; 0.0337476; 11.7604
-1476.58; 0; 0; 0.0337476; 11.7604
-1477.03; 0; 0; 0.0337476; 11.7604
-1477.4; 0; 0; 0.0337476; 11.7604
-1477.93; 0; 0; 0.033901; 11.7604
-1479.17; 0; 0; 0.033901; 11.7604
-1479.62; 0; 0; 0.0352816; 11.7604
-1480.48; 0; 0; 0.0366621; 11.7604
-1480.92; 0; 0; 0.0369689; 11.7604
-1481.31; 0; 0; 0.0371223; 11.7604
-1481.76; 0; 0; 0.0371223; 11.7604
-1482.2; 0; 0; 0.0375825; 11.7604
-1482.64; 0; 0; 0.0375825; 11.7604
-1483.08; 0; 0; 0.0378893; 11.7604
-1483.52; 0; 0; 0.0378893; 11.7604
-1483.9; 0; 0; 0.0378893; 11.7604
-1484.34; 0; 0; 0.0386563; 11.7604
-1485.23; 0; 0; 0.0392699; 11.7604
-1485.67; 0; 0; 0.0395767; 11.7604
-1486.12; 0; 0; 0.0395767; 11.7604
-1486.54; 0; 0; 0.0398835; 11.7604
-1486.91; 0; 0; 0.0401903; 11.7604
-1487.36; 0; 0; 0.0401903; 11.7604
-1487.81; 0; 0; 0.0401903; 11.7604
-1488.25; 0; 0; 0.0401903; 11.7604
-1489.08; 0; 0; 0.0409573; 11.7604
-1489.51; 0; 0; 0.0409573; 11.7604
-1489.97; 0; 0; 0.0414175; 11.7604
-1490.4; 0; 0; 0.0414175; 11.7604
-1490.82; 0; 0; 0.0415709; 11.7604
-1491.27; 0; 0; 0.0417243; 11.7604
-1491.7; 0; 0; 0.0418777; 11.7604
-1492.54; 0; 0; 0.0421845; 11.7604
-1492.99; 0; 0; 0.0423379; 11.7604
-1493.81; 0; 0; 0.0426447; 11.7604
-1494.29; 0; 0; 0.0427981; 11.7604
