steering;driving
0.0222427;0
0.0222427;0
0.0222427;0
0.0222427;0
0.0222427;0
0.0222427;0
0.0222427;0
0.0222427;0
0.0222427;0
0.0222427;0
0.0222427;0
0.0222427;0
0.0222427;0
0.0222427;0
0.0222427;0
0.0222427;0
0.0222427;0
0.0222427;0
0.0222427;0
0.0222427;0
0.0222427;0
0.0222427;0
0.0222427;0
0.0222427;0
0.0222427;0
0.0222427;0
0.0222427;-2.12282e-06
0.0222427;0
0.0222427;9.97725e-05
0.0222427;0.000539196
0.0222427;0.000450038
0.0222427;0.00142866
0.0222427;0.00103806
0.0222427;0.00163245
0.0222427;0.00169401
0.0222427;0.00170038
0.0222427;0.00724731
0.0222427;0.005842
0.0222427;0.00567854
0.0222427;0.00500561
0.0222427;0.00403548
0.0222427;0.00753177
0.0222427;0.00460015
0.0222427;0.0017768
0.0222427;0.0119642
0.0222427;0.00920242
0.0222427;0.00801365
0.0222427;0.0142993
0.0222427;0.0175366
0.0222427;0.00921941
0.0222427;0.00926611
0.0222427;0.00251979
0.0222427;0.0236928
0.0222427;0.00972888
0.0222427;0.0187148
0.0222427;0.0115248
0.0222427;0.00922578
0.0222427;0.00675481
0.0222427;0.00685671
0.0222427;0.0105844
0.0222427;0.00794996
0.0222427;0.0156027
0.0222427;0.0123718
0.0222427;0.0065765
0.0222427;0.00766975
0.0222427;0.00323093
0.0222427;0.00777164
0.0227029;0.00600758
0.0245437;0.00627293
0.0257709;0.00627718
0.0265379;0.00478484
0.0274583;0.0102787
0.0296058;0.0108221
0.0305262;0.00783321
0.0317534;0.00807945
0.033134;0.0106502
0.0343612;0.00641728
0.0371223;0.0117519
0.0391165;0.00688431
0.0418777;0.00984988
0.0486272;0.0215615
0.0515418;0.0081771
0.0605922;0.0264079
0.0641204;0.0111172
0.0668816;0.00869295
0.0701029;0.00832782
0.0740913;0.0177616
0.075932;0.00851888
0.078233;0.0144288
0.0808408;0.00912388
0.082068;0.0113635
0.0849825;0.0234614
0.0874369;0.0260512
0.0892777;0.0087906
0.0906583;0.0114802
0.0915787;0.0111299
0.0928058;0.00847854
0.0941864;0.0115099
0.0952602;0.0110026
0.0964874;0.0114484
0.0980214;0.0229774
0.0992486;0.0196892
0.0992486;0
0.100322;0.025943
0.100476;0.00833207
0.100629;0.00876088
0.100629;0
0.100936;0.0293034
0.101089;0.00842547
0.101089;0.0176704
0.101089;0.0177829
0.101089;0.0207272
0.101089;0.0122338
0.101089;0.0154881
0.101089;0.0152015
0.101089;0.00911327
0.101089;0.01279
0.101089;0.00935951
0.101089;0.00962911
0.101089;0.0226696
0.101089;0.0160655
0.101243;0.029297
0.101243;0.0132804
0.101243;0.00636421
0.101243;0.019392
0.101243;0.0132443
0.101243;0.00992843
0.101243;0.0264142
0.101243;0.0276115
0.101243;0.0169719
0.101243;0.0136412
0.101243;0.0102829
0.101243;0.0104422
0.101243;0.019808
0.101243;0.00990508
0.101243;0.0235654
0.101243;0.00979257
0.101243;0.030161
0.101243;0.0134672
0.101243;0.0169847
0.101243;0.00637695
0.101243;0.0201201
0.101243;0.0141571
0.101243;0.00339439
0.101243;0.0133844
0.101243;0.0205722
0.101243;0.0314008
0.101396;0.00344958
0.101396;0.0279278
0.101396;0.0170059
0.101396;0.0141125
0.101396;0.00379136
0.101396;0.0241789
0.101396;0.0170993
0.101396;0.0245504
0.101396;0.0245483
0.101396;0.0171779
0.101396;0.00684185
0.101396;0.0177574
0.101396;0.0144691
0.100936;0.0101534
0.100322;0.0177765
0.0998621;0.011028
0.099402;0.0214214
0.0984816;0.0208079
0.0972544;0.0315642
0.0964874;0.010629
0.0957204;0.0104422
0.0934194;0.0210159
0.0918854;0.0104188
0.0886641;0.0176173
0.0862097;0.011408
0.0829884;0.0136901
0.0748583;0.0282017
0.0713301;0.0136688
0.0607456;0.0234572
0.0529223;0.0166981
0.0460194;0.0104146
0.0388097;0.016628
0.0329806;0.0100006
0.0254641;0.0134481
0.0161068;0.0132528
0.00398835;0.026393
0.62433;0.0166705
0.614513;0.023143
0.611752;0.00720273
0.606996;0.00647885
0.599786;0.0266775
0.595338;0.0132931
0.591196;0.013516
0.588435;0.00668688
0.584753;0.0200352
0.581839;0.0100367
0.57693;0.0266966
0.574936;0.0106672
0.572175;0.0269025
0.570641;0.0101067
0.569874;0.0168552
0.569107;0.0168361
0.56834;0.00656588
0.567726;0.0171991
0.567419;0.0173371
0.566959;0.0104294
0.566653;0.0135839
0.566499;0.0139915
0.566039;0.0140361
0.565579;0.0281274
0.565272;0.0100643
0.564812;0.0172776
0.564505;0.0135818
0.564198;0.00686732
0.564198;0.00697559
0.563891;0.0271657
0.562664;0.0241258
0.562511;0.0145392
0.56021;0.0249898
0.55975;0.0174602
0.559136;0.0104443
0.558369;0.0170696
0.557602;0.0104188
0.557142;0.013792
0.556682;0.0173732
0.556068;0.0280106
0.555915;0.0107309
0.554994;0.0317807
0.554687;0.0114462
0.554381;0.0173434
0.554227;0.010474
0.553614;0.0109346
0.553153;0.0148512
0.552847;0.0143503
0.552386;0.0190183
0.55208;0.0105228
0.551466;0.0185577
0.550699;0.0252276
0.550086;0.0148682
0.550086;0.0149638
0.550086;0.0141019
0.549779;0.00752752
0.549625;0.0218799
0.549625;0.0152546
0.549625;0.0214617
0.549625;0.0225953
0.549625;0.0140361
0.549625;0.0112403
0.549625;0.0112361
0.549625;0.0184346
0.549625;0.0150126
0.549625;0.0110047
0.549625;0.021882
0.549625;0.015106
0.549625;0.00364913
0.549625;0.0106396
0.549625;0.0147027
0.549472;0.0364233
0.549165;0.0104613
0.548858;0.00793722
0.548245;0.0261553
0.547938;0.0150338
0.547324;0.0108837
0.547171;0.00322456
0.546557;0.014588
0.546557;0
0.545637;0.0542593
0.545484;0
0.544717;0.028968
0.544256;0.0077398
0.543336;0.0215318
0.542569;0.0188613
0.541802;0.0108434
0.540728;0.0252382
0.539961;0.0181989
0.538734;0.0258347
0.538274;0.0144734
0.537967;0.00733434
0.5372;0.0218374
0.536433;0.0179951
0.535819;0.0108497
0.535052;0.0113613
0.534286;0.0138535
0.532598;0.02157
0.531831;0.0107606
0.530604;0.014588
0.529377;0.0138429
0.527076;0.0286368
0.525542;0.0147324
0.524775;0.0110153
0.522781;0.0179548
0.52186;0.0145201
0.519252;0.0294032
0.518179;0.0141719
0.516491;0.0249262
0.515878;0.0178848
0.514957;0.0141953
0.514037;0.0102808
0.513577;0.0102341
0.513117;0.0137346
0.51235;0.0140361
0.511122;0.0177871
0.510049;0.0111554
0.507287;0.0282059
0.505753;0.0132973
0.503759;0.0138578
0.502992;0.0101619
0.500845;0.0173625
0.499618;0.0134523
0.498237;0.0070329
0.49655;0.0172203
0.495016;0.0135075
0.491641;0.0317701
0.490414;0.00735345
0.487192;0.0277686
0.485658;0.0181289
0.484124;0.0183985
0.482284;0.0108561
0.480596;0.0150826
0.477528;0.028985
0.476608;0.0147281
0.473693;0.0225826
0.472619;0.0218757
0.471852;0.00723032
0.470625;0.021812
0.470012;0.0151633
0.469091;0.01082
0.468938;0.00681638
0.468018;0.018097
0.467097;0.0223788
0.46587;0.0182626
0.46495;0.0366632
0.464336;0.0149171
0.464029;0.0111108
0.463722;0.0188825
0.463416;0.0101768
0.463109;0.0149468
0.462649;0.0176597
0.462495;0.015244
0.462495;0.0100855
0.462342;0.01445
0.461728;0.0293246
0.460808;0.025822
0.460501;0.0114823
0.459734;0.0177404
0.459274;0.0179463
0.458967;0.0107776
0.458507;0.0145604
0.458353;0.0140106
0.457893;0.0108561
0.457433;0.0177468
0.456973;0.0256331
0.456666;0.0146835
0.456513;0.0213704
0.456206;0.00684397
0.456206;0.0185577
0.456206;0.010786
0.456206;0.0146814
0.456052;0.0105356
0.456052;0.0366399
0.456052;0.0105271
0.456052;0.0291633
0.456052;0.0140488
0.456052;0.0178529
0.456052;0.00755724
0.456052;0.0180461
0.456052;0.0107202
0.456052;0.0179675
0.456052;0.0290954
0.456052;0.025546
0.456052;0.0183051
0.456052;0.00767187
0.456052;0.0185386
0.456052;0.0112382
0.456052;0.014951
0.455746;0.0183857
0.455592;0.0144861
0.455132;0.0111406
0.454365;0.0328782
0.454212;0.0111724
0.453905;0.0144097
0.453598;0.01445
0.452985;0.0185598
0.452678;0.0118857
0.451297;0.0261128
0.450684;0.0183093
0.448996;0.0214362
0.448383;0.0150062
0.447309;0.0180546
0.446388;0.0178317
0.445468;0.0147133
0.445468;0
0.444241;0.0254356
0.443167;0.0294095
0.44286;0.00718787
0.442093;0.0326766
0.441786;0.0188315
0.441326;0.0107478
0.441173;0.0186426
0.441019;0.0142293
0.440866;0.0115184
0.440559;0.0178062
0.440406;0.0109325
0.440406;0.0142866
0.440406;0.0289277
0.440406;0.0143481
0.440252;0.0255672
0.440252;0.02845
0.440252;0.0147685
0.440252;0.0142823
0.440252;0.0146092
0.440252;0.0178105
0.440252;0.00367672
0.440252;0.0257265
0.440252;0.0107924
0.440252;0.00375527
0.440252;0.0359776
0.440252;0.0174156
0.440252;0.014467
0.440252;0.013983
0.440252;0.0110472
0.440252;0.0107351
0.440252;0.0329122
0.440252;0.0155051
0.440252;0.0250174
0.440252;0.0143609
0.440252;0.0214511
0.440252;0.0105907
0.440252;0.0107733
0.440252;0.0138005
0.440252;0.0102957
0.440252;0.0108773
0.440252;0.0246311
0.440252;0.0276519
0.440252;0.00746171
0.440252;0.0174411
0.440252;0.0140403
0.440252;0.0139406
0.440252;0.0108561
0.440252;0.0182287
0.440252;0.014743
0.440252;0.0259281
0.440252;0.0138939
0.440252;0.014847
0.440252;0.0252446
0.440252;0.0181246
0.440252;0.0107691
0.440252;0.0182202
0.440252;0.0140679
0.440252;0.0106502
0.440252;0.00732585
0.440252;0.0143672
0.440252;0.0399706
0.440252;0.0252637
0.440252;0.018494
0.440252;0.0111448
0.440252;0.0107669
0.440252;0.0177935
0.440252;0.0101853
0.440252;0.0286963
0.440252;0.0144182
0.440252;0.0282781
0.440252;0.0188209
0.440252;0.0110153
0.440252;0.0188315
0.440252;0.0103572
0.440252;0.0178444
0.440252;0.00329037
0.440252;0.0214405
0.440252;0.0275691
0.440252;0.0141083
0.440252;0.0248412
0.440252;0.0176343
0.440252;0.0104528
0.440252;0.0103827
0.440252;0.0173541
0.440252;0.0178635
0.440252;0.0107393
0.440252;0.029382
0.440252;0.0181459
0.440252;0.00734496
0.440252;0.0143694
0.440252;0.0182244
0.440252;0.011287
0.440252;0.00761243
0.440252;0.0366123
0.440252;0.0074702
0.440252;0.0298193
0.440252;0.018339
0.440252;0.0184728
0.440252;0.0146411
0.440252;0.0148619
0.440252;0
0.440252;0.0336149
0.440252;0.0115906
0.440252;0.04518
0.440252;0.0114038
0.440252;0.00771645
0.440252;0.0108158
0.440252;0.0269577
0.440252;0.0105907
0.440252;0.00735345
0.440252;0.026928
0.440252;0.0197528
0.440252;0.0119154
0.440252;0.0152801
0.440252;0.0149807
0.440252;0.0145265
0.440252;0.0228691
0.440252;0
0.440252;0.0265331
0.440252;0.0296409
0.440252;0.0190608
0.440252;0.0264546
0.440252;0
0.440252;0.00359181
0.440252;0.0417155
0.440252;0
0.440252;0.0306259
0.440252;0.0229965
0.440252;0.022746
0.440252;0
0.440252;0.0374274
0.440252;0.00786717
0.440252;0.025701
0.440252;0.00767612
0.440252;0.0264185
0.440252;0.00747657
0.440252;0
0.440252;0
0.440252;0.0559703
0.440252;0.0106311
0.440252;0.0293968
0.440252;0.0150572
0.440252;0.0218735
0.440252;0
0.440252;0
0.440252;0.028501
0.440252;0
0.440252;0
0.440252;0
0.440252;0.0385823
0.440252;0.0493067
0.440252;0
0.440252;0
0.440252;0.0464346
0.440252;0.00690978
0.440252;0.0173137
0.440252;0.0143481
0.440252;0.0173222
0.440252;0.0171864
0.440252;0.0101895
0.440252;0.0362408
0.440252;0.0141719
0.440252;0
0.440252;0.0289447
0.440252;0.0215997
0.440252;0.0139639
0.440252;0.014397
0.440252;0.0328061
0.440252;0.0108073
0.440252;0
0.440252;0
0.440252;0
0.440252;0
0.440252;-0.0565286
0.440252;0
0.440252;0.0287876
0.440252;0.00693101
0.440252;0
0.440252;0
0.440252;0.0105016
0.440252;0
0.440252;0
0.440252;0
0.440252;0
0.440252;0
0.440252;-0.0131954
0.440252;0
0.440252;0.0244931
0.440252;0
0.440252;0.0534526
0.440252;0.0323072
0.440252;0.0179187
0.440252;0.0152312
0.440252;0.0113847
0.440252;0.0106183
0.440252;0.0106226
0.440252;0.0177892
0.440252;0.0140064
0.440252;0.0139045
0.440252;0.0178296
0.440252;0.0250769
0.440252;0.0066699
0.440252;0.0184452
0.440252;0.021069
0.440252;0.0146963
0.440252;0.0077207
0.440252;0.0218332
0.440252;0.0151102
0.440252;0.0112488
0.440252;0.0111873
0.440252;0
0.440252;0.0606065
0.440252;0.0147239
0.440252;0
0.440252;0.0336892
0.440252;0.0117498
0.440252;0.0184091
0.440252;0.0147918
0.440252;0.0143014
0.440252;0.0110026
0.440252;0.0149086
0.440252;0.019237
0.440252;0.0180716
0.440252;0.00735982
0.440866;0.0256012
0.44194;0.0221092
0.44332;0.0149489
0.446388;0.0219563
0.447922;0.0178932
0.450684;0.0222641
0.452678;0.014104
0.453445;0.00735557
0.455285;0.0256352
0.456206;0.0110769
0.457433;0.0231578
0.458047;0.0141762
0.458047;0.00386566
0.458967;0.0177489
0.460041;0.0178211
0.460194;0.0143927
0.460808;0.0211985
0.460808;0.0214553
0.461115;0.0142165
0.461115;0.0109198
0.461268;0.0182732
0.461268;0.0107351
0.461421;0.00768249
0.461421;0.0144373
0.461421;0.0331797
0.461421;0.0184813
0.461421;0.0295581
0.461421;0.00753813
0.461421;0.0109792
0.461421;0.0109516
0.462342;0.0365316
0.462649;0.0185046
0.463109;0.0223002
0.463262;0
0.463569;0.0363639
0.463722;0.0144628
0.464183;0.018528
0.464643;0.00396543
0.465563;0.00705413
0.466023;0.0298744
0.467097;0.0111491
0.469705;0.033842
0.470319;0.00769735
0.470319;0.0146284
0.47354;0
0.475841;0.0370071
0.477068;0.0218077
0.478755;0.0107882
0.479676;0.0185513
0.484431;0.0337528
0.484431;0
0.491027;0.022279
0.494249;0.0362726
0.496089;0.0109049
0.49793;0.0104061
0.501612;0.0182223
0.504526;0.0140849
0.506214;0.0179803
0.511276;0.0111469
0.511276;0
0.522014;0.0392064
0.532445;0.0321268
0.53766;0.0145031
0.541955;0.0106056
0.547018;0.0111193
0.557602;0.0175685
0.563124;0.0106077
0.572328;0.0182775
0.583066;0.0246311
0.595952;0.0280382
0.600247;0.0100537
0.604695;0.00691615
0.604695;0.0172182
0.611291;0
0.619575;0.0168042
0.625557;0.0173944
0.00076699;0.0279533
0.00582913;0.0245992
0.00751651;0.0177255
0.0158;0.0286305
0.0177942;0.0107669
0.0213223;0.0184409
0.0228563;0.0109219
0.0248505;0.0141932
0.0266913;0.0182393
0.0276117;0.00721122
0.028532;0
0.0342078;0.047082
0.0355884;0.0186766
0.0377359;0.0262805
0.0386563;0.0114229
0.0389631;0.00721122
0.0391165;0.0186957
0.0392699;0.0143864
0.0392699;0.0178168
0.0392699;0.0253613
0.0392699;0
0.0392699;0.042951
0.0392699;0.0182393
0.0392699;0.00731524
0.0392699;0.0212983
0.0392699;0.0148215
0.0392699;0.0105313
0.0392699;0.0111023
0.0392699;0.0145222
0.0392699;0.0147918
0.0392699;0.0372873
0.0392699;0.0110153
0.0392699;0.0257456
0.0392699;0.01445
0.0392699;0.0224382
0.0392699;0.0107351
0.0392699;0.0110153
0.0392699;0.00743836
0.0392699;0.00764427
0.0392699;0.0217568
0.0392699;0.0366017
0.0392699;0.00738317
0.0392699;0.0376121
0.0392699;0.0186808
0.0395767;0.0114675
0.0400369;0.0149001
0.0403437;0.00721547
0.0411107;0.0189483
0.0411107;0.011338
0.0420311;0.0220922
0.0426447;0.0114823
0.0426447;0.00725368
0.0434117;0.0154499
0.0444854;0.0382681
0.045099;0.0117095
0.045866;0.018908
0.0463262;0.0114038
0.046633;0.00799666
0.0475534;0.022262
0.0484738;0.0259494
0.0492408;0.014864
0.0518486;0.0338165
0.0523087;0.00707748
0.0533825;0.0187296
0.0546097;0.0150338
0.0550699;0.0145307
0.0555301;0.0149977
0.0566039;0.01559
0.0576777;0.0143715
0.0584447;0.0112212
0.0584447;0.0155942
0.060899;0.021761
0.0627398;0.0260279
0.0638136;0.0149765
0.0644272;0.00728764
0.0665748;0.022538
0.0679553;0.0109856
0.0693359;0.0186575
0.0705631;0.0108391
0.0728641;0.0334196
0.0730175;0.00327976
0.0743981;0.0185046
0.0750117;0.0148852
0.0750117;0
0.0762388;0.0373001
0.079767;0.0113953
0.081301;0.0147345
0.0819146;0.0115121
0.0832952;0.0513935
0.0849825;0.00696285
0.0851359;0.015106
0.0852893;0.0106226
0.0852893;0.014346
0.0852893;0.0225826
0.0852893;0.00359818
0.0852893;0.0374041
0.0852893;0.0330311
0.0852893;0.0111448
0.0852893;0.0145986
0.0852893;0.0105568
0.0852893;0.0111554
0.0852893;0.0216018
0.0852893;0.0109113
0.0852893;0.0469504
0.0852893;0.00775042
0.0852893;0.0183773
0.0852893;0.0180864
0.0852893;0.0112531
0.0852893;0.01082
0.0852893;0.00760819
0.0852893;0
0.0852893;0.036833
0.0852893;0.0116394
0.0852893;0.0072282
0.0852893;0.00739803
0.0852893;0.041223
0.0852893;0
0.0852893;0.0369625
0.0852893;0.0071348
0.0852893;0.0188337
0.0852893;0.0150869
0.0852893;0.0145328
0.0852893;0.0306408
0.0852893;0.0149234
0.0852893;0.0223278
0.0852893;0
0.0852893;0.0264142
0.0852893;0.0221155
0.0852893;0.0110578
0.0852893;0.0188464
0.0852893;0.014605
0.0852893;0.0144055
0.0852893;0.00721759
0.0852893;0.0147621
0.0852893;0.0266966
0.0852893;0.019116
0.0852893;0.0188103
0.0854427;0
0.0854427;0.0331627
0.0854427;0.0186214
0.0854427;0.00721122
0.0854427;0.0223172
0.0854427;0.0182796
0.0854427;0.0323921
0.0854427;0.0147345
0.0854427;0.00715603
0.0854427;0
0.0854427;0
0.0854427;0
0.0854427;0.0437513
0.0854427;0
0.0854427;0
0.0854427;0.0655039
0.0854427;0.0247606
0.0854427;0
0.0854427;0
0.0854427;0
0.0854427;0.0650857
0.0854427;0
0.0854427;0
0.0854427;0.0358778
0.0854427;0.0289595
0.0854427;0
0.0854427;0
0.0854427;0.0360136
0.0854427;0
0.0854427;0
0.0854427;0.0542317
0.0854427;0
0.0854427;0
0.0854427;0.0533592
0.0854427;0
0.0854427;0
0.0854427;0
0.0854427;0.0588149
0.0854427;0.0285052
0.0854427;0.00734496
0.0854427;0.0249304
0.0854427;0
0.0854427;0.0243636
0.0854427;0
0.0854427;0.0451948
0.0854427;0
0.0854427;0.0384124
0.0854427;0.0072282
0.0854427;0
0.0854427;0.0388434
0.0854427;0
0.0854427;0
0.0854427;0
0.0854427;0.0465853
0.0854427;0
0.0854427;0
0.0854427;0
0.0854427;-0.0562823
0.0854427;0
0.0854427;0.0362684
0.0854427;0.0209459
0.0854427;0.0112679
0.0854427;0.0287409
0.0854427;0
0.0854427;0.0360455
0.0854427;0.00753177
0.0854427;0.0108986
0.0854427;0.0290741
0.0854427;0.00687581
0.0854427;0.00742138
0.0854427;0.0368606
0.0854427;0.00741076
0.0854427;0.0218417
0.0854427;0.00702017
0.0854427;0
0.0854427;0
0.0854427;0.0431187
0.0854427;0.0257328
0.0854427;0
0.0854427;0.0255375
0.0854427;0.0183242
0.0854427;0.0404503
0.0854427;0.0138429
0.0854427;0.0147515
0.0854427;0.010544
0.0854427;0
0.0854427;0.0246459
0.0854427;0.014639
0.0854427;0.0143184
0.0854427;0.00737892
0.0854427;0.0358863
0.0854427;0.00762729
0.0855961;0.0183751
0.0860563;0.0220243
0.0860563;0.0112021
0.0860563;0.0143906
0.0862097;0.0367991
0.0866699;0.0149616
0.0872835;0.02164
0.0877437;0.0183475
0.0886641;0.0144076
0.0892777;0.0108837
0.0906583;0.0143842
0.0908117;0.0071539
0.0921922;0.00698408
0.093266;0.0324643
0.0944932;0.010924
0.0957204;0.0284479
0.0958738;0
0.0958738;0.0250514
0.0983282;0.0180779
0.0987884;0.0142887
0.0995554;0.0113231
0.0995554;0.0105674
0.101089;0.0357738
0.102163;0.0281698
0.102623;0.00684185
0.102623;0
0.102623;0.0073492
0.103544;0
0.104311;0.043418
0.105078;0.014397
0.105691;0.0213365
0.106305;0.0142781
0.107379;0.0174071
0.109833;0.0249453
0.111367;0.0175982
0.113208;0.00726217
0.115202;0.0175536
0.117963;0.0173498
0.119344;0.0106799
0.123639;0.028397
0.126247;0.0174623
0.129928;0.0214001
0.131769;0.0145689
0.13315;0.0174644
0.134837;0.0104634
0.135604;0.0179336
0.137751;0.0111384
0.138518;0.00668476
0.138518;0.0179718
0.140206;0.0174793
0.1422;0.010786
0.143274;0.0141019
0.145728;0.0357844
0.146955;0.0071072
0.148489;0.0140149
0.149563;0.0107903
0.151251;0.0215594
0.152324;0.00733434
0.154012;0.0213959
0.155085;0.0105971
0.157233;0.0292652
0.157847;0.0148704
0.159381;0.0284182
0.159841;0.0136795
0.160148;0.0141995
0.160608;0.0140828
0.160915;0.0140573
0.160915;0.0102575
0.161068;0.0143885
0.161068;0.00689916
0.161068;0.0185598
0.161068;0.0072091
0.161068;0.0399706
0.161068;0.0105228
0.161068;0.0170611
0.161068;0.0175833
0.161068;0.0108625
0.161068;0.0103296
0.161068;0.0140785
0.161068;0.0244846
0.161221;0.0212834
0.161221;0.0282017
0.161221;0.00744685
0.161221;0.0181183
0.161221;0.0140106
0.161221;0.0142675
0.161221;0.0077865
0.161221;0.0216782
0.161221;0.0069119
0.161221;0.0370305
0.161221;0.0108667
0.161221;0.0219563
0.161221;0.0223597
0.161221;0.0184409
0.161221;0.0115842
0.161221;0.0179081
0.161221;0.0109962
0.161221;0.0110408
0.161221;0.00748719
0.161221;0.033307
0.161221;0.0180758
0.161221;0.0301122
0.161221;0.0146177
0.161221;0.0184388
0.161221;0.010786
0.161221;0.0118496
0.161221;0.0176895
0.161221;0.0184367
0.161221;0.0108731
0.161221;0.0150529
0.161221;0.0112892
0.161221;0.0307321
0.161221;0.0114123
0.161221;0.0328379
0.161221;0.011217
0.161221;0.0139851
0.161221;0.0177956
0.161221;0.0141486
0.161221;0.010941
0.161221;0.0141635
0.161221;0.0107075
0.161221;0.0320546
0.161221;0.0283439
0.161221;0.0140276
0.161221;0.0183815
0.161221;0.0139703
0.161221;0.0147515
0.161221;0.0106502
0.161221;0.0253911
0.161221;0.0295114
0.161221;0.0180461
0.161221;0.0112212
0.161221;0.0108455
0.161221;0.019012
0.161221;0.018027
0.161221;0.0112382
0.161221;0.0188422
0.161375;0.0109474
0.161682;0.018753
0.161988;0.0111745
0.162142;0.0115333
0.162449;0.0337104
0.162449;0.0145201
0.162602;0.0148152
0.162602;0.0293968
0.162602;0.0111278
0.163216;0.0290975
0.163369;0.0142802
0.163369;0
0.163829;0.029486
0.163983;0.015798
0.165363;0.0146899
0.16567;0.0110111
0.166284;0.0111788
0.167511;0.0254802
0.167971;0.014363
0.169045;0.032494
0.169351;0.0181692
0.169658;0.0113146
0.170272;0.0182265
0.170885;0.011096
0.172113;0.0254462
0.172573;0.0229349
0.173186;0.0299551
0.173493;0.0114505
0.1738;0.0120831
0.174107;0.0226972
0.17426;0.0114165
0.174567;0.011476
0.17472;0.0191669
0.175181;0.0267178
0.175334;0.0188655
0.175641;0.0299742
0.175948;0.0153798
0.176254;0.011045
0.176254;0
0.177175;0.0301844
0.177788;0.00762305
0.178249;0.0237034
0.178709;0.0153459
0.179322;0.0266074
0.179476;0.0117732
0.179476;0.0273186
0.179476;0.0113252
0.179476;0.0195321
0.179476;0.0266244
0.179476;0
0.179476;0
0.179476;0.0195703
0.179476;0.0551254
0.179476;0.0160337
0.179936;0.030749
0.180089;0.0156409
0.180243;0.0115163
0.18055;0.015297
0.180856;0.0116882
0.181163;0.0199672
0.181317;0.0113762
0.181623;0.0198845
0.181623;0.00772494
0.181623;0
0.182084;0.054998
0.182084;0.008158
0.182237;0.0157768
0.18239;0.0150805
0.18239;0
0.18239;0.00820894
0.18239;0.0384018
0.18239;0.0198505
0.18239;0.0313647
0.18239;0.0149744
0.18239;0.0306684
0.18239;0.00772706
0.18239;0.0222684
0.18239;0.0153331
0.18239;0.0151548
0.18239;0.00387839
0.18239;0.0225316
0.18239;0.0148937
0.18239;0.018545
0.182697;0.0292079
0.183004;0.0106863
0.183464;0.0294987
0.183771;0.0144246
0.183924;0.0145923
0.184078;0.00670599
0.184231;0.015261
0.184231;0.0224467
0.184231;0.0116012
0.184384;0.0170845
0.184384;0.0142356
0.184384;0.0140106
0.184384;0.0170802
0.184538;0.0111512
0.184538;0.0239454
0.184538;0.013671
0.184538;0.0137877
0.184538;0.00693525
0.184538;0.0178296
0.184845;0.0318487
0.184845;0.0108795
0.185612;0.0180036
0.185612;0.0180864
0.185918;0.0219287
0.186072;0.0074235
0.186225;0.0189356
0.186379;0.0182265
0.186839;0.0109983
0.187146;0.0323242
0.187913;0.0182244
0.188219;0.0215763
0.18868;0
0.189447;0.0252934
0.189907;0.0142102
0.19006;0.0145243
0.190367;0.0139682
0.190674;0.0147409
0.191287;0.0147472
0.191594;0.0177277
0.192208;0.0256161
0.192975;0.0178954
0.192975;0
0.192975;0
0.193742;0.0182244
0.194049;0.0461225
0.194049;0
0.194049;0.0104124
0.194202;0.0392233
0.194355;0.0255078
0.194355;0.0176512
0.194355;0.0205786
0.194509;0.0102044
0.194662;0.0171248
0.194662;0.0171948
0.194662;0
0.194662;0.0165771
0.194816;0.0167894
0.194816;0.0270299
0.194816;0.0203939
0.194816;0.0203939
0.194816;0.0134863
0.194816;0.0104167
0.194816;0
0.194816;0
0.194816;0.0131105
0.194816;0
0.194816;0
0.194816;-0.0598996
0.194816;0.0308361
0.194816;0.0170802
0.194816;0.00680576
0.194816;0.020672
0.194816;0.0102235
0.194816;0.0140658
0.194969;0.0133589
0.194969;0.0105971
0.194969;0.0133186
0.194969;0.0312585
0.194969;0.0104124
0.194969;0.0140467
0.194969;0.0110832
0.194969;0.010803
0.194969;0.0316152
0.194969;0.0172798
0.194969;0.0032649
0.194969;0
0.194969;0.0378159
0.194969;0.0305155
0.194969;0.00696922
0.194969;0.0172564
0.194969;0.0144415
0.194969;0.0247945
0.194969;0.0173477
0.194969;0.0234911
0.194969;0.0134502
0.194969;0.0139002
0.194969;0.00640455
0.194969;0.020534
0.194969;0.0101004
0.194969;0.0102978
0.194969;0.0349183
0.194969;0.0137601
0.194969;0.0247776
0.194969;0.0149001
0.194969;0
0.194969;0.0215572
0.194969;0.0224085
0.194969;0.0114399
0.194969;0.0104952
0.194969;0.0299233
0.194969;0.0184685
0.194969;0.0330183
0.194969;0.0105504
0.194969;0.0110705
0.194969;0.0214023
0.194969;0.0105589
0.194969;0.0178869
0.194969;0.0106842
0.194969;0.0177553
0.194969;0.0109622
0.194969;0.0284585
0.194969;0.0143121
0.194969;0.0253316
0.194969;0.00368522
0.194969;0.0249601
0.194969;0.0140934
0.194969;0.00349841
0.194969;0.0242596
0.194969;0.0104167
0.194969;0.0215509
0.194969;0.0108328
0.194969;0.0146899
0.194969;0.0289298
0.194969;0.0137898
0.194969;0.0104273
0.194969;0.00717938
0.194969;0.0204916
0.194969;0
0.194969;0.0276773
0.194969;0.0275436
0.194969;0.014276
0.194969;0.0240558
0.194969;0.0140425
0.194969;0.0136582
0.194969;0.014571
0.194969;0.0103105
0.194969;0.0177362
0.194969;0.0145158
0.194969;0.0101768
0.194969;0.0176088
0.194969;0.0109877
0.194969;0.0208121
0.194969;0.0246226
0.194969;0.0107372
0.194969;0.0101534
0.194969;0.0209437
0.194969;0.011028
0.194969;0.0138429
0.194969;0.0305113
0.194969;0.0101726
0.194969;0.0276688
0.194969;0.0135075
0.194969;0.0137813
0.194969;0.00657862
0.194969;0.0173647
0.194969;0.0108136
0.194969;0.0160973
0.194969;0.0134035
0.194969;0.00712843
0.194969;0.0331967
0.194969;0.0166705
0.194969;0.0129343
0.194969;0.0204067
0.194969;0.0140488
0.194969;0.017388
0.194969;0.0103424
0.194969;0.0200543
0.194969;0.00690766
0.194969;0.0266202
0.194969;0.00979681
0.194969;0.0305453
0.194969;0.0138026
0.194969;0.0103127
0.194969;0.0136009
0.194969;0.0169953
0.194969;0.0142951
0.194969;0.0143099
0.194969;0.0107733
0.195122;0.0103318
0.196196;0.0219712
0.19681;0.0106926
0.198957;0.0294499
0.199571;0.0147302
0.199878;0
0.201565;0.0336616
0.202332;0.0109941
0.202946;0.0154456
0.203866;0.0215827
0.204326;0.0187042
0.204326;0.0263845
0.204326;0.0218948
0.20448;0.0122933
0.20448;0.00628567
0.20448;0.0262593
0.20448;0.00714329
0.20448;0.0158999
0.20448;0.00316725
0.20448;0.0451736
0.20448;0.0108986
0.20448;0.0333198
0.20448;0.0111618
0.20448;0.0191075
0.20448;0.0107776
0.20448;0.00381258
0.20448;0.0148958
0.20448;0.0230835
0.20448;0.0187997
0.20448;0.0110259
0.20448;0.0259706
0.20448;0.0353662
0.20448;0.00703927
0.20448;0.0180227
0.20448;0.0180249
0.20448;0.0109983
0.20448;0.0109431
0.20448;0.0285413
0.20448;0.0287982
0.20448;0.0186277
0.20448;0.00737255
0.204173;0.0182881
0.202332;0.0181926
0.200338;0.0112042
0.198804;0.0109431
0.195276;0.018511
0.192361;0.0114908
0.187913;0.0293926
0.185305;0.0179973
0.184384;0.00741289
0.183464;0.00385504
0.18055;0.03239
0.179322;0.0149998
0.178249;0.0110365
0.177328;0.0183518
0.175487;0.0288045
0.174567;0.0149574
0.172113;0.0300719
0.171039;0.0109729
0.169965;0.011079
0.167357;0.0187381
0.165056;0.015002
0.159841;0.0109007
0.154932;0.0185726
0.14312;0.0258432
0.127014;0.0301377
0.111981;0.024924
0.104924;0.017785
0.0998621;0.0107712
0.0920388;0.0172373
0.0894311;0.0102957
0.0869767;0
0.0800738;0.0237692
0.0720971;0.0265204
0.0690291;0.013828
0.067035;0.0202262
0.0642738;0.013361
0.0613592;0.00986262
0.0590583;0.0139448
0.0572175;0.00957392
0.0553767;0.0134183
0.0524621;0.0135606
0.0437185;0.027378
0.0400369;0.0100516
0.0230097;0.0303903
0.0164136;0.0139597
0.0078233;0.0129917
0.62433;0.0169019
0.621876;0.00348779
0.621876;0
0.621876;0.0267008
0.580458;0.0269322
0.567113;0.0205149
0.551159;0.0234253
0.54579;0.00976497
0.53766;0
0.519406;0.0342114
0.504833;0.0132443
0.502225;0.0104443
0.493788;0.00617953
0.47492;0.0292822
0.470165;0.0124164
0.46587;0.015106
0.4582;0.00939348
0.453291;0.014934
0.450684;0.013828
0.445621;0.0167278
0.442247;0.0160782
0.440252;0.010992
0.440252;0
0.440252;0.0188082
0.43519;0.00981167
0.433963;0.012098
0.433503;0.00931918
0.432736;0.00925337
0.431202;0.0214235
0.430435;0.0121383
0.430282;0.00413525
0.430282;0.0127114
0.429668;0
0.429515;0.0105504
0.429361;0.0174071
0.429361;0.00408218
0.429361;0.0104061
0.429361;0.00443457
0.429361;0.0187594
0.429361;0.0168934
0.429361;0.0082323
0.429361;0.00852312
0.429361;0.00405671
0.429361;0
0.429361;0.019307
0.429361;0.0107818
0.429361;0.00663594
0.429361;0.0115715
0.429361;0.00880333
0.429361;0.0235124
0.429361;0.00715603
0.429361;0.00760182
0.429361;0.00978195
0.429361;0.00760182
0.429361;0.018269
0.429361;0.0241131
0.429361;0.00816437
0.429361;0.0116819
0.429361;0.0173986
0.429361;0.00551721
0.429361;0.0151081
0.429361;0.00588658
0.429361;0.021035
0.429361;0.0180249
0.429361;0.0150508
0.429361;0.025045
0.429361;0.00598211
0.429361;0.0152822
0.429361;0.0124652
0.429361;0
0.429361;0.0126032
0.429361;0.0281698
0.429361;0.00918969
0.429361;0.0125353
0.429361;0.00983078
0.429361;0.0289043
0.429361;0.0127008
0.429361;0.0133525
0.429361;0.0101471
0.429361;0.00704564
0.429361;0.0252509
0.429361;0.0129492
0.429361;0.0134247
0.429361;0.0167979
0.429361;0.0204385
0.429361;0.0269853
0.429361;0.00308658
0.429361;0.0105228
0.429361;0.0234423
0.429361;0.0166111
0.429361;0.0170887
0.429361;0.00668688
0.429361;0.0127751
0.429361;0.0166981
0.429361;0.0132528
0.429361;0.0259536
0.429361;0.0189462
0.429361;0.0161886
0.429361;0.0125989
0.429361;0.00970129
0.429361;0.0160464
0.429361;0.00956967
0.429821;0.0125268
0.430742;0.0163415
0.432736;0.0128664
0.43427;0.00357058
0.437185;0.0387096
0.438872;0.0129343
0.438872;0.00704776
0.439639;0
0.44332;0.0399302
0.444701;0.00967369
0.445315;0.013896
0.446235;0
0.452524;0.0413865
0.454212;0.0103997
0.458507;0.0267242
0.459581;0.00996239
0.461421;0.00647672
0.463876;0.0230284
0.465717;0.0165516
0.467864;0.0135202
0.469398;0.0131233
0.470165;0.0104252
0.472466;0.017993
0.475534;0.0234529
0.478449;0.0137007
0.479983;0.00315876
0.483971;0.0135181
0.48888;0.0234763
0.489647;0.0102532
0.492868;0.0196616
0.498851;0.0102171
0.501612;0.0104018
0.505447;0.0166026
0.508668;0.00662532
0.518025;0.0273865
0.527076;0.0199927
0.531678;0.010077
0.537814;0.01355
0.543489;0.0130957
0.549932;0.0138259
0.554687;0.0132294
0.557909;0.013102
0.566959;0.023247
0.574783;0.0138196
0.582146;0.0170378
0.586901;0.00880333
0.589202;0.00400576
0.593957;0.00923214
0.597639;0.00639181
0.600093;0.00442608
0.603775;0.00646186
0.605769;0.00334132
0.60807;0.00513298
0.611445;0.00589295
0.612825;0.00277665
0.613592;0.00248795
0.614666;0.00252828
0.615586;0.0021865
0.61574;0.000343897
0.616507;0.00157089
0.617427;0.00171948
0.617734;0.000509477
0.617734;0.000242001
0.617734;-7.42987e-05
0.61712;-0.00290402
0.615433;-0.00380834
0.612979;-0.00220136
0.609451;-0.00495042
0.607456;-0.00499287
0.605309;-0.00459803
0.603008;-0.00459166
0.592577;-0.0183603
0.584907;-0.0185938
0.578771;-0.00777801
0.574936;-0.00811342
0.568493;-0.0163606
0.564505;-0.00576982
0.557449;-0.0178529
0.55346;-0.00871842
0.547938;-0.00913662
0.54533;-0.0150911
0.5372;-0.012427
0.530757;-0.0123888
0.521553;-0.0250259
0.518639;-0.00873753
0.514037;-0.0148045
0.511429;-0.00886914
0.509282;-0.0139958
0.501919;-0.022003
0.500691;-0.00816437
0.496396;-0.0213641
0.494095;-0.0143163
0.493021;-0.0118305
0.491641;-0.00911539
0.491027;-0.00578044
0.489493;-0.0158766
0.487959;-0.0165198
0.485965;-0.0197316
0.48213;-0.0334472
0.480903;-0.0104952
0.479522;-0.0135287
0.477988;-0.0163139
0.477221;-0.0100834
0.476454;-0.0174008
0.474767;-0.0110365
0.473847;-0.00982017
0.47308;-0.0176831
0.470165;-0.0254017
0.468785;-0.0176003
0.466944;-0.0181607
0.465717;-0.0174942
0.464796;-0.017371
0.464489;-0.0177001
0.464183;-0.00644276
0.462495;-0.0175918
0.462495;-0.0139469
0.462495;-0.014104
0.462495;-0.0103551
0.462342;-0.0313434
0.462342;-0.0280552
0.462342;-0.0105759
0.462342;-0.0142951
0.462188;-0.0101195
0.461882;-0.0213619
0.461728;-0.00996239
0.461575;-0.0106459
0.461268;-0.0138153
0.460808;-0.0275988
0.460501;-0.0174517
0.459274;-0.02686
0.45866;-0.0102086
0.458047;-0.0140467
0.456819;-0.0170569
0.456206;-0.010733
0.455439;-0.0131551
0.454519;-0.0174517
0.454212;-0.0101895
0.453598;-0.0140955
0.452831;-0.0140488
0.451757;-0.0235548
0.449303;-0.0310123
0.448536;-0.0131487
0.448229;-0.00693313
0.447922;-0.00629416
0.446849;-0.0267348
0.446235;-0.00949113
0.445928;-0.0164094
0.445468;-0.010198
0.445008;-0.0102681
0.444548;-0.0135882
0.443934;-0.0173732
0.443474;-0.013344
0.442553;-0.0237034
0.442247;-0.0166556
0.44194;-0.0100643
0.441786;-0.0133589
0.44148;-0.0138832
0.441173;-0.0276837
0.441019;-0.00955269
0.440866;-0.0315133
0.440713;-0.00712418
0.440559;-0.0140573
0.440559;-0.0208185
0.440406;-0.00998575
0.440252;-0.0143842
0.440252;-0.013516
0.440252;-0.0165686
0.440099;-0.0242023
0.440099;-0.0128919
0.440099;-0.0230963
0.440099;-0.01324
0.440099;-0.0134926
0.440099;-0.0171248
0.440099;-0.013066
0.440099;-0.00969492
0.440099;-0.0171227
0.440099;-0.010612
0.440099;-0.0102405
0.440099;-0.0167533
0.440099;-0.00677816
0.440099;0
0.440099;0
0.440099;0
0.440406;-0.0734984
0.440713;-0.00744473
0.441173;-0.0196425
0.442247;-0.0266754
0.442707;-0.0100516
0.443014;-0.00961425
0.443934;-0.0259876
0.444394;-0.0164752
0.444854;-0.0138535
0.445315;-0.016628
0.445775;-0.0136964
0.446235;-0.0131212
0.446542;-0.0106905
0.447155;-0.0268133
0.447462;-0.00990296
0.447769;-0.0166917
0.447922;-0.00978195
0.448229;-0.0168318
0.448536;-0.0163309
0.448536;-0.00704989
0.449303;-0.0265883
0.449917;-0.0166302
0.450837;-0.023886
0.451757;-0.0102617
0.452218;-0.00668264
0.453752;-0.0239008
0.454672;-0.0170887
0.455899;-0.0102171
0.457126;-0.00976073
0.45912;-0.016696
0.460348;-0.00980106
0.461728;-0.0131487
0.463569;-0.0170144
0.466023;-0.0257116
0.46679;-0.00971615
0.467711;-0.0131763
0.468785;-0.0171312
0.469552;-0.013257
0.469858;-0.00994117
0.470472;-0.0137346
0.470779;-0.0134311
0.471392;-0.0207824
0.471546;-0.0208928
0.47308;-0.0288895
0.47308;-0.0029677
0.47308;-0.00738954
0.473233;-0.0139682
0.473233;-0.0283099
0.473233;-0.0174092
0.473233;-0.0102193
0.473386;-0.0263591
0.473386;-0.013465
0.47354;-0.0274417
0.47354;-0.0136073
0.47354;-0.0136009
0.47354;-0.0103403
0.47354;-0.0170866
0.47354;-0.0101556
0.47354;-0.0102511
0.47354;-0.0306493
0.47354;-0.0104018
0.47354;-0.0242596
0.47354;0
0.47354;-0.0240813
0.47354;0
0.47354;-0.0346657
0.47354;-0.0138387
0.47354;-0.0178126
0.47354;-0.0165453
0.47354;-0.0310208
0.47354;-0.010215
0.47354;-0.0203833
0.47354;-0.00720697
0.47354;-0.0133653
0.47354;-0.0203897
0.47354;-0.00706474
0.47354;-0.0332327
0.47354;-0.02762
0.47354;0
0.47354;-0.0169571
0.47354;0
0.47354;-0.0306493
0.47354;0
0.47354;0
0.47354;0
0.47354;-0.041792
0.47354;-0.0387075
0.47354;-0.0136795
0.47354;-0.0064279
0.47354;-0.0243233
0.47354;-0.00287642
0.47354;-0.010007
0.47354;0
0.47354;-0.0598253
0.47354;-0.0203876
0.47354;-0.0136901
0.47354;-0.00984988
0.47354;0
0.47354;0
0.47354;-0.00972039
0.472466;-0.0440676
0.471852;-0.0205043
0.470012;-0.0198802
0.469552;-0.0132973
0.468938;-0.0104761
0.468324;-0.00661471
0.467711;-0.0104146
0.466177;-0.027828
0.46541;-0.00684609
0.461575;-0.032114
0.460041;-0.0136476
0.456819;-0.0316343
0.454365;-0.00761668
0.452218;-0.0206954
0.451144;-0.0072749
0.450223;-0.0101407
0.448996;-0.0171227
0.447616;-0.0173137
0.446849;-0.0103127
0.446082;-0.0173074
0.444548;-0.0243912
0.443627;-0.00996027
0.44286;-0.01718
0.441786;-0.0169295
0.440866;-0.013828
0.440406;-0.0106863
0.440099;-0.010232
0.439792;-0.0278153
0.439792;-0.0177616
0.439792;-0.0238669
0.439639;-0.0170547
0.439639;-0.010544
0.439639;-0.00676543
0.439639;-0.0207315
0.439639;-0.012945
0.439639;-0.0133058
0.439639;-0.0206954
0.439639;-0.0176512
0.439639;-0.0249813
0.439639;-0.0181395
0.439639;-0.0176555
0.439639;-0.0076188
0.439639;-0.0218311
0.439639;-0.00375739
0.439639;-0.0168318
0.439639;-0.0140679
0.439639;-0.031439
0.439639;-0.0131487
0.439639;-0.0138705
0.439639;-0.0133589
0.439639;-0.0140021
0.439639;-0.00977771
0.439639;-0.0170547
0.439639;-0.00737892
0.439639;-0.0167766
0.439639;-0.0308467
0.439639;-0.00626869
0.439639;-0.0268218
0.439639;-0.0134375
0.439639;-0.00968855
0.439639;-0.0200055
0.439639;-0.0135563
0.439639;-0.0130044
0.439639;-0.0203536
0.439639;-0.0164412
0.439639;-0.0267709
0.439639;-0.013896
0.439639;-0.0138854
0.439639;-0.0101365
0.439639;-0.0109665
0.439639;-0.0106353
0.439639;-0.010871
0.439639;-0.0256628
0.439639;-0.0139682
0.439639;-0.0180312
0.439639;-0.0105865
0.439639;-0.0176449
0.439639;-0.0103509
0.439639;-0.0205616
0.439639;-0.0210032
0.439639;-0.00990508
0.439639;-0.0172033
0.439639;-0.0133377
0.439639;-0.010128
0.439639;-0.0165092
0.439639;-0.00994541
0.439639;-0.0299742
0.439639;-0.00940197
0.439639;-0.0256246
0.439639;-0.00987111
0.439639;-0.0162502
0.439639;-0.0137835
0.439639;-0.00972039
0.439639;-0.0173795
0.439639;-0.00961213
0.439639;-0.0139639
0.439639;-0.0269704
0.439639;-0.0140149
0.439639;-0.0172161
0.439639;-0.0242978
0.439639;-0.0137474
0.439639;-0.013966
0.439639;-0.0102957
0.439639;0
0.439639;-0.0408303
0.439639;-0.0172373
0.439639;-0.0205701
0.439639;-0.0211603
0.439639;-0.0103572
0.439639;-0.0174602
0.439639;-0.00989234
0.439639;-0.0104613
0.439639;-0.0139236
0.439639;-0.0143842
0.439639;-0.0140425
0.439639;-0.0250429
0.439639;-0.0175982
0.439639;-0.0311036
0.439639;-0.0106629
0.439639;-0.0100791
0.439639;-0.0166174
0.439639;-0.0103912
0.439639;-0.0165877
0.439639;-0.0139342
0.439639;-0.0243806
0.439639;-0.0243848
0.439639;-0.0175218
0.439639;-0.0174475
0.439639;-0.00353237
0.439639;-0.0138535
0.439639;-0.0173158
0.439639;-0.0201944
0.439639;-0.00987536
0.439639;0
0.439639;-0.0245823
0.439639;-0.0172246
0.439639;-0.0283672
0.439639;-0.0101619
0.439639;-0.0106014
0.439639;-0.0175748
0.439639;-0.010302
0.439639;-0.0176746
0.439639;-0.0139703
0.439639;-0.00328188
0.439639;-0.0215615
0.439792;0
0.445008;-0.0515017
0.447462;-0.0211263
0.451451;-0.0105462
0.454058;-0.0131954
0.458814;-0.0130532
0.461575;-0.0137134
0.462495;-0.0101513
0.470779;-0.026427
0.476301;-0.0335703
0.479062;-0.00647036
0.481363;-0.0172394
0.482897;-0.0128558
0.484278;-0.010266
0.485965;-0.013136
0.487039;-0.0128112
0.48888;-0.0138089
0.492561;-0.025355
0.496089;-0.0228331
0.498697;-0.0156685
0.500998;-0.0101471
0.502686;-0.0161186
0.50468;-0.00697134
0.507134;-0.0198059
0.508208;-0.00962062
0.509435;-0.0167363
0.510509;-0.0126329
0.511276;-0.0192688
0.511889;-0.0285753
0.51235;-0.00943381
0.512503;-0.0126053
0.512503;-0.0128855
0.512503;-0.0129174
0.512503;-0.0266711
0.512503;-0.0167045
0.512503;-0.0271148
0.512503;-0.00359606
0.512503;-0.0234508
0.512503;-0.0170972
0.512503;-0.00673359
0.512503;-0.0101174
0.512503;-0.0135818
0.512503;-0.016766
0.512503;-0.0262911
0.512503;-0.00705838
0.512503;-0.0163096
0.512503;-0.0262083
0.512656;-0.0126945
0.512656;-0.0098138
0.512656;-0.0197146
0.512656;-0.00988173
0.512656;-0.00966732
0.512656;-0.0297641
0.512656;-0.0270426
0.512656;-0.0140955
0.512656;-0.0135054
0.512656;-0.0104146
0.512656;-0.0134884
0.512656;-0.0137771
0.512656;-0.0137028
0.512656;-0.0202581
0.512656;-0.0325195
0.512656;-0.0103169
0.512656;-0.0102575
0.512656;-0.0204852
0.512656;-0.00966308
0.512656;-0.0175154
0.512656;-0.0135691
0.512656;-0.0104294
0.512656;-0.0102914
0.512656;-0.0207272
0.512656;-0.00672085
0.512656;-0.0238838
0.512656;-0.0141125
0.512656;-0.0170611
0.51281;0
0.512963;-0.0173116
0.512963;-0.0421804
0.512963;-0.00989234
0.512963;-0.0282441
0.512963;-0.00750629
0.512963;-0.020309
0.512963;-0.014104
0.512963;-0.0104613
0.512963;-0.017129
0.512963;-0.00685883
0.512963;-0.00743199
0.512963;-0.0374041
0.512963;-0.0134842
0.512963;-0.030645
0.512963;-0.00325004
0.512963;0
0.512963;-0.0301249
0.512963;-0.0133313
0.512963;-0.0134587
0.512963;-0.0104952
0.512963;-0.0202984
0.512963;-0.0102214
0.512963;-0.0231239
0.512963;-0.0271742
0.512963;-0.0133292
0.512963;-0.0161292
0.512963;0
0.512963;-0.0102999
0.512963;0
0.512963;-0.0288555
0.512963;-0.0356188
0.512963;-0.0130851
0.512963;-0.00666353
0.512963;-0.0202687
0.512963;-0.0298787
0.512963;0
0.512963;-0.00685883
0.512963;-0.0397116
0.512963;-0.0232321
0.512963;0
0.512963;-0.0233489
0.512963;-0.016299
0.512963;-0.023697
0.512963;-0.0342559
0.512963;-0.0131445
0.512963;-0.0140764
0.512963;-0.0141571
0.512963;-0.0064746
0.512963;-0.0171503
0.512963;-0.0176024
0.512963;-0.0139427
0.512963;-0.0101152
0.512963;-0.0179782
0.512963;0
0.512963;-0.0239114
0.512963;-0.0207527
0.512963;-0.00719636
0.512963;-0.02399
0.512963;-0.0176958
0.512963;-0.0277113
0.512963;0
0.512963;-0.00715603
0.512963;-0.0448849
0.512963;-0.00668476
0.512963;-0.0204406
0.51281;0
0.512196;-0.0246014
0.511889;-0.019012
0.511122;-0.00982653
0.510355;-0.0135627
0.508821;-0.022487
0.506981;-0.0265544
0.505753;-0.0171269
0.504986;-0.00993055
0.504219;-0.017318
0.502839;-0.0144288
0.502225;-0.0103424
0.500845;-0.0174368
0.499771;-0.0107967
0.498851;-0.0106014
0.49655;-0.0314602
0.494095;-0.0246672
0.494095;0
0.492561;-0.0276901
0.491487;-0.0175982
0.490567;-0.0141995
0.489493;-0.00724306
0.488726;-0.0170802
0.488113;-0.0069862
0.486272;-0.0307533
0.484891;-0.0138769
0.483357;-0.0303457
0.48259;-0.0102575
0.48167;-0.00661471
0.481056;-0.0176449
0.480289;-0.0155093
0.479676;-0.0164943
0.478602;-0.00990296
0.477528;-0.0139427
0.475534;-0.0265926
0.473386;-0.0269789
0.472466;-0.0129683
0.472006;-0.00318635
0.471392;-0.0109304
0.471392;0
0.470165;-0.0229732
0.469398;-0.0235633
0.468631;-0.0172139
0.467711;-0.0133334
0.46587;-0.0304986
0.465103;-0.0103763
0.464183;-0.0130872
0.463569;-0.00614344
0.462802;-0.0164688
0.462035;-0.0163117
0.461728;-0.00991994
0.460961;-0.030091
0.460808;-0.0104889
0.460348;-0.023523
0.459887;-0.0169083
0.459274;-0.0139469
0.458967;-0.00982229
0.458353;-0.0168531
0.4582;-0.00995178
0.45774;-0.0171566
0.457586;-0.013136
0.45728;-0.0268303
0.456973;-0.0139045
0.456819;-0.0098796
0.456666;-0.0171694
0.456666;-0.00994753
0.456513;-0.0100261
0.456359;-0.017129
0.456206;-0.0241662
0.456052;-0.0136816
0.455899;-0.030299
0.455746;-0.0136646
0.455592;-0.0105398
0.455592;-0.0170929
0.455592;-0.0131806
0.455592;-0.0101917
0.455592;-0.0104379
0.455592;-0.0170823
0.455592;-0.0100006
0.455592;-0.0273992
0.455592;0
0.455592;-0.0451609
0.455592;-0.0104209
0.455592;-0.0109346
0.455592;-0.0168255
0.455592;-0.00680152
0.455592;-0.0183093
0.455592;-0.0169911
0.455592;-0.0101428
0.455592;-0.0145158
0.455592;-0.0164285
0.455592;-0.0266435
0.455592;-0.0263251
0.455592;-0.0103933
0.455592;-0.0175876
0.455592;-0.0134714
0.455592;-0.0104103
0.455592;-0.0174262
0.455592;-0.0140191
0.455592;-0.0111448
0.455592;-0.0275882
0.455592;-0.0205616
0.455592;-0.0101152
0.455592;-0.0204873
0.455592;-0.010319
0.455592;-0.0174666
0.456052;-0.0238966
0.456666;-0.0354893
0.456819;-0.00352388
0.457126;-0.0204237
0.45728;-0.0178359
0.457433;0
0.45774;-0.024733
0.45774;-0.0108497
0.457893;-0.0141274
0.458047;-0.0313137
0.4582;-0.0103785
0.458353;-0.0142271
0.458507;-0.0109219
0.458507;-0.0175154
0.458507;-0.0106014
0.458507;-0.017526
0.45866;-0.0278641
0.45866;-0.0144267
0.45866;-0.0245738
0.45866;-0.0181183
0.45866;-0.00692888
0.45866;-0.0211072
0.45866;-0.0102299
0.45866;-0.0141104
0.45866;-0.00371918
0.45866;-0.0103785
0.45866;-0.017906
0.45866;-0.0202008
0.45866;-0.0271381
0.45866;-0.0103636
0.45866;-0.0172161
0.45866;-0.0176916
0.45866;-0.0103997
0.45866;-0.0139491
0.45866;-0.014121
0.45866;-0.0281889
0.45866;-0.0135457
0.45866;-0.0308467
0.45866;-0.0105632
0.458814;-0.0106396
0.458814;-0.0135033
0.458814;-0.0175663
0.458814;-0.0100707
0.458814;-0.030766
0.45912;-0.0103572
0.460041;-0.0271763
0.460961;-0.0132422
0.461575;-0.0100834
0.462188;-0.0100303
0.463109;-0.0199948
0.463569;-0.0099072
0.464643;-0.0263675
0.465103;-0.0163266
0.465563;-0.0226038
0.465717;-0.0167851
0.465717;-0.00948051
0.46587;-0.0101004
0.46587;-0.0162353
0.46587;-0.0100579
0.46587;-0.0140764
0.46587;-0.00998999
0.46587;-0.0166832
0.46587;-0.0280807
0.46587;-0.0173732
0.46587;-0.0272167
0.46587;-0.0103169
0.46587;-0.013913
0.46587;-0.0139682
0.46587;-0.00996664
0.46587;-0.0163563
0.46587;-0.0200097
0.46587;-0.0311227
0.46587;-0.0177171
0.46587;-0.0107457
0.46587;-0.0103339
0.46587;-0.0145753
0.46587;-0.0141783
0.46587;-0.0182329
0.46587;-0.0171609
0.46587;-0.0103721
0.46587;-0.0140976
0.466944;-0.0134523
0.47492;-0.0274056
0.487652;-0.023714
0.493788;-0.016108
0.501458;-0.0128961
0.511276;-0.00939348
0.516491;-0.00924488
0.524315;-0.0159615
0.533212;-0.0225762
0.538734;-0.0125628
0.538734;0
0.538734;-0.0243381
0.538734;0
0.544256;0
0.545637;-0.0540258
0.545177;-0.0028191
0.540575;-0.0129938
0.540575;-0.0104146
0.537047;-0.0193474
0.522934;-0.0308361
0.518025;-0.0175791
0.515111;-0.00983078
0.51327;0
0.51327;0
0.505293;-0.00724306
0.495936;-0.0562017
0.493175;-0.00688431
0.486425;-0.0395885
0.481977;-0.0104188
0.480596;-0.00727066
0.477528;-0.0201052
0.475381;-0.0200564
0.47354;-0.00318423
0.471085;-0.0173074
0.469705;-0.0103339
0.465563;-0.0299976
0.464489;-0.0137983
0.462649;-0.0268834
0.462342;-0.0136497
0.461728;-0.0132103
0.464183;-0.0133122
0.467711;-0.00984139
0.477375;-0.016161
0.493788;-0.0188973
0.5056;-0.0182456
0.520019;-0.0211857
0.521247;-0.0093213
0.52186;-0.0159339
0.52186;-0.0121531
0.52186;-0.0123994
0.52186;-0.00934041
0.524928;-0.0295603
0.531831;-0.012514
0.553767;-0.0193262
0.562664;-0.0159381
0.572328;-0.0125289
0.579231;-0.0129131
0.593497;-0.00917695
0.606076;-0.0151994
0.61574;-0.0149362
0.015033;-0.0211751
0.0375825;-0.0206678
0.0415709;-0.00889462
0.0415709;-0.0056276
0.045866;0
0.048167;-0.0327742
0.0492408;-0.0128749
0.0500078;-0.00859105
0.0552233;-0.0225719
0.0613592;-0.0192837
0.0875903;-0.0298214
0.0935728;-0.00984139
0.100322;-0.0098605
0.106305;-0.016558
0.109373;-0.0236121
0.109219;-0.00990296
0.10385;-0.0231048
0.100629;-0.0202899
0.098635;-0.0169359
0.0990952;-0.0140509
0.101396;-0.0135627
0.104311;-0.00721759
0.105384;-0.00325216
0.106151;-0.018182
0.104771;-0.0135309
0.100016;-0.0141953
0.0912719;0
0.0803806;-0.0140616
0.0693359;-0.0160294
0.0641204;-0.0031163
0.0592117;-0.00809431
0.0553767;-0.00433055
0.0526155;-0.00539409
0.0484738;-0.00602244
0.0457126;-0.00435603
0.0444854;-0.00573374
0.0389631;-0.0056191
0.0380427;-0.00285519
0.0374291;-0.00188294
0.0385029;0.00099348
0.0437185;0.00143078
0.048934;0.000793935
0.0587515;0.00278726
0.0763922;0.00787354
0.0883573;0.00554693
0.093266;0.00306323
0.093266;0.00673571
0.107685;0.0192646
0.117503;0.00550447
0.115969;0.00578681
0.11152;0.00497589
0.103697;0.00588446
0.0954136;0.00527521
0.0874369;0.00470629
0.078233;0.00417983
0.0734777;0.00278939
0.0610524;0.00648734
0.0599786;0.00278089
0.0526155;0.00133101
0.0518486;0.00132889
0.0469398;0.00128218
0.0437185;0.000509477
0.0420311;0.00026323
0.0406505;3.82108e-05
0.0369689;-1.06141e-05
0.0358952;-6.36846e-05
0.0337476;-0.000749355
0.0337476;-0.000433055
0.0337476;0
0.0337476;-7.64215e-05
0.0337476;0
0.033901;0
0.033901;-0.000369371
0.0352816;0
0.0366621;0
0.0369689;0
0.0371223;0
0.0371223;0
0.0375825;0
0.0375825;0
0.0378893;0
0.0378893;0
0.0378893;0
0.0386563;0
0.0392699;0
0.0395767;0
0.0395767;0
0.0398835;0
0.0401903;0
0.0401903;0
0.0401903;0
0.0401903;0
0.0409573;0
0.0409573;0
0.0414175;0
0.0414175;0
0.0415709;0
0.0417243;0
0.0418777;0
0.0421845;0
0.0423379;0
0.0426447;0
0.0427981;0