x;y
0;0
0;0
0;0
0;0
0;0
0;0
0;0
0;0
0;0
0;0
0;0
0;0
0;0
0;0
0;0
0;0
0;0
0;0
0;0
0;0
0;0
0;0
0;0
0;0
0;0
0;0
0;0
-2.12229e-06;3.5786e-14
-2.12229e-06;3.5786e-14
9.76256e-05;7.57231e-11
0.000636688;3.22074e-09
0.00108661;9.38108e-09
0.00251492;5.02516e-08
0.00355272;1.00282e-07
0.00518477;2.1358e-07
0.00687836;3.75899e-07
0.00857832;5.84663e-07
0.0158238;1.98941e-06
0.0216644;3.72902e-06
0.0273415;5.93946e-06
0.0323459;8.31266e-06
0.0363804;1.05156e-05
0.0439103;1.53191e-05
0.0485093;1.86961e-05
0.0502857;2.00905e-05
0.0622469;3.07849e-05
0.071447;4.05574e-05
0.0794587;5.01631e-05
0.0937545;6.9837e-05
0.111287;9.83985e-05
0.120504;0.000115373
0.129768;0.000133793
0.132287;0.000139038
0.155974;0.000193288
0.1657;0.000218146
0.18441;0.000270192
0.195932;0.00030501
0.205156;0.000334402
0.211909;0.00035678
0.218764;0.000380236
0.229345;0.00041791
0.237293;0.000447377
0.252892;0.000508128
0.265261;0.000559048
0.271835;0.000587105
0.279503;0.000620694
0.282733;0.000635123
0.290503;0.000670509
0.296509;0.000698527
0.30278;0.000728431
0.309055;0.000759061
0.313838;0.000782903
0.324113;0.000835618
0.33493;0.000893445
0.342759;0.000936864
0.350835;0.000983076
0.361479;0.0010463
0.367892;0.00108572
0.379636;0.00116063
0.386515;0.00120625
0.396356;0.00127391
0.417891;0.00143319
0.426057;0.00149788
0.452415;0.00172569
0.463509;0.00183073
0.472182;0.00191686
0.480489;0.00200281
0.498201;0.00219807
0.506695;0.00229765
0.521078;0.00247541
0.530172;0.00259385
0.541496;0.00274808
0.56487;0.00309085
0.590818;0.00351092
0.599573;0.0036622
0.611004;0.00386719
0.622085;0.00407405
0.630526;0.00423705
0.641982;0.00446595
0.652933;0.00469306
0.664325;0.00493808
0.687187;0.00545716
0.706773;0.00593128
0.706773;0.00593128
0.732577;0.00659784
0.740864;0.00682208
0.749577;0.0070632
0.749577;0.0070632
0.778719;0.00790955
0.787098;0.00816428
0.804669;0.00871503
0.822352;0.00929188
0.842961;0.00999285
0.855125;0.010421
0.870524;0.0109785
0.885638;0.0115424
0.894698;0.0118884
0.907413;0.012384
0.916717;0.0127541
0.926289;0.0131414
0.948824;0.0140794
0.964792;0.0147665
0.99391;0.0160671
1.00711;0.016677
1.01343;0.0169737
1.0327;0.0178958
1.04586;0.0185411
1.05573;0.0190331
1.08197;0.0203764
1.10941;0.0218341
1.12627;0.0227572
1.13982;0.0235141
1.15003;0.0240935
1.1604;0.0246897
1.18007;0.025842
1.18991;0.0264288
1.21331;0.0278531
1.22304;0.0284566
1.25298;0.0303588
1.26635;0.0312292
1.28321;0.0323455
1.28954;0.0327699
1.30951;0.0341282
1.32357;0.0351013
1.32693;0.0353368
1.34022;0.0362732
1.36063;0.0377376
1.39179;0.0400312
1.39521;0.0402875
1.42291;0.0423937
1.43978;0.0437037
1.45378;0.0448065
1.45754;0.0451052
1.48152;0.0470344
1.49847;0.048424
1.52281;0.0504558
1.54714;0.0525307
1.56417;0.0540082
1.57095;0.0546026
1.58855;0.056161
1.60288;0.0574475
1.61294;0.0583592
1.63056;0.0599732
1.64148;0.0609858
1.66271;0.0629772
1.68332;0.0649424
1.71459;0.067981
1.72512;0.0690197
1.73546;0.0700477
1.75628;0.072139
1.7666;0.0731867
1.78406;0.0749744
1.79536;0.0761426
1.80893;0.0775551
1.8369;0.0804992
1.85046;0.0819414
1.87374;0.0844381
1.89032;0.0862298
1.90066;0.0873527
1.91718;0.0891527
1.92711;0.090239
1.94048;0.0917033
1.95365;0.0931492
1.97988;0.0960321
1.99332;0.0975568
2.01209;0.0998431
2.01794;0.100593
2.02322;0.101284
2.04503;0.10429
2.05592;0.10588
2.06702;0.107561
2.07252;0.108416
2.08901;0.111072
2.09728;0.112454
2.11932;0.116299
2.12813;0.117902
2.15035;0.122113
2.1587;0.123756
2.17261;0.12657
2.18649;0.129473
2.1919;0.13063
2.20607;0.133726
2.22033;0.136942
2.2289;0.138923
2.24006;0.141555
2.25153;0.144328
2.26303;0.147171
2.28604;0.153057
2.29426;0.155224
2.30835;0.159018
2.31941;0.162066
2.325;0.16363
2.33067;0.165233
2.35272;0.171622
2.37227;0.177491
2.38402;0.181116
2.4042;0.187506
2.41827;0.192085
2.42668;0.19487
2.4404;0.199495
2.44876;0.202363
2.45981;0.206211
2.47372;0.211142
2.49607;0.219286
2.50461;0.222469
2.52984;0.232102
2.53891;0.235647
2.55261;0.241092
2.56087;0.244424
2.56948;0.247939
2.58116;0.252771
2.59241;0.257502
2.6073;0.263867
2.61552;0.267435
2.62998;0.273809
2.64958;0.282639
2.6611;0.287931
2.67266;0.293322
2.68353;0.298461
2.68932;0.301228
2.70611;0.309364
2.71778;0.315118
2.73414;0.323325
2.75129;0.332107
2.7619;0.337634
2.77038;0.342101
2.77884;0.346602
2.79268;0.354062
2.80391;0.360208
2.81212;0.364754
2.82838;0.373891
2.83957;0.380276
2.84227;0.381828
2.85012;0.386374
2.86094;0.392707
2.8876;0.408653
2.89521;0.4133
2.90098;0.416847
2.91992;0.428659
2.93076;0.435532
2.93858;0.440548
2.9409;0.442041
2.95135;0.448829
2.95135;0.448829
2.98992;0.474586
2.98992;0.474586
3.01031;0.488661
3.01573;0.49246
3.03077;0.503115
3.04388;0.51255
3.05139;0.518019
3.0688;0.53087
3.08128;0.540242
3.09891;0.553698
3.10873;0.561311
3.11369;0.565189
3.12841;0.576821
3.14048;0.586499
3.14773;0.592374
3.15529;0.59856
3.16449;0.606148
3.17875;0.618067
3.18583;0.624058
3.19539;0.632228
3.20444;0.640034
3.22305;0.656345
3.23257;0.664819
3.23966;0.67119
3.25118;0.681647
3.26045;0.690161
3.27912;0.707575
3.28806;0.716042
3.30369;0.731058
3.31483;0.74192
3.32362;0.750596
3.32997;0.756909
3.33626;0.763219
3.34468;0.771724
3.35324;0.780462
3.36404;0.791602
3.37078;0.798627
3.38773;0.816534
3.39566;0.82504
3.4039;0.833953
3.40991;0.840517
3.42015;0.851794
3.42804;0.860579
3.43215;0.865189
3.44218;0.87653
3.45001;0.885474
3.4683;0.90669
3.4725;0.911631
3.48828;0.930417
3.4985;0.94277
3.50881;0.95538
3.51486;0.962857
3.52322;0.97329
3.53918;0.993488
3.54722;1.00381
3.55947;1.01975
3.57123;1.03527
3.57509;1.04043
3.58669;1.05603
3.59468;1.06693
3.60036;1.07474
3.60392;1.07967
3.61332;1.0928
3.62486;1.10912
3.63419;1.1225
3.65269;1.14955
3.66012;1.16062
3.66563;1.16889
3.67492;1.18299
3.6799;1.19062
3.68716;1.20185
3.69567;1.21516
3.70296;1.2267
3.70775;1.23435
3.71457;1.24533
3.72826;1.26773
3.74015;1.28757
3.74539;1.29643
3.75342;1.31015
3.76146;1.32408
3.76625;1.33247
3.77269;1.34383
3.77883;1.35479
3.78355;1.36331
3.79122;1.37726
3.80215;1.3975
3.80834;1.40914
3.81726;1.42612
3.82009;1.43157
3.8277;1.44639
3.83209;1.45502
3.83802;1.4668
3.84223;1.47526
3.85669;1.50481
3.86077;1.51333
3.87196;1.53701
3.87726;1.54845
3.88394;1.56302
3.88674;1.5692
3.89336;1.58399
3.89726;1.59279
3.90372;1.60757
3.91401;1.63158
3.92287;1.65273
3.92911;1.66794
3.9317;1.67432
3.93789;1.68977
3.9416;1.69915
3.94648;1.71166
3.95241;1.72706
3.95702;1.73923
3.96052;1.7486
3.97068;1.77634
3.97407;1.78579
3.97839;1.798
3.98267;1.81027
3.98808;1.82605
3.9915;1.83618
3.99889;1.85848
4.00396;1.87416
4.0098;1.89257
4.01381;1.90549
4.01855;1.92106
4.02316;1.93647
4.0269;1.94921
4.0269;1.94921
4.03323;1.97129
4.04034;1.99689
4.04204;2.00316
4.04961;2.0317
4.05384;2.04819
4.05621;2.05762
4.06026;2.07398
4.06328;2.08649
4.06569;2.09662
4.06934;2.11231
4.07154;2.12195
4.07437;2.13456
4.07993;2.16013
4.08261;2.17283
4.08723;2.19549
4.09217;2.22075
4.09465;2.23388
4.09699;2.24659
4.09933;2.25959
4.1021;2.27547
4.10266;2.27875
4.10649;2.3017
4.10804;2.31134
4.10857;2.3147
4.11348;2.34687
4.11572;2.36247
4.11753;2.37543
4.11922;2.38796
4.12051;2.39787
4.12174;2.40751
4.12531;2.43707
4.12689;2.451
4.1293;2.47351
4.13061;2.48643
4.13245;2.50575
4.13332;2.51529
4.13417;2.525
4.1352;2.53744
4.13595;2.54673
4.1367;2.55654
4.13828;2.57876
4.13986;2.60373
4.14025;2.61047
4.1411;2.62622
4.14172;2.63891
4.14229;2.65151
4.14269;2.66132
4.1433;2.6778
4.14372;2.69113
4.14432;2.71458
4.14456;2.72714
4.14477;2.74057
4.14497;2.76341
4.14501;2.77981
4.14499;2.78955
4.14488;2.80603
4.14474;2.81876
4.14459;2.82839
4.14448;2.83502
4.1442;2.84801
4.14314;2.88415
4.14224;2.90699
4.14147;2.9237
4.14096;2.93377
4.14043;2.9435
4.1395;2.95957
4.13892;2.96876
4.13715;2.99466
4.13617;3.00767
4.13409;3.03317
4.13258;3.05013
4.13166;3.06005
4.13;3.077
4.12904;3.08632
4.12733;3.10238
4.127;3.10533
4.12481;3.12461
4.1218;3.14936
4.12018;3.16202
4.1172;3.1843
4.11498;3.20009
4.11362;3.20945
4.11224;3.21874
4.10988;3.23426
4.10736;3.25023
4.1058;3.25982
4.10138;3.28603
4.09853;3.30219
4.09735;3.30873
4.09501;3.32152
4.09195;3.33772
4.09001;3.34774
4.08869;3.3545
4.08209;3.38696
4.0807;3.39357
4.075;3.41994
4.07137;3.43613
4.06763;3.45241
4.0646;3.46531
4.06146;3.47838
4.06146;3.47838
4.05415;3.5079
4.05156;3.51806
4.04112;3.55757
4.0384;3.56752
4.03653;3.57425
4.0339;3.58368
4.0272;3.60712
4.02451;3.61632
4.02263;3.6227
4.01562;3.64603
4.01035;3.6631
4.00712;3.67339
4.00293;3.68656
3.99876;3.69946
3.99466;3.71194
3.98809;3.73156
3.98809;3.73156
3.98031;3.75426
3.97139;3.77955
3.96554;3.79577
3.95725;3.81823
3.95725;3.81823
3.95612;3.82127
3.94265;3.85652
3.94265;3.85652
3.93248;3.88229
3.92469;3.90158
3.91685;3.92061
3.91685;3.92061
3.90366;3.95179
3.90084;3.95833
3.89153;3.97963
3.88872;3.98598
3.87892;4.00778
3.87612;4.01393
3.87612;4.01393
3.87612;4.01393
3.85468;4.0598
3.85052;4.06848
3.83887;4.09238
3.83282;4.10459
3.82393;4.12227
3.82393;4.12227
3.82393;4.12227
3.81218;4.14521
3.81218;4.14521
3.81218;4.14521
3.81218;4.14521
3.79594;4.17611
3.77467;4.21532
3.77467;4.21532
3.77467;4.21532
3.75411;4.25195
3.751;4.25737
3.74317;4.27094
3.73663;4.28215
3.72867;4.29564
3.7207;4.30899
3.71594;4.31689
3.69881;4.34484
3.69203;4.35573
3.69203;4.35573
3.67804;4.37786
3.66747;4.39429
3.66058;4.40488
3.65343;4.41577
3.63696;4.44045
3.63148;4.44855
3.63148;4.44855
3.63148;4.44855
3.63148;4.44855
3.63148;4.44855
3.65985;4.406
3.65985;4.406
3.64549;4.42773
3.64201;4.43294
3.64201;4.43294
3.64201;4.43294
3.63671;4.44083
3.63671;4.44083
3.63671;4.44083
3.63671;4.44083
3.63671;4.44083
3.63671;4.44083
3.64336;4.43092
3.64336;4.43092
3.63098;4.44929
3.63098;4.44929
3.60347;4.48906
3.58653;4.51288
3.57704;4.52601
3.56891;4.53714
3.5628;4.54543
3.55708;4.55315
3.55133;4.56085
3.54164;4.5737
3.53397;4.58378
3.5263;4.59376
3.51642;4.6065
3.5024;4.62433
3.49864;4.62906
3.48822;4.64209
3.47622;4.6569
3.46779;4.66718
3.46335;4.67257
3.45071;4.68775
3.44191;4.6982
3.43532;4.70596
3.42874;4.71365
3.42874;4.71365
3.39266;4.75493
3.38378;4.76486
3.38378;4.76486
3.3633;4.78743
3.3561;4.79525
3.34476;4.80745
3.33561;4.81721
3.32671;4.8266
3.31984;4.8338
3.31049;4.84352
3.29836;4.856
3.2869;4.86766
3.28222;4.87239
3.26584;4.88876
3.25161;4.90278
3.24193;4.91221
3.22767;4.92594
3.21598;4.93706
3.20137;4.95078
3.19208;4.95941
3.18722;4.9639
3.17022;4.97942
3.16283;4.98608
3.14733;4.99992
3.1378;5.00833
3.13519;5.01062
3.12319;5.02107
3.11109;5.03149
3.10128;5.03985
3.08676;5.05209
3.07198;5.06437
3.06214;5.07245
3.05456;5.07863
3.04183;5.08891
3.03432;5.09491
3.02894;5.09919
3.01879;5.1072
2.99533;5.12543
2.98218;5.13548
2.96102;5.15138
2.9556;5.1554
2.94769;5.16124
2.93978;5.16704
2.91326;5.18616
2.89975;5.19573
2.88339;5.20715
2.88339;5.20715
2.85655;5.22552
2.84581;5.23274
2.83202;5.24191
2.82906;5.24386
2.82379;5.24732
2.8014;5.26185
2.79301;5.26721
2.76747;5.28328
2.76164;5.2869
2.75053;5.29373
2.75053;5.29373
2.72236;5.31072
2.70568;5.32057
2.69741;5.32539
2.68315;5.33361
2.65715;5.34831
2.65715;5.34831
2.63995;5.35781
2.61186;5.37298
2.60338;5.37747
2.59529;5.38172
2.5811;5.38908
2.57013;5.3947
2.55609;5.40178
2.54739;5.40612
2.54739;5.40612
2.51684;5.42101
2.4918;5.43281
2.48049;5.43803
2.47223;5.4418
2.46357;5.4457
2.44994;5.45176
2.44173;5.45536
2.42762;5.46144
2.40867;5.46943
2.3872;5.47822
2.3795;5.4813
2.37421;5.4834
2.36101;5.48855
2.36101;5.48855
2.34823;5.49344
2.33503;5.49839
2.30882;5.50809
2.28575;5.51664
2.26913;5.52279
2.24228;5.53272
2.23218;5.53646
2.21489;5.54284
2.20464;5.54663
2.19133;5.55154
2.17422;5.55784
2.16746;5.56034
2.16746;5.56034
2.12329;5.57657
2.10577;5.583
2.08111;5.59202
2.07039;5.59594
2.06362;5.59841
2.04607;5.60481
2.03256;5.60973
2.01583;5.61582
1.99201;5.62446
1.99201;5.62446
1.95165;5.63907
1.93451;5.64526
1.92763;5.64774
1.90761;5.65495
1.89367;5.65996
1.88377;5.66351
1.87333;5.66726
1.85967;5.67215
1.84575;5.67714
1.81066;5.68966
1.80029;5.69336
1.77606;5.70198
1.76245;5.70681
1.74132;5.7143
1.73121;5.71788
1.72083;5.72155
1.71382;5.72403
1.70662;5.72657
1.68612;5.7338
1.65162;5.74594
1.64465;5.74838
1.60918;5.76081
1.59156;5.76697
1.58074;5.77074
1.56669;5.77564
1.55988;5.77801
1.542;5.78423
1.53129;5.78795
1.51044;5.79518
1.4996;5.79893
1.49275;5.8013
1.47816;5.80634
1.44201;5.81879
1.43095;5.82259
1.41309;5.82872
1.40231;5.83241
1.39475;5.835
1.37371;5.84219
1.34917;5.85054
1.33512;5.85532
1.30313;5.86616
1.29644;5.86842
1.27871;5.8744
1.26449;5.87919
1.25074;5.88381
1.23654;5.88858
1.22178;5.89352
1.20817;5.89806
1.19754;5.90161
1.18277;5.90652
1.16216;5.91337
1.1375;5.92153
1.1233;5.92621
1.11639;5.92848
1.09503;5.9355
1.08461;5.93891
1.06692;5.94469
1.05664;5.94804
1.02494;5.95834
1.02183;5.95934
1.00427;5.96501
0.990138;5.96956
0.990138;5.96956
0.954721;5.98091
0.943899;5.98437
0.929904;5.98882
0.918968;5.99229
0.870122;6.00769
0.863502;6.00976
0.849136;6.01425
0.839032;6.0174
0.825383;6.02164
0.803889;6.0283
0.800464;6.02936
0.764841;6.04031
0.733363;6.04991
0.722737;6.05314
0.708816;6.05736
0.698746;6.0604
0.688104;6.0636
0.667489;6.06979
0.657073;6.0729
0.612231;6.08623
0.604825;6.08842
0.58726;6.09359
0.569968;6.09866
0.559206;6.1018
0.548856;6.10482
0.541578;6.10694
0.541578;6.10694
0.506326;6.11714
0.495181;6.12035
0.488259;6.12234
0.481174;6.12437
0.441676;6.13564
0.441676;6.13564
0.406235;6.14565
0.399392;6.14758
0.381323;6.15264
0.366845;6.15669
0.352895;6.16057
0.323471;6.16871
0.309135;6.17266
0.28768;6.17854
0.28768;6.17854
0.262287;6.18545
0.241018;6.19121
0.230381;6.19408
0.212247;6.19896
0.19819;6.20272
0.184322;6.20642
0.177372;6.20827
0.163156;6.21204
0.137437;6.21883
0.119015;6.22367
0.100882;6.22841
0.100882;6.22841
0.0689;6.23671
0.0509344;6.24134
0.0439757;6.24313
0.0224351;6.24865
0.00478602;6.25314
-0.0265011;6.26106
-0.0407381;6.26464
-0.0476537;6.26638
-0.0476537;6.26638
-0.0476537;6.26638
-0.0476537;6.26638
-0.0899513;6.27692
-0.0899513;6.27692
-0.0899513;6.27692
-0.153331;6.2925
-0.177305;6.29832
-0.177305;6.29832
-0.177305;6.29832
-0.177305;6.29832
-0.240363;6.31344
-0.240363;6.31344
-0.240363;6.31344
-0.27515;6.32168
-0.303241;6.32827
-0.303241;6.32827
-0.303241;6.32827
-0.338191;6.33639
-0.338191;6.33639
-0.338191;6.33639
-0.390855;6.34848
-0.390855;6.34848
-0.390855;6.34848
-0.44271;6.36021
-0.44271;6.36021
-0.44271;6.36021
-0.44271;6.36021
-0.499911;6.37294
-0.527651;6.37903
-0.5348;6.3806
-0.559071;6.38588
-0.559071;6.38588
-0.582799;6.391
-0.582799;6.391
-0.626834;6.40042
-0.626834;6.40042
-0.664281;6.40832
-0.671329;6.4098
-0.671329;6.4098
-0.709219;6.41769
-0.709219;6.41769
-0.709219;6.41769
-0.709219;6.41769
-0.754684;6.42703
-0.754684;6.42703
-0.754684;6.42703
-0.754684;6.42703
-0.699758;6.41573
-0.699758;6.41573
-0.735148;6.42303
-0.755594;6.42722
-0.766595;6.42946
-0.794662;6.43513
-0.794662;6.43513
-0.829877;6.44219
-0.837237;6.44365
-0.847888;6.44576
-0.87631;6.45136
-0.883033;6.45268
-0.89029;6.4541
-0.926344;6.46109
-0.933594;6.46249
-0.954967;6.46659
-0.961837;6.4679
-0.961837;6.4679
-0.961837;6.4679
-1.00405;6.47589
-1.02925;6.4806
-1.02925;6.4806
-1.05427;6.48524
-1.07223;6.48854
-1.11188;6.49577
-1.12545;6.49822
-1.13991;6.50082
-1.15026;6.50267
-1.15026;6.50267
-1.17443;6.50696
-1.1888;6.5095
-1.20285;6.51196
-1.21009;6.51323
-1.24532;6.51934
-1.25281;6.52063
-1.27085;6.52372
-1.29249;6.5274
-1.30349;6.52926
-1.31763;6.53164
-1.35379;6.53766
-1.3685;6.54009
-1.38977;6.54357
-1.40782;6.5465
-1.42198;6.54879
-1.43269;6.55051
-1.44683;6.55277
-1.45387;6.55389
-1.46074;6.55498
-1.49267;6.56
-1.50341;6.56167
-1.5314;6.56599
-1.5314;6.56599
-1.55605;6.56975
-1.57384;6.57244
-1.5879;6.57455
-1.59905;6.57621
-1.60945;6.57775
-1.64466;6.5829
-1.6724;6.5869
-1.67914;6.58786
-1.67914;6.58786
-1.68637;6.58889
-1.68637;6.58889
-1.72914;6.59489
-1.74332;6.59685
-1.76434;6.59972
-1.77841;6.60163
-1.79556;6.60393
-1.82015;6.60718
-1.83749;6.60945
-1.84464;6.61038
-1.86194;6.61261
-1.87903;6.61478
-1.88955;6.61611
-1.91751;6.61958
-1.93471;6.62168
-1.95578;6.62422
-1.97012;6.62592
-1.98731;6.62794
-1.99761;6.62913
-2.01526;6.63115
-2.02623;6.63239
-2.03281;6.63313
-2.0505;6.63509
-2.0677;6.63697
-2.07832;6.63812
-2.0922;6.63959
-2.12741;6.64325
-2.13441;6.64396
-2.1482;6.64534
-2.15882;6.6464
-2.18003;6.64846
-2.18725;6.64915
-2.2083;6.65114
-2.21872;6.6521
-2.24751;6.6547
-2.26214;6.65598
-2.29009;6.65836
-2.30355;6.65948
-2.31753;6.66062
-2.33138;6.66172
-2.34522;6.6628
-2.35531;6.66357
-2.36947;6.66464
-2.37627;6.66514
-2.39454;6.66646
-2.40164;6.66697
-2.441;6.66966
-2.45136;6.67033
-2.46817;6.67141
-2.48549;6.67248
-2.49619;6.67312
-2.50637;6.67372
-2.52024;6.67452
-2.54437;6.67585
-2.56535;6.67696
-2.59315;6.67835
-2.6005;6.6787
-2.61836;6.67953
-2.63218;6.68014
-2.64625;6.68074
-2.65392;6.68106
-2.6753;6.68192
-2.68212;6.68218
-2.71865;6.68348
-2.72937;6.68384
-2.75103;6.68451
-2.77309;6.68514
-2.79129;6.68562
-2.80272;6.6859
-2.82039;6.6863
-2.83124;6.68653
-2.84213;6.68675
-2.84952;6.68689
-2.88239;6.68743
-2.90023;6.68767
-2.92995;6.68799
-2.94438;6.68811
-2.96258;6.68823
-2.97323;6.68828
-2.98492;6.68832
-3.00238;6.68835
-3.02058;6.68834
-3.03131;6.68832
-3.04617;6.68826
-3.05731;6.68821
-3.08764;6.68798
-3.09891;6.68787
-3.13132;6.68747
-3.14239;6.6873
-3.15619;6.68707
-3.17375;6.68675
-3.18771;6.68647
-3.19851;6.68624
-3.21249;6.68592
-3.22305;6.68566
-3.25468;6.68481
-3.28264;6.68397
-3.29648;6.68351
-3.31461;6.68289
-3.32839;6.68238
-3.34294;6.68183
-3.35345;6.68141
-3.37849;6.68037
-3.40759;6.67907
-3.42538;6.67822
-3.43644;6.67768
-3.44713;6.67714
-3.46587;6.67616
-3.48364;6.6752
-3.49472;6.67458
-3.51328;6.67351
-3.52407;6.67287
-3.54254;6.67174
-3.55355;6.67104
-3.56491;6.67032
-3.5981;6.6681
-3.61239;6.6671
-3.62698;6.66606
-3.65591;6.66393
-3.66686;6.66309
-3.69548;6.66084
-3.70952;6.6597
-3.70952;6.6597
-3.73851;6.65728
-3.75404;6.65594
-3.76847;6.65466
-3.77929;6.65369
-3.79027;6.6527
-3.81529;6.65036
-3.82938;6.64902
-3.86126;6.64588
-3.87908;6.64407
-3.89017;6.64293
-3.90803;6.64105
-3.91891;6.63989
-3.94383;6.63717
-3.96628;6.63465
-3.9956;6.63127
-4.0068;6.62994
-4.01861;6.62853
-4.0408;6.62583
-4.05196;6.62445
-4.06318;6.62305
-4.0819;6.62067
-4.10799;6.61727
-4.1264;6.61482
-4.15565;6.61084
-4.17065;6.60876
-4.18141;6.60725
-4.18141;6.60725
-4.21082;6.60303
-4.21825;6.60195
-4.24133;6.59854
-4.25626;6.5963
-4.28214;6.59234
-4.29359;6.59056
-4.32014;6.58636
-4.33114;6.58459
-4.35011;6.58151
-4.37595;6.57723
-4.37595;6.57723
-4.37595;6.57723
-4.39494;6.57402
-4.44838;6.56475
-4.46391;6.56198
-4.49368;6.55658
-4.50881;6.55379
-4.51995;6.55172
-4.53474;6.54894
-4.54604;6.5468
-4.56533;6.5431
-4.57631;6.54097
-4.5955;6.5372
-4.60296;6.53573
-4.60296;6.53573
-4.65597;6.52501
-4.66383;6.52339
-4.67902;6.52023
-4.69353;6.51718
-4.69353;6.51718
-4.70143;6.51551
-4.73835;6.50758
-4.75742;6.50341
-4.78753;6.49672
-4.8019;6.49348
-4.8313;6.48676
-4.83871;6.48505
-4.86003;6.48008
-4.87471;6.47662
-4.88921;6.47317
-4.89292;6.47228
-4.91446;6.46709
-4.92869;6.46363
-4.9464;6.45927
-4.97427;6.45233
-4.98446;6.44977
-5.01257;6.44261
-5.0263;6.43907
-5.04019;6.43547
-5.04656;6.4338
-5.06108;6.42999
-5.0824;6.42433
-5.09342;6.42138
-5.10964;6.41701
-5.12314;6.41333
-5.13642;6.40969
-5.15261;6.40523
-5.16317;6.40229
-5.18583;6.39593
-5.19876;6.39227
-5.2118;6.38855
-5.21835;6.38667
-5.23519;6.38181
-5.26524;6.37304
-5.2755;6.37001
-5.29246;6.36497
-5.30949;6.35987
-5.33012;6.35363
-5.3371;6.35151
-5.35489;6.34605
-5.372;6.34076
-5.38232;6.33755
-5.41261;6.32802
-5.42967;6.32259
-5.44985;6.31611
-5.44985;6.31611
-5.47348;6.30844
-5.48674;6.30409
-5.50029;6.29963
-5.5133;6.29531
-5.52703;6.29072
-5.54076;6.28611
-5.55724;6.28052
-5.58103;6.27239
-5.59763;6.26665
-5.59763;6.26665
-5.59763;6.26665
-5.61452;6.26077
-5.6572;6.24571
-5.6572;6.24571
-5.66682;6.24227
-5.70301;6.22919
-5.72651;6.22058
-5.74276;6.21457
-5.76168;6.20752
-5.77105;6.204
-5.78677;6.19807
-5.80254;6.19208
-5.80254;6.19208
-5.81773;6.18627
-5.8331;6.18034
-5.85782;6.17073
-5.87644;6.16342
-5.89504;6.15606
-5.90733;6.15116
-5.91682;6.14736
-5.91682;6.14736
-5.91682;6.14736
-5.92875;6.14256
-5.92875;6.14256
-5.92875;6.14256
-5.87416;6.16432
-5.90229;6.15317
-5.91785;6.14695
-5.92404;6.14446
-5.94284;6.13685
-5.95214;6.13307
-5.96491;6.12785
-5.97703;6.12287
-5.98664;6.1189
-5.99871;6.1139
-6.027;6.10206
-6.03641;6.09809
-6.0491;6.09271
-6.0591;6.08845
-6.06885;6.08429
-6.09733;6.07201
-6.11287;6.06524
-6.11581;6.06396
-6.11581;6.06396
-6.14976;6.04901
-6.17711;6.03682
-6.18334;6.03402
-6.19878;6.02706
-6.21168;6.0212
-6.2338;6.01109
-6.24926;6.00398
-6.27017;5.99428
-6.28212;5.98869
-6.29447;5.9829
-6.30015;5.98022
-6.31836;5.97161
-6.32731;5.96735
-6.33642;5.96299
-6.36729;5.94813
-6.37943;5.94223
-6.40127;5.93156
-6.41438;5.9251
-6.41438;5.9251
-6.43333;5.91571
-6.453;5.90589
-6.46303;5.90085
-6.47223;5.89622
-6.4984;5.88293
-6.51453;5.87467
-6.54331;5.85981
-6.5525;5.85504
-6.56212;5.85001
-6.58072;5.84025
-6.58988;5.83542
-6.60538;5.82719
-6.61463;5.82227
-6.62999;5.81404
-6.63946;5.80895
-6.66401;5.79566
-6.67634;5.78893
-6.69812;5.77698
-6.70129;5.77523
-6.72271;5.76336
-6.73478;5.75663
-6.73778;5.75496
-6.75853;5.7433
-6.76743;5.73827
-6.78581;5.72784
-6.79504;5.72257
-6.80755;5.7154
-6.83213;5.70122
-6.84383;5.69442
-6.85266;5.68927
-6.85874;5.68571
-6.87608;5.67553
-6.87608;5.67553
-6.89944;5.66169
-6.92264;5.64784
-6.93465;5.64062
-6.95484;5.62841
-6.96661;5.62125
-6.97805;5.61427
-6.99023;5.60679
-6.99884;5.60149
-7.01364;5.59233
-7.02573;5.58481
-7.0342;5.57952
-7.04884;5.57035
-7.05796;5.56461
-7.07522;5.55369
-7.09559;5.54071
-7.10446;5.53503
-7.11284;5.52965
-7.1301;5.5185
-7.13918;5.51261
-7.15056;5.5052
-7.17559;5.48879
-7.18392;5.4833
-7.20654;5.46829
-7.21757;5.46093
-7.2288;5.45341
-7.23415;5.44981
-7.24828;5.44028
-7.25706;5.43433
-7.27012;5.42545
-7.28097;5.41803
-7.28674;5.41408
-7.31356;5.39559
-7.32699;5.38626
-7.3374;5.379
-7.35379;5.36751
-7.36506;5.35957
-7.37898;5.34972
-7.38725;5.34384
-7.40326;5.33241
-7.40877;5.32846
-7.42996;5.3132
-7.43775;5.30756
-7.46197;5.28992
-7.47289;5.28192
-7.48104;5.27592
-7.49178;5.268
-7.50517;5.25807
-7.51642;5.24969
-7.52766;5.24128
-7.53612;5.23494
-7.54422;5.22884
-7.5614;5.21584
-7.56975;5.2095
-7.59269;5.19197
-7.60413;5.18316
-7.60413;5.18316
-7.6302;5.16296
-7.63869;5.15634
-7.6506;5.14701
-7.66721;5.13394
-7.68157;5.12256
-7.70177;5.10646
-7.71848;5.09303
-7.72785;5.08547
-7.73263;5.0816
-7.75258;5.06537
-7.75799;5.06095
-7.77003;5.05107
-7.77243;5.0491
-7.80649;5.02088
-7.81468;5.01404
-7.83965;4.99305
-7.84799;4.98599
-7.86225;4.97387
-7.87027;4.96702
-7.87311;4.96459
-7.88418;4.95509
-7.90129;4.94033
-7.91519;4.92826
-7.92333;4.92116
-7.94245;4.9044
-7.96839;4.88146
-7.97354;4.87688
-7.9867;4.86512
-7.99983;4.85333
-8.00783;4.84611
-8.01578;4.83893
-8.03645;4.82012
-8.05722;4.80105
-8.07062;4.78868
-8.07591;4.78377
-8.08902;4.77156
-8.10203;4.75939
-8.11004;4.75187
-8.11784;4.74451
-8.13103;4.73203
-8.1392;4.72426
-8.16008;4.70431
-8.17283;4.69204
-8.17807;4.68698
-8.1808;4.68435
-8.20366;4.66215
-8.21422;4.65184
-8.22197;4.64424
-8.23485;4.63157
-8.25501;4.61162
-8.26545;4.60123
-8.2864;4.58027
-8.29402;4.57261
-8.30171;4.56485
-8.3147;4.55171
-8.32508;4.54117
-8.33262;4.53349
-8.34545;4.52037
-8.36329;4.50204
-8.38409;4.48057
-8.40128;4.46273
-8.41353;4.44998
-8.42095;4.44224
-8.43282;4.42984
-8.4399;4.42243
-8.4399;4.42243
-8.45625;4.40528
-8.47447;4.3861
-8.48397;4.3761
-8.49784;4.36144
-8.507;4.35176
-8.51376;4.3446
-8.52332;4.33448
-8.52987;4.32752
-8.53906;4.31777
-8.54834;4.3079
-8.56707;4.28797
-8.57394;4.28065
-8.59473;4.25849
-8.60427;4.2483
-8.61315;4.23882
-8.62249;4.22878
-8.62441;4.2267
-8.62441;4.2267
-8.63903;4.21065
-8.65401;4.19384
-8.6654;4.18082
-8.67842;4.16569
-8.68382;4.15933
-8.68382;4.15933
-8.70287;4.13654
-8.71023;4.12759
-8.71602;4.12049
-8.71944;4.11626
-8.73572;4.09594
-8.74258;4.08725
-8.7509;4.07662
-8.75606;4.06996
-8.76425;4.05933
-8.77181;4.04943
-8.7809;4.03739
-8.78961;4.02575
-8.79553;4.01776
-8.79553;4.01776
-8.8056;4.00405
-8.81083;3.99685
-8.81726;3.98796
-8.82219;3.98109
-8.82707;3.97425
-8.8383;3.95835
-8.84462;3.94931
-8.84677;3.94623
-8.85334;3.93673
-8.85334;3.93673
-8.85877;3.92882
-8.86768;3.91573
-8.86976;3.91266
-8.87504;3.90481
-8.87728;3.90146
-8.88672;3.88725
-8.89516;3.87442
-8.89924;3.86815
-8.90346;3.86164
-8.90546;3.85854
-8.90546;3.85854
-8.91493;3.84376
-8.92018;3.83548
-8.9234;3.83038
-8.92898;3.82146
-8.93321;3.81467
-8.94443;3.79647
-8.94781;3.79091
-8.9514;3.785
-8.95599;3.77739
-8.95955;3.77146
-8.96804;3.75718
-8.97912;3.73827
-8.98284;3.73184
-8.98814;3.72264
-8.99597;3.70889
-8.99844;3.70453
-9.00517;3.69255
-9.00777;3.68787
-9.01701;3.67113
-9.02485;3.65673
-9.03133;3.64468
-9.042;3.62457
-9.04453;3.61975
-9.05095;3.60742
-9.05614;3.59735
-9.05614;3.59735
-9.06135;3.58714
-9.07286;3.56426
-9.07657;3.55678
-9.0816;3.54655
-9.08552;3.53851
-9.0969;3.51483
-9.10184;3.50439
-9.10699;3.4934
-9.11088;3.48503
-9.11356;3.47921
-9.12307;3.45831
-9.12789;3.44757
-9.13284;3.43641
-9.13897;3.42243
-9.14634;3.40537
-9.1559;3.38277
-9.15699;3.38018
-9.16066;3.37135
-9.16874;3.35163
-9.17439;3.33762
-9.18012;3.32318
-9.18235;3.31752
-9.18656;3.30669
-9.19202;3.29252
-9.19629;3.28126
-9.20454;3.25915
-9.21045;3.24297
-9.21543;3.22912
-9.21925;3.21832
-9.22217;3.21
-9.22695;3.19621
-9.22977;3.18798
-9.23342;3.17719
-9.23812;3.16311
-9.24177;3.15201
-9.24278;3.14893
-9.25344;3.11553
-9.25692;3.10434
-9.25879;3.09825
-9.25879;3.09825
-9.26914;3.06369
-9.27158;3.05531
-9.27504;3.04325
-9.27504;3.04325
-9.28501;3.00739
-9.28744;2.99837
-9.29353;2.97519
-9.29576;2.96654
-9.29718;2.96092
-9.30216;2.94094
-9.30564;2.92657
-9.30843;2.91482
-9.31108;2.90343
-9.31315;2.89437
-9.31665;2.87873
-9.32107;2.85835
-9.32357;2.84645
-9.32414;2.84371
-9.32654;2.83198
-9.33057;2.81165
-9.33227;2.80277
-9.33546;2.78574
-9.33706;2.77691
-9.33866;2.76794
-9.34114;2.75362
-9.34211;2.74792
-9.34594;2.72443
-9.34858;2.70736
-9.34985;2.69877
-9.35152;2.68725
-9.35307;2.67615
-9.35464;2.66446
-9.35608;2.65331
-9.35745;2.64228
-9.35973;2.6228
-9.361;2.61127
-9.36247;2.59712
-9.36318;2.58982
-9.3635;2.58651
-9.36422;2.57889
-9.36469;2.57363
-9.36501;2.56999
-9.36547;2.56469
-9.3657;2.56195
-9.36604;2.55775
-9.36642;2.55294
-9.3666;2.55068
-9.36676;2.54865
-9.36691;2.54659
-9.36705;2.54481
-9.36707;2.54453
-9.36716;2.54325
-9.36727;2.54186
-9.3673;2.54144
-9.36731;2.54125
-9.36731;2.54131
-9.36713;2.54367
-9.3669;2.54677
-9.36676;2.54856
-9.36645;2.55261
-9.36613;2.5567
-9.36582;2.56047
-9.36551;2.56424
-9.36417;2.57941
-9.3627;2.59484
-9.36205;2.60132
-9.36135;2.60809
-9.35986;2.6218
-9.35931;2.62664
-9.35755;2.64169
-9.35665;2.64905
-9.35567;2.65679
-9.35401;2.66958
-9.35257;2.68016
-9.35109;2.69074
-9.34794;2.71221
-9.34679;2.71971
-9.34478;2.73245
-9.34355;2.74008
-9.34155;2.75214
-9.33828;2.77115
-9.33703;2.7782
-9.33366;2.79668
-9.33132;2.80906
-9.32934;2.8193
-9.32779;2.82718
-9.32679;2.83218
-9.32399;2.84591
-9.32101;2.86019
-9.31733;2.87725
-9.31083;2.90616
-9.30873;2.91522
-9.30596;2.92691
-9.30256;2.94098
-9.30041;2.94968
-9.29665;2.96468
-9.29421;2.97419
-9.29202;2.98265
-9.28799;2.99786
-9.28205;3.01971
-9.27782;3.03484
-9.27337;3.05043
-9.26899;3.06543
-9.26455;3.08031
-9.25995;3.09545
-9.25825;3.10096
-9.25355;3.11599
-9.24977;3.12788
-9.24589;3.13989
-9.24301;3.1487
-9.2341;3.1753
-9.22591;3.19904
-9.22277;3.20797
-9.21847;3.22002
-9.21539;3.22854
-9.20881;3.24649
-9.2057;3.25485
-9.20234;3.26377
-9.19794;3.27533
-9.189;3.29838
-9.18324;3.31291
-9.17421;3.33523
-9.17073;3.3437
-9.16589;3.35533
-9.15995;3.36944
-9.15617;3.3783
-9.15149;3.38915
-9.14521;3.40352
-9.14151;3.41189
-9.13634;3.42346
-9.13114;3.43497
-9.1223;3.45423
-9.11043;3.47952
-9.10533;3.49021
-9.10262;3.49584
-9.10015;3.50095
-9.08953;3.5226
-9.08572;3.53026
-9.07907;3.54349
-9.07491;3.5517
-9.07069;3.55995
-9.06507;3.57085
-9.05781;3.58476
-9.05218;3.59542
-9.04207;3.6143
-9.03488;3.62753
-9.03051;3.63551
-9.02466;3.64607
-9.01854;3.65703
-9.00619;3.67881
-9.00189;3.6863
-8.98754;3.71092
-8.98426;3.71647
-8.97776;3.72739
-8.96804;3.74352
-8.96334;3.75124
-8.95653;3.76233
-8.95009;3.77272
-8.94214;3.78543
-8.9304;3.80391
-8.9241;3.81372
-8.9127;3.83124
-8.90612;3.84124
-8.89936;3.85141
-8.89073;3.86428
-8.8841;3.87406
-8.87915;3.88131
-8.87037;3.89406
-8.86489;3.90195
-8.85957;3.90954
-8.85083;3.92192
-8.84728;3.92692
-8.84728;3.92692
-8.84728;3.92692
-8.84728;3.92692
-8.80809;3.98062
-8.80405;3.98601
-8.79335;4.00019
-8.77868;4.01932
-8.77312;4.0265
-8.76777;4.03335
-8.75324;4.05177
-8.74395;4.06339
-8.73609;4.07312
-8.72661;4.08475
-8.71876;4.09429
-8.7112;4.1034
-8.70501;4.1108
-8.6894;4.12926
-8.68359;4.13604
-8.67376;4.14743
-8.66797;4.15408
-8.65797;4.16548
-8.64821;4.1765
-8.64398;4.18123
-8.62793;4.19902
-8.61783;4.21007
-8.60322;4.22584
-8.59691;4.23258
-8.59279;4.23695
-8.57799;4.25253
-8.56734;4.26359
-8.56095;4.27017
-8.55483;4.27644
-8.54433;4.2871
-8.53814;4.29333
-8.52981;4.30165
-8.519;4.31235
-8.50256;4.3284
-8.49632;4.33443
-8.48783;4.34256
-8.47674;4.35308
-8.46812;4.36118
-8.46164;4.36722
-8.45266;4.37554
-8.44383;4.38363
-8.43012;4.39607
-8.41625;4.40848
-8.39695;4.42547
-8.39495;4.42721
-8.38999;4.43152
-8.38057;4.43964
-8.36137;4.45596
-8.34949;4.46591
-8.34249;4.47172
-8.32435;4.48659
-8.31503;4.49413
-8.29595;4.50936
-8.28643;4.51685
-8.27689;4.5243
-8.26961;4.52993
-8.25754;4.53918
-8.25034;4.54465
-8.24306;4.55015
-8.22118;4.56643
-8.21371;4.5719
-8.19623;4.58458
-8.19623;4.58458
-8.17879;4.59702
-8.17879;4.59702
-8.1535;4.61469
-8.14335;4.62167
-8.13023;4.63057
-8.11801;4.63878
-8.09497;4.65399
-8.08735;4.65895
-8.0721;4.66877
-8.06669;4.67221
-8.05663;4.67857
-8.04124;4.68819
-8.0359;4.69149
-8.01064;4.70689
-7.98953;4.71947
-7.98953;4.71947
-7.97651;4.72711
-7.97651;4.72711
-7.95287;4.74072
-7.95287;4.74072
-7.95287;4.74072
-7.95287;4.74072
-7.92043;4.7589
-7.89016;4.77534
-7.87941;4.78106
-7.87435;4.78373
-7.85516;4.79374
-7.85288;4.79491
-7.84496;4.79898
-7.84496;4.79898
-7.79732;4.82276
-7.78098;4.83064
-7.76998;4.83588
-7.76205;4.83962
-7.76205;4.83962
-7.76205;4.83962
-7.75421;4.84328
-7.71852;4.85958
-7.70183;4.867
-7.68559;4.87409
-7.67469;4.87877
-7.66609;4.88243
-7.66066;4.88473
-7.65208;4.88832
-7.6291;4.89778
-7.62343;4.90008
-7.59671;4.91072
-7.58532;4.91516
-7.55879;4.92527
-7.55238;4.92767
-7.53492;4.93412
-7.52877;4.93636
-7.52018;4.93947
-7.50565;4.94465
-7.49092;4.94981
-7.48213;4.95285
-7.46736;4.95789
-7.44647;4.96486
-7.43792;4.96767
-7.42315;4.97245
-7.40857;4.97708
-7.39663;4.98081
-7.38739;4.98366
-7.37854;4.98636
-7.35442;4.99356
-7.33899;4.99805
-7.31822;5.00396
-7.30335;5.00809
-7.29414;5.0106
-7.28823;5.0122
-7.2701;5.01701
-7.25876;5.01996
-7.2471;5.02295
-7.22893;5.0275
-7.21342;5.03129
-7.19142;5.03651
-7.17543;5.0402
-7.15984;5.0437
-7.15311;5.04519
-7.1338;5.04936
-7.13047;5.05007
-7.11556;5.05318
-7.10309;5.05572
-7.07518;5.06121
-7.06349;5.06343
-7.05114;5.06572
-7.03925;5.06787
-7.02677;5.07008
-7.01805;5.07159
-7.00284;5.07416
-6.99625;5.07524
-6.98126;5.07766
-6.95367;5.08191
-6.94806;5.08274
-6.92403;5.08617
-6.91199;5.08782
-6.9033;5.08898
-6.88534;5.09129
-6.87317;5.09279
-6.86148;5.09418
-6.84318;5.09627
-6.82839;5.09788
-6.80429;5.10033
-6.79177;5.10153
-6.77926;5.10267
-6.77012;5.10347
-6.76023;5.10431
-6.75064;5.10508
-6.74083;5.10585
-6.71767;5.10752
-6.70506;5.10836
-6.68877;5.10935
-6.67921;5.1099
-6.66327;5.11074
-6.65391;5.11119
-6.63532;5.112
-6.61633;5.11271
-6.60737;5.113
-6.59181;5.11345
-6.57974;5.11374
-6.57058;5.11392
-6.55564;5.11416
-6.54664;5.11427
-6.51952;5.11444
-6.51101;5.11444
-6.48783;5.11432
-6.47889;5.11423
-6.46419;5.11402
-6.45172;5.11378
-6.44293;5.11358
-6.4272;5.11316
-6.41851;5.11289
-6.40588;5.11245
-6.3815;5.11146
-6.36883;5.11087
-6.35327;5.11006
-6.33132;5.10879
-6.31891;5.108
-6.3063;5.10714
-6.297;5.10647
-6.297;5.10647
-6.26017;5.10354
-6.24464;5.10216
-6.2261;5.10042
-6.20705;5.0985
-6.19773;5.09751
-6.18203;5.09579
-6.17313;5.09478
-6.16373;5.09367
-6.15122;5.09216
-6.13831;5.09054
-6.12571;5.08891
-6.10325;5.08586
-6.08748;5.08362
-6.05965;5.07945
-6.05012;5.07796
-6.04111;5.07652
-6.02627;5.07409
-6.017;5.07253
-6.0022;5.06998
-5.98979;5.06779
-5.96809;5.06381
-5.94641;5.05968
-5.93086;5.05661
-5.91538;5.05347
-5.91225;5.05283
-5.89998;5.05027
-5.88466;5.04699
-5.86681;5.04307
-5.85809;5.04111
-5.85809;5.04111
-5.83641;5.03612
-5.82125;5.03253
-5.79631;5.02644
-5.78739;5.02421
-5.77809;5.02185
-5.76269;5.01787
-5.75367;5.0155
-5.73822;5.01137
-5.72603;5.00804
-5.72316;5.00726
-5.70437;5.00201
-5.70437;5.00201
-5.65974;4.989
-5.64152;4.98346
-5.63245;4.98066
-5.62114;4.97712
-5.60998;4.97357
-5.5983;4.96981
-5.58966;4.96699
-5.56732;4.95954
-5.5391;4.94984
-5.53369;4.94793
-5.51929;4.94281
-5.50858;4.93894
-5.50005;4.93582
-5.48916;4.93179
-5.47856;4.92782
-5.46716;4.92348
-5.44633;4.91541
-5.42767;4.90799
-5.41491;4.90283
-5.40668;4.89946
-5.39363;4.89404
-5.38801;4.89168
-5.37208;4.8849
-5.36436;4.88157
-5.35097;4.87572
-5.34089;4.87126
-5.32556;4.86437
-5.30293;4.85396
-5.29548;4.85048
-5.28555;4.84578
-5.27542;4.84094
-5.26528;4.83604
-5.24443;4.82578
-5.23141;4.81925
-5.21037;4.80849
-5.20759;4.80705
-5.18949;4.79756
-5.17634;4.79055
-5.17117;4.78777
-5.16342;4.78357
-5.15304;4.77788
-5.14026;4.77079
-5.12031;4.75953
-5.11497;4.75647
-5.10266;4.74936
-5.08297;4.73779
-5.07347;4.73212
-5.06615;4.72771
-5.05147;4.71877
-5.04414;4.71425
-5.03699;4.7098
-5.01505;4.69596
-4.99525;4.68319
-4.98497;4.67646
-4.97516;4.66996
-4.96761;4.66492
-4.95786;4.65835
-4.94794;4.65159
-4.9381;4.64482
-4.92362;4.63473
-4.90052;4.61831
-4.89323;4.61305
-4.88601;4.60779
-4.87163;4.59721
-4.86487;4.59218
-4.85267;4.58301
-4.84326;4.57586
-4.83604;4.57032
-4.82895;4.56484
-4.81471;4.55372
-4.81011;4.55009
-4.79384;4.53712
-4.78428;4.52938
-4.77277;4.51997
-4.77277;4.51997
-4.76115;4.51035
-4.73309;4.48662
-4.72656;4.481
-4.70802;4.46481
-4.70312;4.46048
-4.68992;4.44869
-4.6808;4.44045
-4.67407;4.43431
-4.66309;4.42421
-4.65871;4.42014
-4.65397;4.41572
-4.63032;4.3933
-4.62187;4.38515
-4.6028;4.36646
-4.60079;4.36446
-4.60079;4.36446
-4.58226;4.34587
-4.57412;4.33758
-4.56594;4.32918
-4.5596;4.32259
-4.54739;4.3098
-4.54128;4.30332
-4.52753;4.28859
-4.51154;4.27113
-4.50375;4.26251
-4.49438;4.25204
-4.49438;4.25204
-4.48843;4.24532
-4.48843;4.24532
-4.47189;4.22639
-4.45174;4.20279
-4.44441;4.19405
-4.44069;4.18959
-4.42945;4.17597
-4.41306;4.15575
-4.41306;4.15575
-4.40932;4.15109
-4.38793;4.12389
-4.37559;4.10785
-4.37559;4.10785
-4.36332;4.09162
-4.35483;4.08024
-4.34261;4.06359
-4.32518;4.03936
-4.31858;4.03001
-4.31155;4.01996
-4.30453;4.00981
-4.30134;4.00516
-4.29293;3.99281
-4.28438;3.98008
-4.27766;3.96996
-4.27282;3.96259
-4.26427;3.94946
-4.26427;3.94946
-4.25304;3.93192
-4.24341;3.91661
-4.2401;3.91129
-4.22915;3.89348
-4.22117;3.88029
-4.20884;3.85953
-4.20884;3.85953
-4.20569;3.85415
-4.18623;3.82023
-4.18338;3.81515
-4.17473;3.79958
-4.17473;3.79958
-4.16447;3.78075
-4.15665;3.76614
-4.15264;3.75856
-4.14715;3.74808
-4.13815;3.73062
-4.12769;3.7099
-4.12104;3.69647
-4.11722;3.68867
-4.11062;3.67502
-4.10517;3.66361
-4.1013;3.65541
-4.09484;3.64154
-4.09088;3.63294
-4.08702;3.62446
-4.07573;3.59921
-4.06706;3.5793
-4.06706;3.5793
-4.05751;3.55685
-4.05155;3.54253
-4.0468;3.53094
-4.0444;3.52501
-4.03878;3.51102
-4.03651;3.50528
-4.02665;3.47994
-4.02229;3.46847
-4.01292;3.44328
-4.00981;3.43475
-4.00781;3.42923
-4.00256;3.4145
-3.99801;3.40152
-3.99324;3.38769
-3.99041;3.37936
-3.98647;3.36762
-3.9791;3.34516
-3.97182;3.32228
-3.96839;3.31125
-3.96755;3.30854
-3.9647;3.29923
-3.9647;3.29923
-3.95882;3.27961
-3.95293;3.25944
-3.94873;3.24467
-3.94553;3.23321
-3.93838;3.20691
-3.93601;3.19794
-3.93306;3.18662
-3.93169;3.1813
-3.92807;3.16701
-3.92455;3.15284
-3.92245;3.14421
-3.91624;3.11799
-3.91413;3.10883
-3.90952;3.08827
-3.9063;3.07347
-3.9037;3.06124
-3.9019;3.05262
-3.89887;3.03781
-3.89713;3.02906
-3.89418;3.01395
-3.89197;3.00238
-3.88762;2.9787
-3.88544;2.96641
-3.88393;2.95768
-3.88136;2.94248
-3.87991;2.93367
-3.87847;2.92479
-3.87609;2.9096
-3.87286;2.88814
-3.87111;2.87599
-3.86741;2.84903
-3.86583;2.83687
-3.86464;2.82748
-3.86279;2.81224
-3.86141;2.80048
-3.86038;2.79139
-3.85935;2.78207
-3.85774;2.76682
-3.85684;2.75788
-3.8545;2.73339
-3.8545;2.73339
-3.85111;2.69298
-3.8504;2.68365
-3.8497;2.67385
-3.84869;2.65878
-3.8483;2.65268
-3.84732;2.63627
-3.84649;2.62103
-3.84604;2.61194
-3.84544;2.59892
-3.84483;2.58418
-3.84401;2.56026
-3.8434;2.53663
-3.84321;2.5273
-3.84296;2.51151
-3.84283;2.49941
-3.84276;2.49006
-3.84271;2.47442
-3.84274;2.46183
-3.8428;2.45182
-3.8431;2.42705
-3.84347;2.40859
-3.84369;2.3995
-3.84423;2.38111
-3.84455;2.37185
-3.84515;2.35618
-3.84612;2.33475
-3.84785;2.30294
-3.84804;2.29979
-3.84922;2.2815
-3.85034;2.26553
-3.85034;2.26553
-3.85205;2.24341
-3.85286;2.23371
-3.85395;2.22109
-3.85658;2.19313
-3.85752;2.18387
-3.85884;2.17118
-3.8599;2.16144
-3.86167;2.14583
-3.86278;2.13639
-3.86469;2.12079
-3.8679;2.09601
-3.86964;2.0832
-3.87276;2.06138
-3.87516;2.04532
-3.8761;2.03918
-3.87906;2.02048
-3.88053;2.01143
-3.88262;1.99895
-3.88318;1.99566
-3.88476;1.98649
-3.88756;1.97068
-3.89082;1.95287
-3.89538;1.92897
-3.89718;1.91985
-3.90023;1.90472
-3.90345;1.88918
-3.90539;1.88006
-3.90803;1.86784
-3.91076;1.85547
-3.91637;1.83083
-3.91914;1.819
-3.92565;1.79212
-3.92794;1.78293
-3.93027;1.77368
-3.93328;1.76195
-3.93727;1.74672
-3.9396;1.73799
-3.94688;1.71139
-3.94938;1.70245
-3.9561;1.67904
-3.95944;1.66766
-3.96202;1.65901
-3.96461;1.65041
-3.96986;1.63331
-3.97249;1.62485
-3.97964;1.60239
-3.98416;1.58852
-3.99054;1.56935
-3.99536;1.55515
-3.99812;1.54714
-4.00109;1.53862
-4.00591;1.52494
-4.00894;1.51648
-4.01322;1.50465
-4.01628;1.49627
-4.02147;1.4823
-4.03037;1.45884
-4.03598;1.44437
-4.04493;1.42176
-4.04837;1.41321
-4.05306;1.40169
-4.05782;1.39016
-4.06125;1.38194
-4.06693;1.36848
-4.07398;1.35205
-4.08515;1.32658
-4.09162;1.31214
-4.09559;1.3034
-4.09943;1.295
-4.10489;1.28318
-4.11026;1.27171
-4.11725;1.25699
-4.1239;1.24318
-4.12795;1.23484
-4.13351;1.22354
-4.13886;1.21279
-4.14986;1.19104
-4.15947;1.17242
-4.16606;1.15986
-4.17136;1.14987
-4.17523;1.14265
-4.17905;1.13558
-4.18567;1.12345
-4.19511;1.10645
-4.2004;1.09706
-4.2004;1.09706
-4.21078;1.07893
-4.21078;1.07893
-4.21078;1.07893
-4.2343;1.03919
-4.23555;1.03712
-4.24135;1.02761
-4.24604;1.02001
-4.25483;1.0059
-4.26917;0.983364
-4.27748;0.970549
-4.28217;0.963393
-4.28217;0.963393
-4.28217;0.963393
-4.28566;0.958103
-4.31332;0.917135
-4.31676;0.912146
-4.33688;0.883508
-4.34225;0.875997
-4.34601;0.870764
-4.3565;0.856315
-4.36708;0.841955
-4.36876;0.83968
-4.378;0.827326
-4.38355;0.819969
-4.39983;0.798675
-4.40739;0.788928
-4.42226;0.770015
-4.42987;0.76046
-4.43728;0.751241
-4.44477;0.741994
-4.45033;0.735191
-4.45946;0.724113
-4.47011;0.711332
-4.48041;0.699137
-4.49237;0.685174
-4.49767;0.679064
-4.50675;0.668663
-4.51373;0.660764
-4.52088;0.652737
-4.52628;0.646711
-4.5435;0.627793
-4.55082;0.619872
-4.56205;0.607865
-4.57132;0.598079
-4.57861;0.590474
-4.58612;0.582708
-4.59144;0.577263
-4.60021;0.568367
-4.60882;0.559736
-4.62382;0.544797
-4.63846;0.530231
-4.64477;0.523965
-4.64875;0.520002
-4.64875;0.520002
-4.67199;0.496943
-4.68113;0.487892
-4.68722;0.481855
-4.70325;0.466009
-4.71695;0.452487
-4.73812;0.431646
-4.74511;0.42478
-4.75211;0.417911
-4.76388;0.406395
-4.78068;0.390003
-4.78773;0.383138
-4.80422;0.367131
-4.81873;0.353093
-4.83085;0.341389
-4.84093;0.33169
-4.85065;0.32234
-4.85583;0.31737
-4.85817;0.315132
-4.87123;0.302629
-4.88096;0.293335
-4.89118;0.28359
-4.89118;0.28359
-4.90134;0.273928
-4.91293;0.262915
-4.91519;0.260775
-4.92105;0.255214
-4.92419;0.252239
-4.9281;0.248534
-4.93246;0.244397
-4.93562;0.241405
-4.93978;0.237467
-4.94386;0.233608
-4.94593;0.231647
-4.9473;0.230354
-4.94658;0.231036
-4.94554;0.232018
-4.94497;0.232563
-4.94294;0.234476
-4.93724;0.239873
-4.93323;0.243673
-4.93102;0.245772
-4.92615;0.250387
-4.91227;0.263583
-4.90831;0.267352
-4.90415;0.271318
-4.90057;0.274732
-4.89634;0.278774
-4.89255;0.282402
-4.88916;0.285642
-4.88615;0.288523
-4.88414;0.290446
-4.87946;0.294924
-4.87745;0.296845
-4.87649;0.297764
-4.87554;0.298682
-4.87461;0.299568
-4.87424;0.299921
-4.87405;0.300102
-4.87403;0.300129
-4.87403;0.300122
-4.87408;0.300078
-4.87462;0.299559
-4.87493;0.29926
-4.87493;0.29926
-4.87499;0.299207
-4.87499;0.299207
-4.87499;0.299207
-4.87526;0.298952
-4.87526;0.298952
-4.87526;0.298952
-4.87526;0.298952
-4.87526;0.298952
-4.87526;0.298952
-4.87526;0.298952
-4.87526;0.298952
-4.87526;0.298952
-4.87526;0.298952
-4.87526;0.298952
-4.87526;0.298952
-4.87526;0.298952
-4.87526;0.298952
-4.87526;0.298952
-4.87526;0.298952
-4.87526;0.298952
-4.87526;0.298952
-4.87526;0.298952
-4.87526;0.298952
-4.87526;0.298952
-4.87526;0.298952
-4.87526;0.298952
-4.87526;0.298952
-4.87526;0.298952
-4.87526;0.298952
-4.87526;0.298952
-4.87526;0.298952
-4.87526;0.298952
-4.87526;0.298952
-4.87526;0.298952